Reading in the file
Reading in network 0 from file:  /work/toltec/commissioning2025-test/2025-ENG-oof-090426/jgolec/2015+371/reduced_TODs/redu00/157223/raw/toltec_commissioning_pointing_157223_rtc_timestream.nc
ndet = 255  nsamp = 7324
Sample rate =  122.0703125
Finished reading in the file
/work/toltec/toltec_shared/toltec_astro/venvs/toltec_20241023/lib/python3.12/site-packages/numpy/core/fromnumeric.py:771: UserWarning: Warning: 'partition' will ignore the 'mask' of the MaskedArray.
  a.partition(kth, axis=axis, kind=kind, order=order)
##########################################
Gain Cut Fraction =  0.11764705882352941
Offset Cut Fraction =  0.18823529411764706
RMS Cut Fraction =  0.2
Fraction of Detectors cut by CM cuts =  0.2901960784313726
##########################################
Running Spike Finder
Number of TODs with spike counts greater than 10.0 times the median =  52
Fraction of TODs =  0.20392156862745098
Spike Finder finished
Running Despiker
Time to despike =  0.07468080520629883
Fraction of Detectors cut in despiking =  0.07058823529411765
Fraction of Detectors with an incidence >10.0 seconds =  0.054901960784313725
Running jump detector
starting jump iter 1 of 1
have filtered data, now searching for jumps
Median number of jumps =  0.0
Fraction of Detectors Cut From Jumps =  0.03529411764705882
Computing PSDs
Fitting PSDs
Fraction of Detectors cut in PSD analysis=  0.058823529411764705
58.75 Hz: 1065 occurrences
9.62 Hz: 50 occurrences
34.18 Hz: 49 occurrences
19.45 Hz: 29 occurrences
29.68 Hz: 25 occurrences
Total Fraction of Detectors cut =  0.4
Replacing Data for 255 Detectors
Reading in the file
Reading in network 1 from file:  /work/toltec/commissioning2025-test/2025-ENG-oof-090426/jgolec/2015+371/reduced_TODs/redu00/157223/raw/toltec_commissioning_pointing_157223_rtc_timestream.nc
ndet = 303  nsamp = 7324
Sample rate =  122.0703125
Finished reading in the file
##########################################
Gain Cut Fraction =  0.1419141914191419
Offset Cut Fraction =  0.20132013201320131
RMS Cut Fraction =  0.22442244224422442
Fraction of Detectors cut by CM cuts =  0.3333333333333333
##########################################
Running Spike Finder
Number of TODs with spike counts greater than 10.0 times the median =  80
Fraction of TODs =  0.264026402640264
Spike Finder finished
Running Despiker
Time to despike =  0.06271195411682129
Fraction of Detectors cut in despiking =  0.006600660066006601
Fraction of Detectors with an incidence >10.0 seconds =  0.0
Running jump detector
starting jump iter 1 of 1
have filtered data, now searching for jumps
Median number of jumps =  0.0
Fraction of Detectors Cut From Jumps =  0.0
Computing PSDs
Fitting PSDs
Fraction of Detectors cut in PSD analysis=  0.033003300330033
48.92 Hz: 945 occurrences
44.01 Hz: 230 occurrences
9.62 Hz: 106 occurrences
19.45 Hz: 55 occurrences
10.85 Hz: 7 occurrences
Total Fraction of Detectors cut =  0.5610561056105611
Replacing Data for 303 Detectors
Reading in the file
Reading in network 2 from file:  /work/toltec/commissioning2025-test/2025-ENG-oof-090426/jgolec/2015+371/reduced_TODs/redu00/157223/raw/toltec_commissioning_pointing_157223_rtc_timestream.nc
ndet = 332  nsamp = 7324
Sample rate =  122.0703125
Finished reading in the file
##########################################
Gain Cut Fraction =  0.13855421686746988
Offset Cut Fraction =  0.22590361445783133
RMS Cut Fraction =  0.22590361445783133
Fraction of Detectors cut by CM cuts =  0.3373493975903614
##########################################
Running Spike Finder
Number of TODs with spike counts greater than 10.0 times the median =  30
Fraction of TODs =  0.09036144578313253
Spike Finder finished
Running Despiker
Time to despike =  0.029626846313476562
Fraction of Detectors cut in despiking =  0.0
Fraction of Detectors with an incidence >10.0 seconds =  0.0
Running jump detector
starting jump iter 1 of 1
have filtered data, now searching for jumps
Median number of jumps =  0.0
Fraction of Detectors Cut From Jumps =  0.0
Computing PSDs
Fitting PSDs
Fraction of Detectors cut in PSD analysis=  0.08132530120481928
48.92 Hz: 323 occurrences
58.75 Hz: 105 occurrences
29.27 Hz: 62 occurrences
10.85 Hz: 28 occurrences
24.36 Hz: 5 occurrences
Total Fraction of Detectors cut =  0.4186746987951807
Replacing Data for 332 Detectors
Reading in the file
Reading in network 3 from file:  /work/toltec/commissioning2025-test/2025-ENG-oof-090426/jgolec/2015+371/reduced_TODs/redu00/157223/raw/toltec_commissioning_pointing_157223_rtc_timestream.nc
ndet = 333  nsamp = 7324
Sample rate =  122.0703125
Finished reading in the file
##########################################
Gain Cut Fraction =  0.15315315315315314
Offset Cut Fraction =  0.17117117117117117
RMS Cut Fraction =  0.19519519519519518
Fraction of Detectors cut by CM cuts =  0.3213213213213213
##########################################
Running Spike Finder
Number of TODs with spike counts greater than 10.0 times the median =  105
Fraction of TODs =  0.3153153153153153
Spike Finder finished
Running Despiker
Time to despike =  0.08083319664001465
Fraction of Detectors cut in despiking =  0.006006006006006006
Fraction of Detectors with an incidence >10.0 seconds =  0.0
Running jump detector
starting jump iter 1 of 1
have filtered data, now searching for jumps
Median number of jumps =  0.0
Fraction of Detectors Cut From Jumps =  0.0
Computing PSDs
Fitting PSDs
Fraction of Detectors cut in PSD analysis=  0.042042042042042045
58.75 Hz: 549 occurrences
48.92 Hz: 321 occurrences
29.27 Hz: 278 occurrences
10.85 Hz: 174 occurrences
57.52 Hz: 41 occurrences
Total Fraction of Detectors cut =  0.5615615615615616
Replacing Data for 333 Detectors
Reading in the file
Reading in network 4 from file:  /work/toltec/commissioning2025-test/2025-ENG-oof-090426/jgolec/2015+371/reduced_TODs/redu00/157223/raw/toltec_commissioning_pointing_157223_rtc_timestream.nc
ndet = 347  nsamp = 7324
Sample rate =  122.0703125
Finished reading in the file
##########################################
Gain Cut Fraction =  0.07204610951008646
Offset Cut Fraction =  0.1642651296829971
RMS Cut Fraction =  0.19596541786743515
Fraction of Detectors cut by CM cuts =  0.2564841498559078
##########################################
Running Spike Finder
Number of TODs with spike counts greater than 10.0 times the median =  157
Fraction of TODs =  0.45244956772334294
Spike Finder finished
Running Despiker
Time to despike =  0.11974239349365234
Fraction of Detectors cut in despiking =  0.011527377521613832
Fraction of Detectors with an incidence >10.0 seconds =  0.002881844380403458
Running jump detector
starting jump iter 1 of 1
have filtered data, now searching for jumps
Median number of jumps =  0.0
Fraction of Detectors Cut From Jumps =  0.005763688760806916
Computing PSDs
Fitting PSDs
Fraction of Detectors cut in PSD analysis=  0.0345821325648415
29.27 Hz: 631 occurrences
58.75 Hz: 528 occurrences
10.85 Hz: 232 occurrences
48.92 Hz: 154 occurrences
57.52 Hz: 103 occurrences
Total Fraction of Detectors cut =  0.6426512968299711
Replacing Data for 347 Detectors
Reading in the file
Reading in network 5 from file:  /work/toltec/commissioning2025-test/2025-ENG-oof-090426/jgolec/2015+371/reduced_TODs/redu00/157223/raw/toltec_commissioning_pointing_157223_rtc_timestream.nc
ndet = 294  nsamp = 7324
Sample rate =  122.0703125
Finished reading in the file
##########################################
Gain Cut Fraction =  0.10204081632653061
Offset Cut Fraction =  0.19727891156462585
RMS Cut Fraction =  0.24489795918367346
Fraction of Detectors cut by CM cuts =  0.30272108843537415
##########################################
Running Spike Finder
Number of TODs with spike counts greater than 10.0 times the median =  104
Fraction of TODs =  0.35374149659863946
Spike Finder finished
Running Despiker
Time to despike =  0.08784294128417969
Fraction of Detectors cut in despiking =  0.013605442176870748
Fraction of Detectors with an incidence >10.0 seconds =  0.0
Running jump detector
starting jump iter 1 of 1
have filtered data, now searching for jumps
Median number of jumps =  0.0
Fraction of Detectors Cut From Jumps =  0.0
Computing PSDs
Fitting PSDs
Fraction of Detectors cut in PSD analysis=  0.05782312925170068
29.27 Hz: 889 occurrences
58.75 Hz: 160 occurrences
10.85 Hz: 149 occurrences
44.01 Hz: 113 occurrences
34.18 Hz: 92 occurrences
Total Fraction of Detectors cut =  0.608843537414966
Replacing Data for 294 Detectors
Reading in the file
Reading in network 6 from file:  /work/toltec/commissioning2025-test/2025-ENG-oof-090426/jgolec/2015+371/reduced_TODs/redu00/157223/raw/toltec_commissioning_pointing_157223_rtc_timestream.nc
ndet = 0  nsamp = 1
Sample rate =  122.0703125
Finished reading in the file
Reading in the file
Reading in network 7 from file:  /work/toltec/commissioning2025-test/2025-ENG-oof-090426/jgolec/2015+371/reduced_TODs/redu00/157223/raw/toltec_commissioning_pointing_157223_rtc_timestream.nc
ndet = 112  nsamp = 7324
Sample rate =  122.0703125
Finished reading in the file
##########################################
Gain Cut Fraction =  0.044642857142857144
Offset Cut Fraction =  0.10714285714285714
RMS Cut Fraction =  0.16964285714285715
Fraction of Detectors cut by CM cuts =  0.20535714285714285
##########################################
Running Spike Finder
Number of TODs with spike counts greater than 10.0 times the median =  0
Fraction of TODs =  0.0
Spike Finder finished
Running Despiker
Time to despike =  0.046500205993652344
Fraction of Detectors cut in despiking =  0.0
Fraction of Detectors with an incidence >10.0 seconds =  0.0
Running jump detector
starting jump iter 1 of 1
have filtered data, now searching for jumps
Median number of jumps =  0.0
Fraction of Detectors Cut From Jumps =  0.03571428571428571
Computing PSDs
Fitting PSDs
Fraction of Detectors cut in PSD analysis=  0.05357142857142857
47.69 Hz: 221 occurrences
10.85 Hz: 148 occurrences
57.52 Hz: 2 occurrences
14.94 Hz: 1 occurrences
Total Fraction of Detectors cut =  0.26785714285714285
Replacing Data for 112 Detectors
Reading in the file
Reading in network 8 from file:  /work/toltec/commissioning2025-test/2025-ENG-oof-090426/jgolec/2015+371/reduced_TODs/redu00/157223/raw/toltec_commissioning_pointing_157223_rtc_timestream.nc
ndet = 228  nsamp = 7324
Sample rate =  122.0703125
Finished reading in the file
##########################################
Gain Cut Fraction =  0.31140350877192985
Offset Cut Fraction =  0.2412280701754386
RMS Cut Fraction =  0.3026315789473684
Fraction of Detectors cut by CM cuts =  0.45614035087719296
##########################################
Running Spike Finder
Number of TODs with spike counts greater than 10.0 times the median =  5
Fraction of TODs =  0.021929824561403508
Spike Finder finished
Running Despiker
Time to despike =  0.01633620262145996
Fraction of Detectors cut in despiking =  0.008771929824561403
Fraction of Detectors with an incidence >10.0 seconds =  0.008771929824561403
Running jump detector
starting jump iter 1 of 1
have filtered data, now searching for jumps
Median number of jumps =  0.0
Fraction of Detectors Cut From Jumps =  0.0
Computing PSDs
Fitting PSDs
Fraction of Detectors cut in PSD analysis=  0.06140350877192982
52.61 Hz: 538 occurrences
16.58 Hz: 103 occurrences
42.78 Hz: 99 occurrences
36.23 Hz: 74 occurrences
19.45 Hz: 53 occurrences
Total Fraction of Detectors cut =  0.5043859649122807
Replacing Data for 228 Detectors
Reading in the file
Reading in network 9 from file:  /work/toltec/commissioning2025-test/2025-ENG-oof-090426/jgolec/2015+371/reduced_TODs/redu00/157223/raw/toltec_commissioning_pointing_157223_rtc_timestream.nc
ndet = 120  nsamp = 7324
Sample rate =  122.0703125
Finished reading in the file
##########################################
Gain Cut Fraction =  0.08333333333333333
Offset Cut Fraction =  0.175
RMS Cut Fraction =  0.19166666666666668
Fraction of Detectors cut by CM cuts =  0.26666666666666666
##########################################
Running Spike Finder
Number of TODs with spike counts greater than 10.0 times the median =  52
Fraction of TODs =  0.43333333333333335
Spike Finder finished
Running Despiker
Time to despike =  0.03979611396789551
Fraction of Detectors cut in despiking =  0.0
Fraction of Detectors with an incidence >10.0 seconds =  0.0
Running jump detector
starting jump iter 1 of 1
have filtered data, now searching for jumps
Median number of jumps =  0.0
Fraction of Detectors Cut From Jumps =  0.03333333333333333
Computing PSDs
Fitting PSDs
Fraction of Detectors cut in PSD analysis=  0.058333333333333334
47.69 Hz: 1075 occurrences
10.85 Hz: 98 occurrences
52.61 Hz: 71 occurrences
26.41 Hz: 18 occurrences
16.58 Hz: 3 occurrences
Total Fraction of Detectors cut =  0.6416666666666667
Replacing Data for 120 Detectors
Reading in the file
Reading in network 11 from file:  /work/toltec/commissioning2025-test/2025-ENG-oof-090426/jgolec/2015+371/reduced_TODs/redu00/157223/raw/toltec_commissioning_pointing_157223_rtc_timestream.nc
ndet = 309  nsamp = 7324
Sample rate =  122.0703125
Finished reading in the file
##########################################
Gain Cut Fraction =  0.08090614886731391
Offset Cut Fraction =  0.24919093851132687
RMS Cut Fraction =  0.255663430420712
Fraction of Detectors cut by CM cuts =  0.2912621359223301
##########################################
Running Spike Finder
Number of TODs with spike counts greater than 10.0 times the median =  122
Fraction of TODs =  0.3948220064724919
Spike Finder finished
Running Despiker
Time to despike =  0.235107421875
Fraction of Detectors cut in despiking =  0.1779935275080906
Fraction of Detectors with an incidence >10.0 seconds =  0.07119741100323625
Running jump detector
starting jump iter 1 of 1
have filtered data, now searching for jumps
Median number of jumps =  0.0
Fraction of Detectors Cut From Jumps =  0.022653721682847898
Computing PSDs
Fitting PSDs
Fraction of Detectors cut in PSD analysis=  0.07766990291262135
39.10 Hz: 24 occurrences
10.85 Hz: 22 occurrences
53.84 Hz: 10 occurrences
Total Fraction of Detectors cut =  0.511326860841424
Replacing Data for 309 Detectors
Reading in the file
Reading in network 12 from file:  /work/toltec/commissioning2025-test/2025-ENG-oof-090426/jgolec/2015+371/reduced_TODs/redu00/157223/raw/toltec_commissioning_pointing_157223_rtc_timestream.nc
ndet = 220  nsamp = 7324
Sample rate =  122.0703125
Finished reading in the file
##########################################
Gain Cut Fraction =  0.10454545454545454
Offset Cut Fraction =  0.24545454545454545
RMS Cut Fraction =  0.2318181818181818
Fraction of Detectors cut by CM cuts =  0.31363636363636366
##########################################
Running Spike Finder
Number of TODs with spike counts greater than 10.0 times the median =  41
Fraction of TODs =  0.18636363636363637
Spike Finder finished
Running Despiker
Time to despike =  0.0548853874206543
Fraction of Detectors cut in despiking =  0.05909090909090909
Fraction of Detectors with an incidence >10.0 seconds =  0.013636363636363636
Running jump detector
starting jump iter 1 of 1
have filtered data, now searching for jumps
/work/toltec/JoeyGolec/TolTOD/detection_functions.py:169: RuntimeWarning: invalid value encountered in scalar divide
  if np.abs(val2 / val) > rat:
Median number of jumps =  0.0
Fraction of Detectors Cut From Jumps =  0.02727272727272727
Computing PSDs
Fitting PSDs
Fraction of Detectors cut in PSD analysis=  0.09090909090909091
57.52 Hz: 31 occurrences
23.13 Hz: 11 occurrences
10.85 Hz: 7 occurrences
24.36 Hz: 4 occurrences
28.45 Hz: 3 occurrences
Total Fraction of Detectors cut =  0.41363636363636364
Replacing Data for 220 Detectors
Reading in the file
Reading in network 0 from file:  /work/toltec/commissioning2025-test/2025-ENG-oof-090426/jgolec/2015+371/reduced_TODs/redu00/157224/raw/toltec_commissioning_pointing_157224_rtc_timestream.nc
ndet = 255  nsamp = 7324
Sample rate =  122.0703125
Finished reading in the file
##########################################
Gain Cut Fraction =  0.12549019607843137
Offset Cut Fraction =  0.1843137254901961
RMS Cut Fraction =  0.20392156862745098
Fraction of Detectors cut by CM cuts =  0.2980392156862745
##########################################
Running Spike Finder
Number of TODs with spike counts greater than 10.0 times the median =  73
Fraction of TODs =  0.28627450980392155
Spike Finder finished
Running Despiker
Time to despike =  0.08943510055541992
Fraction of Detectors cut in despiking =  0.050980392156862744
Fraction of Detectors with an incidence >10.0 seconds =  0.0
Running jump detector
starting jump iter 1 of 1
have filtered data, now searching for jumps
Median number of jumps =  0.0
Fraction of Detectors Cut From Jumps =  0.01568627450980392
Computing PSDs
Fitting PSDs
Fraction of Detectors cut in PSD analysis=  0.058823529411764705
58.75 Hz: 967 occurrences
9.62 Hz: 57 occurrences
34.18 Hz: 56 occurrences
19.45 Hz: 37 occurrences
30.91 Hz: 24 occurrences
Total Fraction of Detectors cut =  0.47843137254901963
Replacing Data for 255 Detectors
Reading in the file
Reading in network 1 from file:  /work/toltec/commissioning2025-test/2025-ENG-oof-090426/jgolec/2015+371/reduced_TODs/redu00/157224/raw/toltec_commissioning_pointing_157224_rtc_timestream.nc
ndet = 303  nsamp = 7324
Sample rate =  122.0703125
Finished reading in the file
##########################################
Gain Cut Fraction =  0.1419141914191419
Offset Cut Fraction =  0.18811881188118812
RMS Cut Fraction =  0.23102310231023102
Fraction of Detectors cut by CM cuts =  0.3432343234323432
##########################################
Running Spike Finder
Number of TODs with spike counts greater than 10.0 times the median =  130
Fraction of TODs =  0.429042904290429
Spike Finder finished
Running Despiker
Time to despike =  0.09506845474243164
Fraction of Detectors cut in despiking =  0.0
Fraction of Detectors with an incidence >10.0 seconds =  0.0
Running jump detector
starting jump iter 1 of 1
have filtered data, now searching for jumps
Median number of jumps =  0.0
Fraction of Detectors Cut From Jumps =  0.0033003300330033004
Computing PSDs
Fitting PSDs
Fraction of Detectors cut in PSD analysis=  0.056105610561056105
48.92 Hz: 865 occurrences
44.01 Hz: 228 occurrences
9.62 Hz: 159 occurrences
19.45 Hz: 68 occurrences
11.26 Hz: 44 occurrences
Total Fraction of Detectors cut =  0.66996699669967
Replacing Data for 303 Detectors
Reading in the file
Reading in network 2 from file:  /work/toltec/commissioning2025-test/2025-ENG-oof-090426/jgolec/2015+371/reduced_TODs/redu00/157224/raw/toltec_commissioning_pointing_157224_rtc_timestream.nc
ndet = 332  nsamp = 7324
Sample rate =  122.0703125
Finished reading in the file
##########################################
Gain Cut Fraction =  0.12951807228915663
Offset Cut Fraction =  0.20783132530120482
RMS Cut Fraction =  0.20783132530120482
Fraction of Detectors cut by CM cuts =  0.3072289156626506
##########################################
Running Spike Finder
Number of TODs with spike counts greater than 10.0 times the median =  68
Fraction of TODs =  0.20481927710843373
Spike Finder finished
Running Despiker
Time to despike =  0.053084373474121094
Fraction of Detectors cut in despiking =  0.0
Fraction of Detectors with an incidence >10.0 seconds =  0.0
Running jump detector
starting jump iter 1 of 1
have filtered data, now searching for jumps
Median number of jumps =  0.0
Fraction of Detectors Cut From Jumps =  0.0
Computing PSDs
Fitting PSDs
Fraction of Detectors cut in PSD analysis=  0.08734939759036145
48.92 Hz: 310 occurrences
58.75 Hz: 99 occurrences
29.27 Hz: 58 occurrences
11.26 Hz: 53 occurrences
57.52 Hz: 4 occurrences
Total Fraction of Detectors cut =  0.49096385542168675
Replacing Data for 332 Detectors
Reading in the file
Reading in network 3 from file:  /work/toltec/commissioning2025-test/2025-ENG-oof-090426/jgolec/2015+371/reduced_TODs/redu00/157224/raw/toltec_commissioning_pointing_157224_rtc_timestream.nc
ndet = 333  nsamp = 7324
Sample rate =  122.0703125
Finished reading in the file
##########################################
Gain Cut Fraction =  0.16516516516516516
Offset Cut Fraction =  0.16516516516516516
RMS Cut Fraction =  0.18618618618618618
Fraction of Detectors cut by CM cuts =  0.3153153153153153
##########################################
Running Spike Finder
Number of TODs with spike counts greater than 10.0 times the median =  1
Fraction of TODs =  0.003003003003003003
Spike Finder finished
Running Despiker
Time to despike =  0.13389849662780762
Fraction of Detectors cut in despiking =  0.003003003003003003
Fraction of Detectors with an incidence >10.0 seconds =  0.0
Running jump detector
starting jump iter 1 of 1
have filtered data, now searching for jumps
Median number of jumps =  0.0
Fraction of Detectors Cut From Jumps =  0.0
Computing PSDs
Fitting PSDs
Fraction of Detectors cut in PSD analysis=  0.06006006006006006
58.75 Hz: 518 occurrences
11.26 Hz: 354 occurrences
48.92 Hz: 296 occurrences
29.27 Hz: 265 occurrences
57.52 Hz: 47 occurrences
Total Fraction of Detectors cut =  0.34534534534534533
Replacing Data for 333 Detectors
Reading in the file
Reading in network 4 from file:  /work/toltec/commissioning2025-test/2025-ENG-oof-090426/jgolec/2015+371/reduced_TODs/redu00/157224/raw/toltec_commissioning_pointing_157224_rtc_timestream.nc
ndet = 347  nsamp = 7324
Sample rate =  122.0703125
Finished reading in the file
##########################################
Gain Cut Fraction =  0.07492795389048991
Offset Cut Fraction =  0.1239193083573487
RMS Cut Fraction =  0.16138328530259366
Fraction of Detectors cut by CM cuts =  0.22478386167146974
##########################################
Running Spike Finder
Number of TODs with spike counts greater than 10.0 times the median =  4
Fraction of TODs =  0.011527377521613832
Spike Finder finished
Running Despiker
Time to despike =  0.1553645133972168
Fraction of Detectors cut in despiking =  0.01440922190201729
Fraction of Detectors with an incidence >10.0 seconds =  0.002881844380403458
Running jump detector
starting jump iter 1 of 1
have filtered data, now searching for jumps
Median number of jumps =  0.0
Fraction of Detectors Cut From Jumps =  0.005763688760806916
Computing PSDs
Fitting PSDs
Fraction of Detectors cut in PSD analysis=  0.07492795389048991
29.27 Hz: 614 occurrences
11.26 Hz: 562 occurrences
58.75 Hz: 481 occurrences
48.92 Hz: 153 occurrences
57.52 Hz: 112 occurrences
Total Fraction of Detectors cut =  0.2824207492795389
Replacing Data for 347 Detectors
Reading in the file
Reading in network 5 from file:  /work/toltec/commissioning2025-test/2025-ENG-oof-090426/jgolec/2015+371/reduced_TODs/redu00/157224/raw/toltec_commissioning_pointing_157224_rtc_timestream.nc
ndet = 294  nsamp = 7324
Sample rate =  122.0703125
Finished reading in the file
##########################################
Gain Cut Fraction =  0.12244897959183673
Offset Cut Fraction =  0.19047619047619047
RMS Cut Fraction =  0.21428571428571427
Fraction of Detectors cut by CM cuts =  0.2857142857142857
##########################################
Running Spike Finder
Number of TODs with spike counts greater than 10.0 times the median =  5
Fraction of TODs =  0.017006802721088437
Spike Finder finished
Running Despiker
Time to despike =  0.12195563316345215
Fraction of Detectors cut in despiking =  0.003401360544217687
Fraction of Detectors with an incidence >10.0 seconds =  0.0
Running jump detector
starting jump iter 1 of 1
have filtered data, now searching for jumps
Median number of jumps =  0.0
Fraction of Detectors Cut From Jumps =  0.003401360544217687
Computing PSDs
Fitting PSDs
Fraction of Detectors cut in PSD analysis=  0.05442176870748299
29.27 Hz: 897 occurrences
11.26 Hz: 301 occurrences
58.75 Hz: 130 occurrences
44.01 Hz: 111 occurrences
34.18 Hz: 91 occurrences
Total Fraction of Detectors cut =  0.3129251700680272
Replacing Data for 294 Detectors
Reading in the file
Reading in network 6 from file:  /work/toltec/commissioning2025-test/2025-ENG-oof-090426/jgolec/2015+371/reduced_TODs/redu00/157224/raw/toltec_commissioning_pointing_157224_rtc_timestream.nc
ndet = 0  nsamp = 1
Sample rate =  122.0703125
Finished reading in the file
Reading in the file
Reading in network 7 from file:  /work/toltec/commissioning2025-test/2025-ENG-oof-090426/jgolec/2015+371/reduced_TODs/redu00/157224/raw/toltec_commissioning_pointing_157224_rtc_timestream.nc
ndet = 112  nsamp = 7324
Sample rate =  122.0703125
Finished reading in the file
##########################################
Gain Cut Fraction =  0.044642857142857144
Offset Cut Fraction =  0.14285714285714285
RMS Cut Fraction =  0.17857142857142858
Fraction of Detectors cut by CM cuts =  0.22321428571428573
##########################################
Running Spike Finder
Number of TODs with spike counts greater than 10.0 times the median =  0
Fraction of TODs =  0.0
Spike Finder finished
Running Despiker
Time to despike =  0.056833505630493164
Fraction of Detectors cut in despiking =  0.017857142857142856
Fraction of Detectors with an incidence >10.0 seconds =  0.0
Running jump detector
starting jump iter 1 of 1
have filtered data, now searching for jumps
Median number of jumps =  0.0
Fraction of Detectors Cut From Jumps =  0.03571428571428571
Computing PSDs
Fitting PSDs
Fraction of Detectors cut in PSD analysis=  0.10714285714285714
47.69 Hz: 227 occurrences
11.26 Hz: 192 occurrences
Total Fraction of Detectors cut =  0.32142857142857145
Replacing Data for 112 Detectors
Reading in the file
Reading in network 8 from file:  /work/toltec/commissioning2025-test/2025-ENG-oof-090426/jgolec/2015+371/reduced_TODs/redu00/157224/raw/toltec_commissioning_pointing_157224_rtc_timestream.nc
ndet = 228  nsamp = 7324
Sample rate =  122.0703125
Finished reading in the file
##########################################
Gain Cut Fraction =  0.29385964912280704
Offset Cut Fraction =  0.20614035087719298
RMS Cut Fraction =  0.2543859649122807
Fraction of Detectors cut by CM cuts =  0.4298245614035088
##########################################
Running Spike Finder
Number of TODs with spike counts greater than 10.0 times the median =  8
Fraction of TODs =  0.03508771929824561
Spike Finder finished
Running Despiker
Time to despike =  0.0175478458404541
Fraction of Detectors cut in despiking =  0.008771929824561403
Fraction of Detectors with an incidence >10.0 seconds =  0.008771929824561403
Running jump detector
starting jump iter 1 of 1
have filtered data, now searching for jumps
Median number of jumps =  0.0
Fraction of Detectors Cut From Jumps =  0.0
Computing PSDs
Fitting PSDs
Fraction of Detectors cut in PSD analysis=  0.06140350877192982
52.61 Hz: 542 occurrences
16.58 Hz: 103 occurrences
42.78 Hz: 100 occurrences
36.23 Hz: 74 occurrences
19.45 Hz: 53 occurrences
Total Fraction of Detectors cut =  0.4868421052631579
Replacing Data for 228 Detectors
Reading in the file
Reading in network 9 from file:  /work/toltec/commissioning2025-test/2025-ENG-oof-090426/jgolec/2015+371/reduced_TODs/redu00/157224/raw/toltec_commissioning_pointing_157224_rtc_timestream.nc
ndet = 120  nsamp = 7324
Sample rate =  122.0703125
Finished reading in the file
##########################################
Gain Cut Fraction =  0.06666666666666667
Offset Cut Fraction =  0.18333333333333332
RMS Cut Fraction =  0.24166666666666667
Fraction of Detectors cut by CM cuts =  0.3
##########################################
Running Spike Finder
Number of TODs with spike counts greater than 10.0 times the median =  1
Fraction of TODs =  0.008333333333333333
Spike Finder finished
Running Despiker
Time to despike =  0.05368399620056152
Fraction of Detectors cut in despiking =  0.0
Fraction of Detectors with an incidence >10.0 seconds =  0.0
Running jump detector
starting jump iter 1 of 1
have filtered data, now searching for jumps
Median number of jumps =  0.0
Fraction of Detectors Cut From Jumps =  0.025
Computing PSDs
Fitting PSDs
Fraction of Detectors cut in PSD analysis=  0.06666666666666667
47.69 Hz: 1016 occurrences
11.26 Hz: 76 occurrences
52.61 Hz: 69 occurrences
26.41 Hz: 10 occurrences
16.58 Hz: 1 occurrences
Total Fraction of Detectors cut =  0.35833333333333334
Replacing Data for 120 Detectors
Reading in the file
Reading in network 11 from file:  /work/toltec/commissioning2025-test/2025-ENG-oof-090426/jgolec/2015+371/reduced_TODs/redu00/157224/raw/toltec_commissioning_pointing_157224_rtc_timestream.nc
ndet = 309  nsamp = 7324
Sample rate =  122.0703125
Finished reading in the file
##########################################
Gain Cut Fraction =  0.07119741100323625
Offset Cut Fraction =  0.2297734627831715
RMS Cut Fraction =  0.23300970873786409
Fraction of Detectors cut by CM cuts =  0.26537216828478966
##########################################
Running Spike Finder
Number of TODs with spike counts greater than 10.0 times the median =  99
Fraction of TODs =  0.32038834951456313
Spike Finder finished
Running Despiker
Time to despike =  0.18386292457580566
Fraction of Detectors cut in despiking =  0.15857605177993528
Fraction of Detectors with an incidence >10.0 seconds =  0.045307443365695796
Running jump detector
starting jump iter 1 of 1
have filtered data, now searching for jumps
/work/toltec/JoeyGolec/TolTOD/detection_functions.py:169: RuntimeWarning: divide by zero encountered in scalar divide
  if np.abs(val2 / val) > rat:
Median number of jumps =  0.0
Fraction of Detectors Cut From Jumps =  0.032362459546925564
Computing PSDs
Fitting PSDs
Fraction of Detectors cut in PSD analysis=  0.05501618122977346
39.10 Hz: 25 occurrences
53.84 Hz: 10 occurrences
10.85 Hz: 2 occurrences
Total Fraction of Detectors cut =  0.42718446601941745
Replacing Data for 309 Detectors
Reading in the file
Reading in network 12 from file:  /work/toltec/commissioning2025-test/2025-ENG-oof-090426/jgolec/2015+371/reduced_TODs/redu00/157224/raw/toltec_commissioning_pointing_157224_rtc_timestream.nc
ndet = 220  nsamp = 7324
Sample rate =  122.0703125
Finished reading in the file
##########################################
Gain Cut Fraction =  0.10909090909090909
Offset Cut Fraction =  0.25
RMS Cut Fraction =  0.2409090909090909
Fraction of Detectors cut by CM cuts =  0.3090909090909091
##########################################
Running Spike Finder
Number of TODs with spike counts greater than 10.0 times the median =  36
Fraction of TODs =  0.16363636363636364
Spike Finder finished
Running Despiker
Time to despike =  0.04789423942565918
Fraction of Detectors cut in despiking =  0.03636363636363636
Fraction of Detectors with an incidence >10.0 seconds =  0.01818181818181818
Running jump detector
starting jump iter 1 of 1
have filtered data, now searching for jumps
Median number of jumps =  0.0
Fraction of Detectors Cut From Jumps =  0.022727272727272728
Computing PSDs
Fitting PSDs
Fraction of Detectors cut in PSD analysis=  0.10909090909090909
57.52 Hz: 29 occurrences
10.85 Hz: 8 occurrences
20.27 Hz: 8 occurrences
21.49 Hz: 4 occurrences
28.45 Hz: 2 occurrences
Total Fraction of Detectors cut =  0.41363636363636364
Replacing Data for 220 Detectors
Reading in the file
Reading in network 0 from file:  /work/toltec/commissioning2025-test/2025-ENG-oof-090426/jgolec/2015+371/reduced_TODs/redu00/157225/raw/toltec_commissioning_pointing_157225_rtc_timestream.nc
ndet = 255  nsamp = 7324
Sample rate =  122.0703125
Finished reading in the file
##########################################
Gain Cut Fraction =  0.12941176470588237
Offset Cut Fraction =  0.17254901960784313
RMS Cut Fraction =  0.1843137254901961
Fraction of Detectors cut by CM cuts =  0.2784313725490196
##########################################
Running Spike Finder
Number of TODs with spike counts greater than 10.0 times the median =  53
Fraction of TODs =  0.20784313725490197
Spike Finder finished
Running Despiker
Time to despike =  0.0696249008178711
Fraction of Detectors cut in despiking =  0.03529411764705882
Fraction of Detectors with an incidence >10.0 seconds =  0.0
Running jump detector
starting jump iter 1 of 1
have filtered data, now searching for jumps
Median number of jumps =  0.0
Fraction of Detectors Cut From Jumps =  0.00392156862745098
Computing PSDs
Fitting PSDs
Fraction of Detectors cut in PSD analysis=  0.06274509803921569
58.75 Hz: 1108 occurrences
34.18 Hz: 73 occurrences
10.85 Hz: 67 occurrences
9.62 Hz: 57 occurrences
19.45 Hz: 31 occurrences
Total Fraction of Detectors cut =  0.43137254901960786
Replacing Data for 255 Detectors
Reading in the file
Reading in network 1 from file:  /work/toltec/commissioning2025-test/2025-ENG-oof-090426/jgolec/2015+371/reduced_TODs/redu00/157225/raw/toltec_commissioning_pointing_157225_rtc_timestream.nc
ndet = 303  nsamp = 7324
Sample rate =  122.0703125
Finished reading in the file
##########################################
Gain Cut Fraction =  0.1419141914191419
Offset Cut Fraction =  0.19471947194719472
RMS Cut Fraction =  0.24752475247524752
Fraction of Detectors cut by CM cuts =  0.3465346534653465
##########################################
Running Spike Finder
Number of TODs with spike counts greater than 10.0 times the median =  93
Fraction of TODs =  0.3069306930693069
Spike Finder finished
Running Despiker
Time to despike =  0.07071471214294434
Fraction of Detectors cut in despiking =  0.0
Fraction of Detectors with an incidence >10.0 seconds =  0.0
Running jump detector
starting jump iter 1 of 1
have filtered data, now searching for jumps
Median number of jumps =  0.0
Fraction of Detectors Cut From Jumps =  0.0
Computing PSDs
Fitting PSDs
Fraction of Detectors cut in PSD analysis=  0.033003300330033
48.92 Hz: 913 occurrences
10.85 Hz: 279 occurrences
44.01 Hz: 244 occurrences
9.62 Hz: 147 occurrences
19.45 Hz: 68 occurrences
Total Fraction of Detectors cut =  0.5775577557755776
Replacing Data for 303 Detectors
Reading in the file
Reading in network 2 from file:  /work/toltec/commissioning2025-test/2025-ENG-oof-090426/jgolec/2015+371/reduced_TODs/redu00/157225/raw/toltec_commissioning_pointing_157225_rtc_timestream.nc
ndet = 332  nsamp = 7324
Sample rate =  122.0703125
Finished reading in the file
##########################################
Gain Cut Fraction =  0.13253012048192772
Offset Cut Fraction =  0.2289156626506024
RMS Cut Fraction =  0.23493975903614459
Fraction of Detectors cut by CM cuts =  0.3313253012048193
##########################################
Running Spike Finder
Number of TODs with spike counts greater than 10.0 times the median =  58
Fraction of TODs =  0.1746987951807229
Spike Finder finished
Running Despiker
Time to despike =  0.04770040512084961
Fraction of Detectors cut in despiking =  0.0
Fraction of Detectors with an incidence >10.0 seconds =  0.0
Running jump detector
starting jump iter 1 of 1
have filtered data, now searching for jumps
Median number of jumps =  0.0
Fraction of Detectors Cut From Jumps =  0.0
Computing PSDs
Fitting PSDs
Fraction of Detectors cut in PSD analysis=  0.08734939759036145
48.92 Hz: 328 occurrences
10.85 Hz: 165 occurrences
58.75 Hz: 104 occurrences
29.27 Hz: 62 occurrences
24.36 Hz: 6 occurrences
Total Fraction of Detectors cut =  0.4759036144578313
Replacing Data for 332 Detectors
Reading in the file
Reading in network 3 from file:  /work/toltec/commissioning2025-test/2025-ENG-oof-090426/jgolec/2015+371/reduced_TODs/redu00/157225/raw/toltec_commissioning_pointing_157225_rtc_timestream.nc
ndet = 333  nsamp = 7324
Sample rate =  122.0703125
Finished reading in the file
##########################################
Gain Cut Fraction =  0.15615615615615616
Offset Cut Fraction =  0.17117117117117117
RMS Cut Fraction =  0.2132132132132132
Fraction of Detectors cut by CM cuts =  0.33633633633633636
##########################################
Running Spike Finder
Number of TODs with spike counts greater than 10.0 times the median =  129
Fraction of TODs =  0.38738738738738737
Spike Finder finished
Running Despiker
Time to despike =  0.10151863098144531
Fraction of Detectors cut in despiking =  0.009009009009009009
Fraction of Detectors with an incidence >10.0 seconds =  0.0
Running jump detector
starting jump iter 1 of 1
have filtered data, now searching for jumps
Median number of jumps =  0.0
Fraction of Detectors Cut From Jumps =  0.0
Computing PSDs
Fitting PSDs
Fraction of Detectors cut in PSD analysis=  0.06306306306306306
58.75 Hz: 557 occurrences
10.85 Hz: 380 occurrences
48.92 Hz: 327 occurrences
29.27 Hz: 274 occurrences
57.52 Hz: 65 occurrences
Total Fraction of Detectors cut =  0.6156156156156156
Replacing Data for 333 Detectors
Reading in the file
Reading in network 4 from file:  /work/toltec/commissioning2025-test/2025-ENG-oof-090426/jgolec/2015+371/reduced_TODs/redu00/157225/raw/toltec_commissioning_pointing_157225_rtc_timestream.nc
ndet = 347  nsamp = 7324
Sample rate =  122.0703125
Finished reading in the file
##########################################
Gain Cut Fraction =  0.06628242074927954
Offset Cut Fraction =  0.1729106628242075
RMS Cut Fraction =  0.21902017291066284
Fraction of Detectors cut by CM cuts =  0.2737752161383285
##########################################
Running Spike Finder
Number of TODs with spike counts greater than 10.0 times the median =  155
Fraction of TODs =  0.44668587896253603
Spike Finder finished
Running Despiker
Time to despike =  0.12064456939697266
Fraction of Detectors cut in despiking =  0.002881844380403458
Fraction of Detectors with an incidence >10.0 seconds =  0.002881844380403458
Running jump detector
starting jump iter 1 of 1
have filtered data, now searching for jumps
Median number of jumps =  0.0
Fraction of Detectors Cut From Jumps =  0.002881844380403458
Computing PSDs
Fitting PSDs
Fraction of Detectors cut in PSD analysis=  0.06628242074927954
29.27 Hz: 633 occurrences
58.75 Hz: 536 occurrences
10.85 Hz: 420 occurrences
48.92 Hz: 155 occurrences
57.52 Hz: 120 occurrences
Total Fraction of Detectors cut =  0.6484149855907781
Replacing Data for 347 Detectors
Reading in the file
Reading in network 5 from file:  /work/toltec/commissioning2025-test/2025-ENG-oof-090426/jgolec/2015+371/reduced_TODs/redu00/157225/raw/toltec_commissioning_pointing_157225_rtc_timestream.nc
ndet = 294  nsamp = 7324
Sample rate =  122.0703125
Finished reading in the file
##########################################
Gain Cut Fraction =  0.09863945578231292
Offset Cut Fraction =  0.20408163265306123
RMS Cut Fraction =  0.23469387755102042
Fraction of Detectors cut by CM cuts =  0.2925170068027211
##########################################
Running Spike Finder
Number of TODs with spike counts greater than 10.0 times the median =  111
Fraction of TODs =  0.37755102040816324
Spike Finder finished
Running Despiker
Time to despike =  0.08478832244873047
Fraction of Detectors cut in despiking =  0.006802721088435374
Fraction of Detectors with an incidence >10.0 seconds =  0.0
Running jump detector
starting jump iter 1 of 1
have filtered data, now searching for jumps
Median number of jumps =  0.0
Fraction of Detectors Cut From Jumps =  0.006802721088435374
Computing PSDs
Fitting PSDs
Fraction of Detectors cut in PSD analysis=  0.05782312925170068
29.27 Hz: 927 occurrences
10.85 Hz: 325 occurrences
58.75 Hz: 153 occurrences
44.01 Hz: 111 occurrences
34.18 Hz: 95 occurrences
Total Fraction of Detectors cut =  0.6190476190476191
Replacing Data for 294 Detectors
Reading in the file
Reading in network 6 from file:  /work/toltec/commissioning2025-test/2025-ENG-oof-090426/jgolec/2015+371/reduced_TODs/redu00/157225/raw/toltec_commissioning_pointing_157225_rtc_timestream.nc
ndet = 0  nsamp = 1
Sample rate =  122.0703125
Finished reading in the file
Reading in the file
Reading in network 7 from file:  /work/toltec/commissioning2025-test/2025-ENG-oof-090426/jgolec/2015+371/reduced_TODs/redu00/157225/raw/toltec_commissioning_pointing_157225_rtc_timestream.nc
ndet = 112  nsamp = 7324
Sample rate =  122.0703125
Finished reading in the file
##########################################
Gain Cut Fraction =  0.044642857142857144
Offset Cut Fraction =  0.14285714285714285
RMS Cut Fraction =  0.16071428571428573
Fraction of Detectors cut by CM cuts =  0.1875
##########################################
Running Spike Finder
Number of TODs with spike counts greater than 10.0 times the median =  0
Fraction of TODs =  0.0
Spike Finder finished
Running Despiker
Time to despike =  0.04874444007873535
Fraction of Detectors cut in despiking =  0.008928571428571428
Fraction of Detectors with an incidence >10.0 seconds =  0.0
Running jump detector
starting jump iter 1 of 1
have filtered data, now searching for jumps
Median number of jumps =  0.0
Fraction of Detectors Cut From Jumps =  0.03571428571428571
Computing PSDs
Fitting PSDs
Fraction of Detectors cut in PSD analysis=  0.08928571428571429
47.69 Hz: 227 occurrences
10.85 Hz: 208 occurrences
57.52 Hz: 2 occurrences
Total Fraction of Detectors cut =  0.25
Replacing Data for 112 Detectors
Reading in the file
Reading in network 8 from file:  /work/toltec/commissioning2025-test/2025-ENG-oof-090426/jgolec/2015+371/reduced_TODs/redu00/157225/raw/toltec_commissioning_pointing_157225_rtc_timestream.nc
ndet = 228  nsamp = 7324
Sample rate =  122.0703125
Finished reading in the file
##########################################
Gain Cut Fraction =  0.31140350877192985
Offset Cut Fraction =  0.2324561403508772
RMS Cut Fraction =  0.2850877192982456
Fraction of Detectors cut by CM cuts =  0.4649122807017544
##########################################
Running Spike Finder
Number of TODs with spike counts greater than 10.0 times the median =  9
Fraction of TODs =  0.039473684210526314
Spike Finder finished
Running Despiker
Time to despike =  0.017240285873413086
Fraction of Detectors cut in despiking =  0.013157894736842105
Fraction of Detectors with an incidence >10.0 seconds =  0.008771929824561403
Running jump detector
starting jump iter 1 of 1
have filtered data, now searching for jumps
Median number of jumps =  0.0
Fraction of Detectors Cut From Jumps =  0.013157894736842105
Computing PSDs
Fitting PSDs
Fraction of Detectors cut in PSD analysis=  0.07894736842105263
52.61 Hz: 544 occurrences
16.58 Hz: 103 occurrences
42.78 Hz: 96 occurrences
36.23 Hz: 74 occurrences
19.45 Hz: 53 occurrences
Total Fraction of Detectors cut =  0.5394736842105263
Replacing Data for 228 Detectors
Reading in the file
Reading in network 9 from file:  /work/toltec/commissioning2025-test/2025-ENG-oof-090426/jgolec/2015+371/reduced_TODs/redu00/157225/raw/toltec_commissioning_pointing_157225_rtc_timestream.nc
ndet = 120  nsamp = 7324
Sample rate =  122.0703125
Finished reading in the file
##########################################
Gain Cut Fraction =  0.11666666666666667
Offset Cut Fraction =  0.2
RMS Cut Fraction =  0.225
Fraction of Detectors cut by CM cuts =  0.3
##########################################
Running Spike Finder
Number of TODs with spike counts greater than 10.0 times the median =  54
Fraction of TODs =  0.45
Spike Finder finished
Running Despiker
Time to despike =  0.040323495864868164
Fraction of Detectors cut in despiking =  0.0
Fraction of Detectors with an incidence >10.0 seconds =  0.0
Running jump detector
starting jump iter 1 of 1
have filtered data, now searching for jumps
Median number of jumps =  0.0
Fraction of Detectors Cut From Jumps =  0.008333333333333333
Computing PSDs
Fitting PSDs
Fraction of Detectors cut in PSD analysis=  0.075
47.69 Hz: 1100 occurrences
10.85 Hz: 149 occurrences
52.61 Hz: 70 occurrences
26.41 Hz: 13 occurrences
16.58 Hz: 1 occurrences
Total Fraction of Detectors cut =  0.675
Replacing Data for 120 Detectors
Reading in the file
Reading in network 11 from file:  /work/toltec/commissioning2025-test/2025-ENG-oof-090426/jgolec/2015+371/reduced_TODs/redu00/157225/raw/toltec_commissioning_pointing_157225_rtc_timestream.nc
ndet = 309  nsamp = 7324
Sample rate =  122.0703125
Finished reading in the file
##########################################
Gain Cut Fraction =  0.08414239482200647
Offset Cut Fraction =  0.2750809061488673
RMS Cut Fraction =  0.2783171521035599
Fraction of Detectors cut by CM cuts =  0.31715210355987056
##########################################
Running Spike Finder
Number of TODs with spike counts greater than 10.0 times the median =  129
Fraction of TODs =  0.4174757281553398
Spike Finder finished
Running Despiker
Time to despike =  0.19026780128479004
Fraction of Detectors cut in despiking =  0.15210355987055016
Fraction of Detectors with an incidence >10.0 seconds =  0.05825242718446602
Running jump detector
starting jump iter 1 of 1
have filtered data, now searching for jumps
Median number of jumps =  0.0
Fraction of Detectors Cut From Jumps =  0.012944983818770227
Computing PSDs
Fitting PSDs
Fraction of Detectors cut in PSD analysis=  0.05501618122977346
10.85 Hz: 73 occurrences
39.10 Hz: 25 occurrences
53.84 Hz: 10 occurrences
Total Fraction of Detectors cut =  0.5372168284789643
Replacing Data for 309 Detectors
Reading in the file
Reading in network 12 from file:  /work/toltec/commissioning2025-test/2025-ENG-oof-090426/jgolec/2015+371/reduced_TODs/redu00/157225/raw/toltec_commissioning_pointing_157225_rtc_timestream.nc
ndet = 220  nsamp = 7324
Sample rate =  122.0703125
Finished reading in the file
##########################################
Gain Cut Fraction =  0.09545454545454546
Offset Cut Fraction =  0.23636363636363636
RMS Cut Fraction =  0.2318181818181818
Fraction of Detectors cut by CM cuts =  0.2909090909090909
##########################################
Running Spike Finder
Number of TODs with spike counts greater than 10.0 times the median =  41
Fraction of TODs =  0.18636363636363637
Spike Finder finished
Running Despiker
Time to despike =  0.05635380744934082
Fraction of Detectors cut in despiking =  0.05454545454545454
Fraction of Detectors with an incidence >10.0 seconds =  0.013636363636363636
Running jump detector
starting jump iter 1 of 1
have filtered data, now searching for jumps
Median number of jumps =  0.0
Fraction of Detectors Cut From Jumps =  0.031818181818181815
Computing PSDs
Fitting PSDs
Fraction of Detectors cut in PSD analysis=  0.10454545454545454
57.52 Hz: 30 occurrences
17.81 Hz: 10 occurrences
10.85 Hz: 7 occurrences
28.45 Hz: 2 occurrences
Total Fraction of Detectors cut =  0.43636363636363634
Replacing Data for 220 Detectors
Reading in the file
Reading in network 0 from file:  /work/toltec/commissioning2025-test/2025-ENG-oof-090426/jgolec/2015+371/reduced_TODs/redu00/157228/raw/toltec_commissioning_pointing_157228_rtc_timestream.nc
ndet = 254  nsamp = 7324
Sample rate =  122.0703125
Finished reading in the file
##########################################
Gain Cut Fraction =  0.12598425196850394
Offset Cut Fraction =  0.17716535433070865
RMS Cut Fraction =  0.2047244094488189
Fraction of Detectors cut by CM cuts =  0.2874015748031496
##########################################
Running Spike Finder
Number of TODs with spike counts greater than 10.0 times the median =  119
Fraction of TODs =  0.468503937007874
Spike Finder finished
Running Despiker
Time to despike =  0.12885475158691406
Fraction of Detectors cut in despiking =  0.07480314960629922
Fraction of Detectors with an incidence >10.0 seconds =  0.0
Running jump detector
starting jump iter 1 of 1
have filtered data, now searching for jumps
Median number of jumps =  0.0
Fraction of Detectors Cut From Jumps =  0.003937007874015748
Computing PSDs
Fitting PSDs
Fraction of Detectors cut in PSD analysis=  0.04330708661417323
58.75 Hz: 1253 occurrences
34.18 Hz: 48 occurrences
19.45 Hz: 13 occurrences
9.62 Hz: 10 occurrences
4.71 Hz: 9 occurrences
Total Fraction of Detectors cut =  0.6181102362204725
Replacing Data for 254 Detectors
Reading in the file
Reading in network 1 from file:  /work/toltec/commissioning2025-test/2025-ENG-oof-090426/jgolec/2015+371/reduced_TODs/redu00/157228/raw/toltec_commissioning_pointing_157228_rtc_timestream.nc
ndet = 302  nsamp = 7324
Sample rate =  122.0703125
Finished reading in the file
##########################################
Gain Cut Fraction =  0.1357615894039735
Offset Cut Fraction =  0.1490066225165563
RMS Cut Fraction =  0.2119205298013245
Fraction of Detectors cut by CM cuts =  0.31788079470198677
##########################################
Running Spike Finder
Number of TODs with spike counts greater than 10.0 times the median =  126
Fraction of TODs =  0.41721854304635764
Spike Finder finished
Running Despiker
Time to despike =  0.10383200645446777
Fraction of Detectors cut in despiking =  0.013245033112582781
Fraction of Detectors with an incidence >10.0 seconds =  0.006622516556291391
Running jump detector
starting jump iter 1 of 1
have filtered data, now searching for jumps
Median number of jumps =  0.0
Fraction of Detectors Cut From Jumps =  0.0033112582781456954
Computing PSDs
Fitting PSDs
Fraction of Detectors cut in PSD analysis=  0.04304635761589404
48.92 Hz: 894 occurrences
44.01 Hz: 119 occurrences
24.36 Hz: 77 occurrences
19.45 Hz: 51 occurrences
9.62 Hz: 45 occurrences
Total Fraction of Detectors cut =  0.6324503311258278
Replacing Data for 302 Detectors
Reading in the file
Reading in network 2 from file:  /work/toltec/commissioning2025-test/2025-ENG-oof-090426/jgolec/2015+371/reduced_TODs/redu00/157228/raw/toltec_commissioning_pointing_157228_rtc_timestream.nc
ndet = 335  nsamp = 7324
Sample rate =  122.0703125
Finished reading in the file
##########################################
Gain Cut Fraction =  0.08955223880597014
Offset Cut Fraction =  0.21194029850746268
RMS Cut Fraction =  0.2208955223880597
Fraction of Detectors cut by CM cuts =  0.27761194029850744
##########################################
Running Spike Finder
Number of TODs with spike counts greater than 10.0 times the median =  92
Fraction of TODs =  0.2746268656716418
Spike Finder finished
Running Despiker
Time to despike =  0.09120559692382812
Fraction of Detectors cut in despiking =  0.04776119402985075
Fraction of Detectors with an incidence >10.0 seconds =  0.020895522388059702
Running jump detector
starting jump iter 1 of 1
have filtered data, now searching for jumps
Median number of jumps =  0.0
Fraction of Detectors Cut From Jumps =  0.011940298507462687
Computing PSDs
Fitting PSDs
Fraction of Detectors cut in PSD analysis=  0.050746268656716415
48.92 Hz: 321 occurrences
58.75 Hz: 113 occurrences
29.27 Hz: 35 occurrences
24.36 Hz: 13 occurrences
57.52 Hz: 7 occurrences
Total Fraction of Detectors cut =  0.49850746268656715
Replacing Data for 335 Detectors
Reading in the file
Reading in network 3 from file:  /work/toltec/commissioning2025-test/2025-ENG-oof-090426/jgolec/2015+371/reduced_TODs/redu00/157228/raw/toltec_commissioning_pointing_157228_rtc_timestream.nc
ndet = 319  nsamp = 7324
Sample rate =  122.0703125
Finished reading in the file
##########################################
Gain Cut Fraction =  0.16614420062695925
Offset Cut Fraction =  0.18495297805642633
RMS Cut Fraction =  0.21003134796238246
Fraction of Detectors cut by CM cuts =  0.31974921630094044
##########################################
Running Spike Finder
Number of TODs with spike counts greater than 10.0 times the median =  84
Fraction of TODs =  0.26332288401253917
Spike Finder finished
Running Despiker
Time to despike =  0.06942605972290039
Fraction of Detectors cut in despiking =  0.0
Fraction of Detectors with an incidence >10.0 seconds =  0.0
Running jump detector
starting jump iter 1 of 1
have filtered data, now searching for jumps
Median number of jumps =  0.0
Fraction of Detectors Cut From Jumps =  0.0
Computing PSDs
Fitting PSDs
Fraction of Detectors cut in PSD analysis=  0.047021943573667714
58.75 Hz: 689 occurrences
48.92 Hz: 443 occurrences
29.27 Hz: 217 occurrences
57.52 Hz: 26 occurrences
24.36 Hz: 4 occurrences
Total Fraction of Detectors cut =  0.5329153605015674
Replacing Data for 319 Detectors
Reading in the file
Reading in network 4 from file:  /work/toltec/commissioning2025-test/2025-ENG-oof-090426/jgolec/2015+371/reduced_TODs/redu00/157228/raw/toltec_commissioning_pointing_157228_rtc_timestream.nc
ndet = 345  nsamp = 7324
Sample rate =  122.0703125
Finished reading in the file
##########################################
Gain Cut Fraction =  0.06666666666666667
Offset Cut Fraction =  0.14782608695652175
RMS Cut Fraction =  0.21739130434782608
Fraction of Detectors cut by CM cuts =  0.2608695652173913
##########################################
Running Spike Finder
Number of TODs with spike counts greater than 10.0 times the median =  6
Fraction of TODs =  0.017391304347826087
Spike Finder finished
Running Despiker
Time to despike =  0.18803858757019043
Fraction of Detectors cut in despiking =  0.02608695652173913
Fraction of Detectors with an incidence >10.0 seconds =  0.011594202898550725
Running jump detector
starting jump iter 1 of 1
have filtered data, now searching for jumps
Median number of jumps =  0.0
Fraction of Detectors Cut From Jumps =  0.0
Computing PSDs
Fitting PSDs
Fraction of Detectors cut in PSD analysis=  0.043478260869565216
58.75 Hz: 527 occurrences
29.27 Hz: 462 occurrences
48.92 Hz: 125 occurrences
57.52 Hz: 98 occurrences
44.83 Hz: 21 occurrences
Total Fraction of Detectors cut =  0.26666666666666666
Replacing Data for 345 Detectors
Reading in the file
Reading in network 5 from file:  /work/toltec/commissioning2025-test/2025-ENG-oof-090426/jgolec/2015+371/reduced_TODs/redu00/157228/raw/toltec_commissioning_pointing_157228_rtc_timestream.nc
ndet = 294  nsamp = 7324
Sample rate =  122.0703125
Finished reading in the file
##########################################
Gain Cut Fraction =  0.14965986394557823
Offset Cut Fraction =  0.18027210884353742
RMS Cut Fraction =  0.21768707482993196
Fraction of Detectors cut by CM cuts =  0.3163265306122449
##########################################
Running Spike Finder
Number of TODs with spike counts greater than 10.0 times the median =  3
Fraction of TODs =  0.01020408163265306
Spike Finder finished
Running Despiker
Time to despike =  0.1636662483215332
Fraction of Detectors cut in despiking =  0.013605442176870748
Fraction of Detectors with an incidence >10.0 seconds =  0.0
Running jump detector
starting jump iter 1 of 1
have filtered data, now searching for jumps
Median number of jumps =  0.0
Fraction of Detectors Cut From Jumps =  0.0
Computing PSDs
Fitting PSDs
Fraction of Detectors cut in PSD analysis=  0.04421768707482993
29.27 Hz: 930 occurrences
44.01 Hz: 138 occurrences
58.75 Hz: 94 occurrences
34.18 Hz: 69 occurrences
24.77 Hz: 61 occurrences
Total Fraction of Detectors cut =  0.3231292517006803
Replacing Data for 294 Detectors
Reading in the file
Reading in network 6 from file:  /work/toltec/commissioning2025-test/2025-ENG-oof-090426/jgolec/2015+371/reduced_TODs/redu00/157228/raw/toltec_commissioning_pointing_157228_rtc_timestream.nc
ndet = 0  nsamp = 1
Sample rate =  122.0703125
Finished reading in the file
Reading in the file
Reading in network 7 from file:  /work/toltec/commissioning2025-test/2025-ENG-oof-090426/jgolec/2015+371/reduced_TODs/redu00/157228/raw/toltec_commissioning_pointing_157228_rtc_timestream.nc
ndet = 111  nsamp = 7324
Sample rate =  122.0703125
Finished reading in the file
##########################################
Gain Cut Fraction =  0.036036036036036036
Offset Cut Fraction =  0.2072072072072072
RMS Cut Fraction =  0.24324324324324326
Fraction of Detectors cut by CM cuts =  0.25225225225225223
##########################################
Running Spike Finder
Number of TODs with spike counts greater than 10.0 times the median =  0
Fraction of TODs =  0.0
Spike Finder finished
Running Despiker
Time to despike =  0.05474495887756348
Fraction of Detectors cut in despiking =  0.0
Fraction of Detectors with an incidence >10.0 seconds =  0.0
Running jump detector
starting jump iter 1 of 1
have filtered data, now searching for jumps
Median number of jumps =  0.0
Fraction of Detectors Cut From Jumps =  0.009009009009009009
Computing PSDs
Fitting PSDs
Fraction of Detectors cut in PSD analysis=  0.08108108108108109
47.69 Hz: 193 occurrences
26.41 Hz: 6 occurrences
10.85 Hz: 5 occurrences
57.52 Hz: 1 occurrences
Total Fraction of Detectors cut =  0.27927927927927926
Replacing Data for 111 Detectors
Reading in the file
Reading in network 8 from file:  /work/toltec/commissioning2025-test/2025-ENG-oof-090426/jgolec/2015+371/reduced_TODs/redu00/157228/raw/toltec_commissioning_pointing_157228_rtc_timestream.nc
ndet = 231  nsamp = 7324
Sample rate =  122.0703125
Finished reading in the file
##########################################
Gain Cut Fraction =  0.26406926406926406
Offset Cut Fraction =  0.1645021645021645
RMS Cut Fraction =  0.2510822510822511
Fraction of Detectors cut by CM cuts =  0.4199134199134199
##########################################
Running Spike Finder
Number of TODs with spike counts greater than 10.0 times the median =  4
Fraction of TODs =  0.017316017316017316
Spike Finder finished
Running Despiker
Time to despike =  0.01771855354309082
Fraction of Detectors cut in despiking =  0.008658008658008658
Fraction of Detectors with an incidence >10.0 seconds =  0.0
Running jump detector
starting jump iter 1 of 1
have filtered data, now searching for jumps
Median number of jumps =  0.0
Fraction of Detectors Cut From Jumps =  0.0
Computing PSDs
Fitting PSDs
Fraction of Detectors cut in PSD analysis=  0.09956709956709957
52.61 Hz: 571 occurrences
42.78 Hz: 101 occurrences
16.58 Hz: 54 occurrences
4.71 Hz: 27 occurrences
47.69 Hz: 9 occurrences
Total Fraction of Detectors cut =  0.45021645021645024
Replacing Data for 231 Detectors
Reading in the file
Reading in network 9 from file:  /work/toltec/commissioning2025-test/2025-ENG-oof-090426/jgolec/2015+371/reduced_TODs/redu00/157228/raw/toltec_commissioning_pointing_157228_rtc_timestream.nc
ndet = 120  nsamp = 7324
Sample rate =  122.0703125
Finished reading in the file
##########################################
Gain Cut Fraction =  0.125
Offset Cut Fraction =  0.25
RMS Cut Fraction =  0.275
Fraction of Detectors cut by CM cuts =  0.30833333333333335
##########################################
Running Spike Finder
Number of TODs with spike counts greater than 10.0 times the median =  5
Fraction of TODs =  0.041666666666666664
Spike Finder finished
Running Despiker
Time to despike =  0.05095338821411133
Fraction of Detectors cut in despiking =  0.016666666666666666
Fraction of Detectors with an incidence >10.0 seconds =  0.0
Running jump detector
starting jump iter 1 of 1
have filtered data, now searching for jumps
Median number of jumps =  0.0
Fraction of Detectors Cut From Jumps =  0.0
Computing PSDs
Fitting PSDs
Fraction of Detectors cut in PSD analysis=  0.05
47.69 Hz: 1106 occurrences
52.61 Hz: 58 occurrences
57.52 Hz: 3 occurrences
26.41 Hz: 3 occurrences
Total Fraction of Detectors cut =  0.35
Replacing Data for 120 Detectors
Reading in the file
Reading in network 11 from file:  /work/toltec/commissioning2025-test/2025-ENG-oof-090426/jgolec/2015+371/reduced_TODs/redu00/157228/raw/toltec_commissioning_pointing_157228_rtc_timestream.nc
ndet = 309  nsamp = 7324
Sample rate =  122.0703125
Finished reading in the file
##########################################
Gain Cut Fraction =  0.06472491909385113
Offset Cut Fraction =  0.24919093851132687
RMS Cut Fraction =  0.2621359223300971
Fraction of Detectors cut by CM cuts =  0.28802588996763756
##########################################
Running Spike Finder
Number of TODs with spike counts greater than 10.0 times the median =  84
Fraction of TODs =  0.27184466019417475
Spike Finder finished
Running Despiker
Time to despike =  0.16878890991210938
Fraction of Detectors cut in despiking =  0.1488673139158576
Fraction of Detectors with an incidence >10.0 seconds =  0.04854368932038835
Running jump detector
starting jump iter 1 of 1
have filtered data, now searching for jumps
Median number of jumps =  0.0
Fraction of Detectors Cut From Jumps =  0.038834951456310676
Computing PSDs
Fitting PSDs
Fraction of Detectors cut in PSD analysis=  0.04854368932038835
39.10 Hz: 48 occurrences
58.75 Hz: 25 occurrences
53.84 Hz: 14 occurrences
10.85 Hz: 11 occurrences
13.31 Hz: 3 occurrences
Total Fraction of Detectors cut =  0.3883495145631068
Replacing Data for 309 Detectors
Reading in the file
Reading in network 12 from file:  /work/toltec/commissioning2025-test/2025-ENG-oof-090426/jgolec/2015+371/reduced_TODs/redu00/157228/raw/toltec_commissioning_pointing_157228_rtc_timestream.nc
ndet = 236  nsamp = 7324
Sample rate =  122.0703125
Finished reading in the file
##########################################
Gain Cut Fraction =  0.1483050847457627
Offset Cut Fraction =  0.2542372881355932
RMS Cut Fraction =  0.23728813559322035
Fraction of Detectors cut by CM cuts =  0.3305084745762712
##########################################
Running Spike Finder
Number of TODs with spike counts greater than 10.0 times the median =  48
Fraction of TODs =  0.2033898305084746
Spike Finder finished
Running Despiker
Time to despike =  0.06218862533569336
Fraction of Detectors cut in despiking =  0.05084745762711865
Fraction of Detectors with an incidence >10.0 seconds =  0.012711864406779662
Running jump detector
starting jump iter 1 of 1
have filtered data, now searching for jumps
Median number of jumps =  0.0
Fraction of Detectors Cut From Jumps =  0.05084745762711865
Computing PSDs
Fitting PSDs
Fraction of Detectors cut in PSD analysis=  0.11864406779661017
57.52 Hz: 30 occurrences
10.85 Hz: 12 occurrences
12.49 Hz: 2 occurrences
28.45 Hz: 1 occurrences
Total Fraction of Detectors cut =  0.4322033898305085
Replacing Data for 236 Detectors
Reading in the file
Reading in network 0 from file:  /work/toltec/commissioning2025-test/2025-ENG-oof-090426/jgolec/2015+371/reduced_TODs/redu00/157229/raw/toltec_commissioning_pointing_157229_rtc_timestream.nc
ndet = 254  nsamp = 7324
Sample rate =  122.0703125
Finished reading in the file
##########################################
Gain Cut Fraction =  0.12598425196850394
Offset Cut Fraction =  0.2047244094488189
RMS Cut Fraction =  0.2283464566929134
Fraction of Detectors cut by CM cuts =  0.2992125984251969
##########################################
Running Spike Finder
Number of TODs with spike counts greater than 10.0 times the median =  42
Fraction of TODs =  0.16535433070866143
Spike Finder finished
Running Despiker
Time to despike =  0.06232285499572754
Fraction of Detectors cut in despiking =  0.1062992125984252
Fraction of Detectors with an incidence >10.0 seconds =  0.007874015748031496
Running jump detector
starting jump iter 1 of 1
have filtered data, now searching for jumps
Median number of jumps =  0.0
Fraction of Detectors Cut From Jumps =  0.011811023622047244
Computing PSDs
Fitting PSDs
Fraction of Detectors cut in PSD analysis=  0.051181102362204724
58.75 Hz: 1361 occurrences
34.18 Hz: 56 occurrences
19.45 Hz: 34 occurrences
4.71 Hz: 28 occurrences
11.26 Hz: 26 occurrences
Total Fraction of Detectors cut =  0.3700787401574803
Replacing Data for 254 Detectors
Reading in the file
Reading in network 1 from file:  /work/toltec/commissioning2025-test/2025-ENG-oof-090426/jgolec/2015+371/reduced_TODs/redu00/157229/raw/toltec_commissioning_pointing_157229_rtc_timestream.nc
ndet = 302  nsamp = 7324
Sample rate =  122.0703125
Finished reading in the file
##########################################
Gain Cut Fraction =  0.1357615894039735
Offset Cut Fraction =  0.16225165562913907
RMS Cut Fraction =  0.20860927152317882
Fraction of Detectors cut by CM cuts =  0.31125827814569534
##########################################
Running Spike Finder
Number of TODs with spike counts greater than 10.0 times the median =  28
Fraction of TODs =  0.09271523178807947
Spike Finder finished
Running Despiker
Time to despike =  0.028619766235351562
Fraction of Detectors cut in despiking =  0.006622516556291391
Fraction of Detectors with an incidence >10.0 seconds =  0.0033112582781456954
Running jump detector
starting jump iter 1 of 1
have filtered data, now searching for jumps
Median number of jumps =  0.0
Fraction of Detectors Cut From Jumps =  0.0
Computing PSDs
Fitting PSDs
Fraction of Detectors cut in PSD analysis=  0.046357615894039736
48.92 Hz: 1002 occurrences
11.26 Hz: 150 occurrences
19.45 Hz: 130 occurrences
44.01 Hz: 125 occurrences
24.36 Hz: 81 occurrences
Total Fraction of Detectors cut =  0.39403973509933776
Replacing Data for 302 Detectors
Reading in the file
Reading in network 2 from file:  /work/toltec/commissioning2025-test/2025-ENG-oof-090426/jgolec/2015+371/reduced_TODs/redu00/157229/raw/toltec_commissioning_pointing_157229_rtc_timestream.nc
ndet = 335  nsamp = 7324
Sample rate =  122.0703125
Finished reading in the file
##########################################
Gain Cut Fraction =  0.11641791044776119
Offset Cut Fraction =  0.22686567164179106
RMS Cut Fraction =  0.23880597014925373
Fraction of Detectors cut by CM cuts =  0.3044776119402985
##########################################
Running Spike Finder
Number of TODs with spike counts greater than 10.0 times the median =  26
Fraction of TODs =  0.07761194029850746
Spike Finder finished
Running Despiker
Time to despike =  0.03093266487121582
Fraction of Detectors cut in despiking =  0.005970149253731343
Fraction of Detectors with an incidence >10.0 seconds =  0.0
Running jump detector
starting jump iter 1 of 1
have filtered data, now searching for jumps
Median number of jumps =  0.0
Fraction of Detectors Cut From Jumps =  0.0
Computing PSDs
Fitting PSDs
Fraction of Detectors cut in PSD analysis=  0.06865671641791045
48.92 Hz: 342 occurrences
11.26 Hz: 148 occurrences
58.75 Hz: 123 occurrences
29.27 Hz: 35 occurrences
24.36 Hz: 17 occurrences
Total Fraction of Detectors cut =  0.4
Replacing Data for 335 Detectors
Reading in the file
Reading in network 3 from file:  /work/toltec/commissioning2025-test/2025-ENG-oof-090426/jgolec/2015+371/reduced_TODs/redu00/157229/raw/toltec_commissioning_pointing_157229_rtc_timestream.nc
ndet = 319  nsamp = 7324
Sample rate =  122.0703125
Finished reading in the file
##########################################
Gain Cut Fraction =  0.15047021943573669
Offset Cut Fraction =  0.18181818181818182
RMS Cut Fraction =  0.21003134796238246
Fraction of Detectors cut by CM cuts =  0.3103448275862069
##########################################
Running Spike Finder
Number of TODs with spike counts greater than 10.0 times the median =  10
Fraction of TODs =  0.03134796238244514
Spike Finder finished
Running Despiker
Time to despike =  0.019589662551879883
Fraction of Detectors cut in despiking =  0.006269592476489028
Fraction of Detectors with an incidence >10.0 seconds =  0.006269592476489028
Running jump detector
starting jump iter 1 of 1
have filtered data, now searching for jumps
Median number of jumps =  0.0
Fraction of Detectors Cut From Jumps =  0.0
Computing PSDs
Fitting PSDs
Fraction of Detectors cut in PSD analysis=  0.06583072100313479
58.75 Hz: 671 occurrences
48.92 Hz: 460 occurrences
11.26 Hz: 241 occurrences
29.27 Hz: 230 occurrences
57.52 Hz: 33 occurrences
Total Fraction of Detectors cut =  0.3448275862068966
Replacing Data for 319 Detectors
Reading in the file
Reading in network 4 from file:  /work/toltec/commissioning2025-test/2025-ENG-oof-090426/jgolec/2015+371/reduced_TODs/redu00/157229/raw/toltec_commissioning_pointing_157229_rtc_timestream.nc
ndet = 345  nsamp = 7324
Sample rate =  122.0703125
Finished reading in the file
##########################################
Gain Cut Fraction =  0.05507246376811594
Offset Cut Fraction =  0.19420289855072465
RMS Cut Fraction =  0.24057971014492754
Fraction of Detectors cut by CM cuts =  0.2753623188405797
##########################################
Running Spike Finder
Number of TODs with spike counts greater than 10.0 times the median =  89
Fraction of TODs =  0.2579710144927536
Spike Finder finished
Running Despiker
Time to despike =  0.08473873138427734
Fraction of Detectors cut in despiking =  0.02318840579710145
Fraction of Detectors with an incidence >10.0 seconds =  0.008695652173913044
Running jump detector
starting jump iter 1 of 1
have filtered data, now searching for jumps
Median number of jumps =  0.0
Fraction of Detectors Cut From Jumps =  0.0
Computing PSDs
Fitting PSDs
Fraction of Detectors cut in PSD analysis=  0.04927536231884058
58.75 Hz: 569 occurrences
29.27 Hz: 568 occurrences
11.26 Hz: 456 occurrences
48.92 Hz: 151 occurrences
57.52 Hz: 107 occurrences
Total Fraction of Detectors cut =  0.4579710144927536
Replacing Data for 345 Detectors
Reading in the file
Reading in network 5 from file:  /work/toltec/commissioning2025-test/2025-ENG-oof-090426/jgolec/2015+371/reduced_TODs/redu00/157229/raw/toltec_commissioning_pointing_157229_rtc_timestream.nc
ndet = 294  nsamp = 7324
Sample rate =  122.0703125
Finished reading in the file
##########################################
Gain Cut Fraction =  0.1564625850340136
Offset Cut Fraction =  0.17006802721088435
RMS Cut Fraction =  0.19047619047619047
Fraction of Detectors cut by CM cuts =  0.2925170068027211
##########################################
Running Spike Finder
Number of TODs with spike counts greater than 10.0 times the median =  38
Fraction of TODs =  0.1292517006802721
Spike Finder finished
Running Despiker
Time to despike =  0.034857988357543945
Fraction of Detectors cut in despiking =  0.003401360544217687
Fraction of Detectors with an incidence >10.0 seconds =  0.0
Running jump detector
starting jump iter 1 of 1
have filtered data, now searching for jumps
Median number of jumps =  0.0
Fraction of Detectors Cut From Jumps =  0.0
Computing PSDs
Fitting PSDs
Fraction of Detectors cut in PSD analysis=  0.05782312925170068
29.27 Hz: 1021 occurrences
11.26 Hz: 352 occurrences
44.01 Hz: 149 occurrences
58.75 Hz: 116 occurrences
34.18 Hz: 92 occurrences
Total Fraction of Detectors cut =  0.3979591836734694
Replacing Data for 294 Detectors
Reading in the file
Reading in network 6 from file:  /work/toltec/commissioning2025-test/2025-ENG-oof-090426/jgolec/2015+371/reduced_TODs/redu00/157229/raw/toltec_commissioning_pointing_157229_rtc_timestream.nc
ndet = 0  nsamp = 1
Sample rate =  122.0703125
Finished reading in the file
Reading in the file
Reading in network 7 from file:  /work/toltec/commissioning2025-test/2025-ENG-oof-090426/jgolec/2015+371/reduced_TODs/redu00/157229/raw/toltec_commissioning_pointing_157229_rtc_timestream.nc
ndet = 111  nsamp = 7324
Sample rate =  122.0703125
Finished reading in the file
##########################################
Gain Cut Fraction =  0.04504504504504504
Offset Cut Fraction =  0.12612612612612611
RMS Cut Fraction =  0.17117117117117117
Fraction of Detectors cut by CM cuts =  0.2072072072072072
##########################################
Running Spike Finder
Number of TODs with spike counts greater than 10.0 times the median =  16
Fraction of TODs =  0.14414414414414414
Spike Finder finished
Running Despiker
Time to despike =  0.014580011367797852
Fraction of Detectors cut in despiking =  0.0
Fraction of Detectors with an incidence >10.0 seconds =  0.0
Running jump detector
starting jump iter 1 of 1
have filtered data, now searching for jumps
Median number of jumps =  0.0
Fraction of Detectors Cut From Jumps =  0.009009009009009009
Computing PSDs
Fitting PSDs
Fraction of Detectors cut in PSD analysis=  0.0990990990990991
11.26 Hz: 224 occurrences
47.69 Hz: 190 occurrences
26.41 Hz: 24 occurrences
Total Fraction of Detectors cut =  0.36936936936936937
Replacing Data for 111 Detectors
Reading in the file
Reading in network 8 from file:  /work/toltec/commissioning2025-test/2025-ENG-oof-090426/jgolec/2015+371/reduced_TODs/redu00/157229/raw/toltec_commissioning_pointing_157229_rtc_timestream.nc
ndet = 231  nsamp = 7324
Sample rate =  122.0703125
Finished reading in the file
##########################################
Gain Cut Fraction =  0.21645021645021645
Offset Cut Fraction =  0.20346320346320346
RMS Cut Fraction =  0.2987012987012987
Fraction of Detectors cut by CM cuts =  0.39826839826839827
##########################################
Running Spike Finder
Number of TODs with spike counts greater than 10.0 times the median =  2
Fraction of TODs =  0.008658008658008658
Spike Finder finished
Running Despiker
Time to despike =  0.01323699951171875
Fraction of Detectors cut in despiking =  0.008658008658008658
Fraction of Detectors with an incidence >10.0 seconds =  0.004329004329004329
Running jump detector
starting jump iter 1 of 1
have filtered data, now searching for jumps
Median number of jumps =  0.0
Fraction of Detectors Cut From Jumps =  0.0
Computing PSDs
Fitting PSDs
Fraction of Detectors cut in PSD analysis=  0.06060606060606061
52.61 Hz: 579 occurrences
42.78 Hz: 98 occurrences
16.58 Hz: 57 occurrences
4.71 Hz: 31 occurrences
47.69 Hz: 10 occurrences
Total Fraction of Detectors cut =  0.4458874458874459
Replacing Data for 231 Detectors
Reading in the file
Reading in network 9 from file:  /work/toltec/commissioning2025-test/2025-ENG-oof-090426/jgolec/2015+371/reduced_TODs/redu00/157229/raw/toltec_commissioning_pointing_157229_rtc_timestream.nc
ndet = 120  nsamp = 7324
Sample rate =  122.0703125
Finished reading in the file
##########################################
Gain Cut Fraction =  0.14166666666666666
Offset Cut Fraction =  0.23333333333333334
RMS Cut Fraction =  0.25
Fraction of Detectors cut by CM cuts =  0.2833333333333333
##########################################
Running Spike Finder
Number of TODs with spike counts greater than 10.0 times the median =  36
Fraction of TODs =  0.3
Spike Finder finished
Running Despiker
Time to despike =  0.033179283142089844
Fraction of Detectors cut in despiking =  0.0
Fraction of Detectors with an incidence >10.0 seconds =  0.0
Running jump detector
starting jump iter 1 of 1
have filtered data, now searching for jumps
Median number of jumps =  0.0
Fraction of Detectors Cut From Jumps =  0.058333333333333334
Computing PSDs
Fitting PSDs
Fraction of Detectors cut in PSD analysis=  0.075
47.69 Hz: 1246 occurrences
11.26 Hz: 130 occurrences
52.61 Hz: 59 occurrences
57.52 Hz: 3 occurrences
26.41 Hz: 3 occurrences
Total Fraction of Detectors cut =  0.5583333333333333
Replacing Data for 120 Detectors
Reading in the file
Reading in network 11 from file:  /work/toltec/commissioning2025-test/2025-ENG-oof-090426/jgolec/2015+371/reduced_TODs/redu00/157229/raw/toltec_commissioning_pointing_157229_rtc_timestream.nc
ndet = 309  nsamp = 7324
Sample rate =  122.0703125
Finished reading in the file
##########################################
Gain Cut Fraction =  0.08414239482200647
Offset Cut Fraction =  0.24919093851132687
RMS Cut Fraction =  0.2524271844660194
Fraction of Detectors cut by CM cuts =  0.2783171521035599
##########################################
Running Spike Finder
Number of TODs with spike counts greater than 10.0 times the median =  97
Fraction of TODs =  0.313915857605178
Spike Finder finished
Running Despiker
Time to despike =  0.1815478801727295
Fraction of Detectors cut in despiking =  0.13915857605177995
Fraction of Detectors with an incidence >10.0 seconds =  0.07766990291262135
Running jump detector
starting jump iter 1 of 1
have filtered data, now searching for jumps
Median number of jumps =  0.0
Fraction of Detectors Cut From Jumps =  0.038834951456310676
Computing PSDs
Fitting PSDs
Fraction of Detectors cut in PSD analysis=  0.0744336569579288
11.26 Hz: 52 occurrences
39.10 Hz: 50 occurrences
58.75 Hz: 24 occurrences
53.84 Hz: 15 occurrences
Total Fraction of Detectors cut =  0.43042071197411
Replacing Data for 309 Detectors
Reading in the file
Reading in network 12 from file:  /work/toltec/commissioning2025-test/2025-ENG-oof-090426/jgolec/2015+371/reduced_TODs/redu00/157229/raw/toltec_commissioning_pointing_157229_rtc_timestream.nc
ndet = 236  nsamp = 7324
Sample rate =  122.0703125
Finished reading in the file
##########################################
Gain Cut Fraction =  0.1694915254237288
Offset Cut Fraction =  0.2627118644067797
RMS Cut Fraction =  0.2457627118644068
Fraction of Detectors cut by CM cuts =  0.3347457627118644
##########################################
Running Spike Finder
Number of TODs with spike counts greater than 10.0 times the median =  68
Fraction of TODs =  0.288135593220339
Spike Finder finished
Running Despiker
Time to despike =  0.07771778106689453
Fraction of Detectors cut in despiking =  0.06779661016949153
Fraction of Detectors with an incidence >10.0 seconds =  0.025423728813559324
Running jump detector
starting jump iter 1 of 1
have filtered data, now searching for jumps
Median number of jumps =  0.0
Fraction of Detectors Cut From Jumps =  0.046610169491525424
Computing PSDs
Fitting PSDs
Fraction of Detectors cut in PSD analysis=  0.1228813559322034
57.52 Hz: 31 occurrences
10.85 Hz: 13 occurrences
28.45 Hz: 1 occurrences
Total Fraction of Detectors cut =  0.5127118644067796
Replacing Data for 236 Detectors
Reading in the file
Reading in network 0 from file:  /work/toltec/commissioning2025-test/2025-ENG-oof-090426/jgolec/2015+371/reduced_TODs/redu00/157230/raw/toltec_commissioning_pointing_157230_rtc_timestream.nc
ndet = 254  nsamp = 7324
Sample rate =  122.0703125
Finished reading in the file
##########################################
Gain Cut Fraction =  0.12992125984251968
Offset Cut Fraction =  0.1732283464566929
RMS Cut Fraction =  0.22440944881889763
Fraction of Detectors cut by CM cuts =  0.30708661417322836
##########################################
Running Spike Finder
Number of TODs with spike counts greater than 10.0 times the median =  36
Fraction of TODs =  0.14173228346456693
Spike Finder finished
Running Despiker
Time to despike =  0.09492826461791992
Fraction of Detectors cut in despiking =  0.09448818897637795
Fraction of Detectors with an incidence >10.0 seconds =  0.003937007874015748
Running jump detector
starting jump iter 1 of 1
have filtered data, now searching for jumps
Median number of jumps =  0.0
Fraction of Detectors Cut From Jumps =  0.01968503937007874
Computing PSDs
Fitting PSDs
Fraction of Detectors cut in PSD analysis=  0.047244094488188976
58.75 Hz: 1587 occurrences
34.18 Hz: 65 occurrences
19.45 Hz: 56 occurrences
4.71 Hz: 39 occurrences
57.52 Hz: 31 occurrences
Total Fraction of Detectors cut =  0.3425196850393701
Replacing Data for 254 Detectors
Reading in the file
Reading in network 1 from file:  /work/toltec/commissioning2025-test/2025-ENG-oof-090426/jgolec/2015+371/reduced_TODs/redu00/157230/raw/toltec_commissioning_pointing_157230_rtc_timestream.nc
ndet = 302  nsamp = 7324
Sample rate =  122.0703125
Finished reading in the file
##########################################
Gain Cut Fraction =  0.1456953642384106
Offset Cut Fraction =  0.17549668874172186
RMS Cut Fraction =  0.20860927152317882
Fraction of Detectors cut by CM cuts =  0.31456953642384106
##########################################
Running Spike Finder
Number of TODs with spike counts greater than 10.0 times the median =  4
Fraction of TODs =  0.013245033112582781
Spike Finder finished
Running Despiker
Time to despike =  0.01569056510925293
Fraction of Detectors cut in despiking =  0.0
Fraction of Detectors with an incidence >10.0 seconds =  0.0
Running jump detector
starting jump iter 1 of 1
have filtered data, now searching for jumps
Median number of jumps =  0.0
Fraction of Detectors Cut From Jumps =  0.0
Computing PSDs
Fitting PSDs
Fraction of Detectors cut in PSD analysis=  0.06622516556291391
48.92 Hz: 1196 occurrences
19.45 Hz: 191 occurrences
44.01 Hz: 140 occurrences
24.36 Hz: 79 occurrences
9.62 Hz: 60 occurrences
Total Fraction of Detectors cut =  0.347682119205298
Replacing Data for 302 Detectors
Reading in the file
Reading in network 2 from file:  /work/toltec/commissioning2025-test/2025-ENG-oof-090426/jgolec/2015+371/reduced_TODs/redu00/157230/raw/toltec_commissioning_pointing_157230_rtc_timestream.nc
ndet = 335  nsamp = 7324
Sample rate =  122.0703125
Finished reading in the file
##########################################
Gain Cut Fraction =  0.14626865671641792
Offset Cut Fraction =  0.2507462686567164
RMS Cut Fraction =  0.2537313432835821
Fraction of Detectors cut by CM cuts =  0.33134328358208953
##########################################
Running Spike Finder
Number of TODs with spike counts greater than 10.0 times the median =  5
Fraction of TODs =  0.014925373134328358
Spike Finder finished
Running Despiker
Time to despike =  0.013554573059082031
Fraction of Detectors cut in despiking =  0.0
Fraction of Detectors with an incidence >10.0 seconds =  0.0
Running jump detector
starting jump iter 1 of 1
have filtered data, now searching for jumps
Median number of jumps =  0.0
Fraction of Detectors Cut From Jumps =  0.0
Computing PSDs
Fitting PSDs
Fraction of Detectors cut in PSD analysis=  0.08358208955223881
48.92 Hz: 370 occurrences
58.75 Hz: 138 occurrences
29.27 Hz: 35 occurrences
11.26 Hz: 18 occurrences
24.36 Hz: 17 occurrences
Total Fraction of Detectors cut =  0.382089552238806
Replacing Data for 335 Detectors
Reading in the file
Reading in network 3 from file:  /work/toltec/commissioning2025-test/2025-ENG-oof-090426/jgolec/2015+371/reduced_TODs/redu00/157230/raw/toltec_commissioning_pointing_157230_rtc_timestream.nc
ndet = 319  nsamp = 7324
Sample rate =  122.0703125
Finished reading in the file
##########################################
Gain Cut Fraction =  0.1536050156739812
Offset Cut Fraction =  0.18808777429467086
RMS Cut Fraction =  0.20689655172413793
Fraction of Detectors cut by CM cuts =  0.30407523510971785
##########################################
Running Spike Finder
Number of TODs with spike counts greater than 10.0 times the median =  3
Fraction of TODs =  0.009404388714733543
Spike Finder finished
Running Despiker
Time to despike =  0.01902031898498535
Fraction of Detectors cut in despiking =  0.0
Fraction of Detectors with an incidence >10.0 seconds =  0.0
Running jump detector
starting jump iter 1 of 1
have filtered data, now searching for jumps
Median number of jumps =  0.0
Fraction of Detectors Cut From Jumps =  0.0
Computing PSDs
Fitting PSDs
Fraction of Detectors cut in PSD analysis=  0.05642633228840126
58.75 Hz: 762 occurrences
48.92 Hz: 484 occurrences
29.27 Hz: 254 occurrences
57.52 Hz: 44 occurrences
11.26 Hz: 36 occurrences
Total Fraction of Detectors cut =  0.335423197492163
Replacing Data for 319 Detectors
Reading in the file
Reading in network 4 from file:  /work/toltec/commissioning2025-test/2025-ENG-oof-090426/jgolec/2015+371/reduced_TODs/redu00/157230/raw/toltec_commissioning_pointing_157230_rtc_timestream.nc
ndet = 345  nsamp = 7324
Sample rate =  122.0703125
Finished reading in the file
##########################################
Gain Cut Fraction =  0.0927536231884058
Offset Cut Fraction =  0.17391304347826086
RMS Cut Fraction =  0.22028985507246376
Fraction of Detectors cut by CM cuts =  0.2898550724637681
##########################################
Running Spike Finder
Number of TODs with spike counts greater than 10.0 times the median =  30
Fraction of TODs =  0.08695652173913043
Spike Finder finished
Running Despiker
Time to despike =  0.0428776741027832
Fraction of Detectors cut in despiking =  0.02318840579710145
Fraction of Detectors with an incidence >10.0 seconds =  0.002898550724637681
Running jump detector
starting jump iter 1 of 1
have filtered data, now searching for jumps
Median number of jumps =  0.0
Fraction of Detectors Cut From Jumps =  0.0
Computing PSDs
Fitting PSDs
Fraction of Detectors cut in PSD analysis=  0.043478260869565216
58.75 Hz: 687 occurrences
29.27 Hz: 644 occurrences
11.26 Hz: 230 occurrences
48.92 Hz: 177 occurrences
57.52 Hz: 135 occurrences
Total Fraction of Detectors cut =  0.3333333333333333
Replacing Data for 345 Detectors
Reading in the file
Reading in network 5 from file:  /work/toltec/commissioning2025-test/2025-ENG-oof-090426/jgolec/2015+371/reduced_TODs/redu00/157230/raw/toltec_commissioning_pointing_157230_rtc_timestream.nc
ndet = 294  nsamp = 7324
Sample rate =  122.0703125
Finished reading in the file
##########################################
Gain Cut Fraction =  0.1360544217687075
Offset Cut Fraction =  0.16326530612244897
RMS Cut Fraction =  0.19047619047619047
Fraction of Detectors cut by CM cuts =  0.2755102040816326
##########################################
Running Spike Finder
Number of TODs with spike counts greater than 10.0 times the median =  4
Fraction of TODs =  0.013605442176870748
Spike Finder finished
Running Despiker
Time to despike =  0.020130395889282227
Fraction of Detectors cut in despiking =  0.0
Fraction of Detectors with an incidence >10.0 seconds =  0.0
Running jump detector
starting jump iter 1 of 1
have filtered data, now searching for jumps
Median number of jumps =  0.0
Fraction of Detectors Cut From Jumps =  0.003401360544217687
Computing PSDs
Fitting PSDs
Fraction of Detectors cut in PSD analysis=  0.061224489795918366
29.27 Hz: 1087 occurrences
58.75 Hz: 171 occurrences
44.01 Hz: 152 occurrences
34.18 Hz: 95 occurrences
11.26 Hz: 79 occurrences
Total Fraction of Detectors cut =  0.3163265306122449
Replacing Data for 294 Detectors
Reading in the file
Reading in network 6 from file:  /work/toltec/commissioning2025-test/2025-ENG-oof-090426/jgolec/2015+371/reduced_TODs/redu00/157230/raw/toltec_commissioning_pointing_157230_rtc_timestream.nc
ndet = 0  nsamp = 1
Sample rate =  122.0703125
Finished reading in the file
Reading in the file
Reading in network 7 from file:  /work/toltec/commissioning2025-test/2025-ENG-oof-090426/jgolec/2015+371/reduced_TODs/redu00/157230/raw/toltec_commissioning_pointing_157230_rtc_timestream.nc
ndet = 111  nsamp = 7324
Sample rate =  122.0703125
Finished reading in the file
##########################################
Gain Cut Fraction =  0.05405405405405406
Offset Cut Fraction =  0.16216216216216217
RMS Cut Fraction =  0.16216216216216217
Fraction of Detectors cut by CM cuts =  0.1981981981981982
##########################################
Running Spike Finder
Number of TODs with spike counts greater than 10.0 times the median =  3
Fraction of TODs =  0.02702702702702703
Spike Finder finished
Running Despiker
Time to despike =  0.005113124847412109
Fraction of Detectors cut in despiking =  0.0
Fraction of Detectors with an incidence >10.0 seconds =  0.0
Running jump detector
starting jump iter 1 of 1
have filtered data, now searching for jumps
Median number of jumps =  0.0
Fraction of Detectors Cut From Jumps =  0.009009009009009009
Computing PSDs
Fitting PSDs
Fraction of Detectors cut in PSD analysis=  0.0990990990990991
47.69 Hz: 198 occurrences
11.26 Hz: 71 occurrences
26.41 Hz: 24 occurrences
57.52 Hz: 2 occurrences
Total Fraction of Detectors cut =  0.2702702702702703
Replacing Data for 111 Detectors
Reading in the file
Reading in network 8 from file:  /work/toltec/commissioning2025-test/2025-ENG-oof-090426/jgolec/2015+371/reduced_TODs/redu00/157230/raw/toltec_commissioning_pointing_157230_rtc_timestream.nc
ndet = 231  nsamp = 7324
Sample rate =  122.0703125
Finished reading in the file
##########################################
Gain Cut Fraction =  0.2683982683982684
Offset Cut Fraction =  0.15584415584415584
RMS Cut Fraction =  0.24242424242424243
Fraction of Detectors cut by CM cuts =  0.354978354978355
##########################################
Running Spike Finder
Number of TODs with spike counts greater than 10.0 times the median =  10
Fraction of TODs =  0.04329004329004329
Spike Finder finished
Running Despiker
Time to despike =  0.01679253578186035
Fraction of Detectors cut in despiking =  0.008658008658008658
Fraction of Detectors with an incidence >10.0 seconds =  0.004329004329004329
Running jump detector
starting jump iter 1 of 1
have filtered data, now searching for jumps
Median number of jumps =  0.0
Fraction of Detectors Cut From Jumps =  0.008658008658008658
Computing PSDs
Fitting PSDs
Fraction of Detectors cut in PSD analysis=  0.09523809523809523
52.61 Hz: 578 occurrences
42.78 Hz: 98 occurrences
16.58 Hz: 58 occurrences
4.71 Hz: 28 occurrences
36.23 Hz: 15 occurrences
Total Fraction of Detectors cut =  0.42424242424242425
Replacing Data for 231 Detectors
Reading in the file
Reading in network 9 from file:  /work/toltec/commissioning2025-test/2025-ENG-oof-090426/jgolec/2015+371/reduced_TODs/redu00/157230/raw/toltec_commissioning_pointing_157230_rtc_timestream.nc
ndet = 120  nsamp = 7324
Sample rate =  122.0703125
Finished reading in the file
##########################################
Gain Cut Fraction =  0.15833333333333333
Offset Cut Fraction =  0.26666666666666666
RMS Cut Fraction =  0.26666666666666666
Fraction of Detectors cut by CM cuts =  0.31666666666666665
##########################################
Running Spike Finder
Number of TODs with spike counts greater than 10.0 times the median =  3
Fraction of TODs =  0.025
Spike Finder finished
Running Despiker
Time to despike =  0.004652976989746094
Fraction of Detectors cut in despiking =  0.0
Fraction of Detectors with an incidence >10.0 seconds =  0.0
Running jump detector
starting jump iter 1 of 1
have filtered data, now searching for jumps
Median number of jumps =  0.0
Fraction of Detectors Cut From Jumps =  0.03333333333333333
Computing PSDs
Fitting PSDs
Fraction of Detectors cut in PSD analysis=  0.06666666666666667
47.69 Hz: 1455 occurrences
52.61 Hz: 56 occurrences
11.26 Hz: 10 occurrences
57.52 Hz: 3 occurrences
26.41 Hz: 3 occurrences
Total Fraction of Detectors cut =  0.35833333333333334
Replacing Data for 120 Detectors
Reading in the file
Reading in network 11 from file:  /work/toltec/commissioning2025-test/2025-ENG-oof-090426/jgolec/2015+371/reduced_TODs/redu00/157230/raw/toltec_commissioning_pointing_157230_rtc_timestream.nc
ndet = 309  nsamp = 7324
Sample rate =  122.0703125
Finished reading in the file
##########################################
Gain Cut Fraction =  0.06796116504854369
Offset Cut Fraction =  0.2588996763754045
RMS Cut Fraction =  0.2588996763754045
Fraction of Detectors cut by CM cuts =  0.2750809061488673
##########################################
Running Spike Finder
Number of TODs with spike counts greater than 10.0 times the median =  132
Fraction of TODs =  0.42718446601941745
Spike Finder finished
Running Despiker
Time to despike =  0.22745013236999512
Fraction of Detectors cut in despiking =  0.2524271844660194
Fraction of Detectors with an incidence >10.0 seconds =  0.08414239482200647
Running jump detector
starting jump iter 1 of 1
have filtered data, now searching for jumps
Median number of jumps =  0.0
Fraction of Detectors Cut From Jumps =  0.032362459546925564
Computing PSDs
Fitting PSDs
Fraction of Detectors cut in PSD analysis=  0.07766990291262135
39.10 Hz: 46 occurrences
58.75 Hz: 24 occurrences
53.84 Hz: 19 occurrences
10.85 Hz: 7 occurrences
Total Fraction of Detectors cut =  0.5307443365695793
Replacing Data for 309 Detectors
Reading in the file
Reading in network 12 from file:  /work/toltec/commissioning2025-test/2025-ENG-oof-090426/jgolec/2015+371/reduced_TODs/redu00/157230/raw/toltec_commissioning_pointing_157230_rtc_timestream.nc
ndet = 236  nsamp = 7324
Sample rate =  122.0703125
Finished reading in the file
##########################################
Gain Cut Fraction =  0.17796610169491525
Offset Cut Fraction =  0.288135593220339
RMS Cut Fraction =  0.2584745762711864
Fraction of Detectors cut by CM cuts =  0.3686440677966102
##########################################
Running Spike Finder
Number of TODs with spike counts greater than 10.0 times the median =  79
Fraction of TODs =  0.3347457627118644
Spike Finder finished
Running Despiker
Time to despike =  0.0956277847290039
Fraction of Detectors cut in despiking =  0.1228813559322034
Fraction of Detectors with an incidence >10.0 seconds =  0.03389830508474576
Running jump detector
starting jump iter 1 of 1
have filtered data, now searching for jumps
Median number of jumps =  0.0
Fraction of Detectors Cut From Jumps =  0.07203389830508475
Computing PSDs
Fitting PSDs
Fraction of Detectors cut in PSD analysis=  0.13135593220338984
57.52 Hz: 28 occurrences
10.85 Hz: 12 occurrences
28.45 Hz: 1 occurrences
Total Fraction of Detectors cut =  0.5423728813559322
Replacing Data for 236 Detectors
Reading in the file
Reading in network 0 from file:  /work/toltec/commissioning2025-test/2025-ENG-oof-090426/jgolec/2015+371/reduced_TODs/redu00/157237/raw/toltec_commissioning_pointing_157237_rtc_timestream.nc
ndet = 263  nsamp = 7324
Sample rate =  122.0703125
Finished reading in the file
##########################################
Gain Cut Fraction =  0.11787072243346007
Offset Cut Fraction =  0.23954372623574144
RMS Cut Fraction =  0.25475285171102663
Fraction of Detectors cut by CM cuts =  0.33460076045627374
##########################################
Running Spike Finder
Number of TODs with spike counts greater than 10.0 times the median =  28
Fraction of TODs =  0.10646387832699619
Spike Finder finished
Running Despiker
Time to despike =  0.05575847625732422
Fraction of Detectors cut in despiking =  0.045627376425855515
Fraction of Detectors with an incidence >10.0 seconds =  0.0
Running jump detector
starting jump iter 1 of 1
have filtered data, now searching for jumps
Median number of jumps =  0.0
Fraction of Detectors Cut From Jumps =  0.019011406844106463
Computing PSDs
Fitting PSDs
Fraction of Detectors cut in PSD analysis=  0.03802281368821293
58.75 Hz: 908 occurrences
34.18 Hz: 76 occurrences
9.62 Hz: 20 occurrences
57.52 Hz: 18 occurrences
19.45 Hz: 11 occurrences
Total Fraction of Detectors cut =  0.34600760456273766
Replacing Data for 263 Detectors
Reading in the file
Reading in network 1 from file:  /work/toltec/commissioning2025-test/2025-ENG-oof-090426/jgolec/2015+371/reduced_TODs/redu00/157237/raw/toltec_commissioning_pointing_157237_rtc_timestream.nc
ndet = 314  nsamp = 7324
Sample rate =  122.0703125
Finished reading in the file
##########################################
Gain Cut Fraction =  0.14012738853503184
Offset Cut Fraction =  0.2356687898089172
RMS Cut Fraction =  0.2643312101910828
Fraction of Detectors cut by CM cuts =  0.36942675159235666
##########################################
Running Spike Finder
Number of TODs with spike counts greater than 10.0 times the median =  5
Fraction of TODs =  0.01592356687898089
Spike Finder finished
Running Despiker
Time to despike =  0.010416030883789062
Fraction of Detectors cut in despiking =  0.0
Fraction of Detectors with an incidence >10.0 seconds =  0.0
Running jump detector
starting jump iter 1 of 1
have filtered data, now searching for jumps
Median number of jumps =  0.0
Fraction of Detectors Cut From Jumps =  0.0
Computing PSDs
Fitting PSDs
Fraction of Detectors cut in PSD analysis=  0.028662420382165606
48.92 Hz: 1097 occurrences
44.01 Hz: 169 occurrences
24.36 Hz: 59 occurrences
9.62 Hz: 49 occurrences
19.45 Hz: 43 occurrences
Total Fraction of Detectors cut =  0.37898089171974525
Replacing Data for 314 Detectors
Reading in the file
Reading in network 2 from file:  /work/toltec/commissioning2025-test/2025-ENG-oof-090426/jgolec/2015+371/reduced_TODs/redu00/157237/raw/toltec_commissioning_pointing_157237_rtc_timestream.nc
ndet = 337  nsamp = 7324
Sample rate =  122.0703125
Finished reading in the file
##########################################
Gain Cut Fraction =  0.10682492581602374
Offset Cut Fraction =  0.228486646884273
RMS Cut Fraction =  0.24925816023738873
Fraction of Detectors cut by CM cuts =  0.31750741839762614
##########################################
Running Spike Finder
Number of TODs with spike counts greater than 10.0 times the median =  4
Fraction of TODs =  0.011869436201780416
Spike Finder finished
Running Despiker
Time to despike =  0.012435674667358398
Fraction of Detectors cut in despiking =  0.002967359050445104
Fraction of Detectors with an incidence >10.0 seconds =  0.0
Running jump detector
starting jump iter 1 of 1
have filtered data, now searching for jumps
Median number of jumps =  0.0
Fraction of Detectors Cut From Jumps =  0.002967359050445104
Computing PSDs
Fitting PSDs
Fraction of Detectors cut in PSD analysis=  0.05341246290801187
48.92 Hz: 376 occurrences
58.75 Hz: 130 occurrences
29.27 Hz: 72 occurrences
24.36 Hz: 45 occurrences
57.52 Hz: 4 occurrences
Total Fraction of Detectors cut =  0.31750741839762614
Replacing Data for 337 Detectors
Reading in the file
Reading in network 3 from file:  /work/toltec/commissioning2025-test/2025-ENG-oof-090426/jgolec/2015+371/reduced_TODs/redu00/157237/raw/toltec_commissioning_pointing_157237_rtc_timestream.nc
ndet = 343  nsamp = 7324
Sample rate =  122.0703125
Finished reading in the file
##########################################
Gain Cut Fraction =  0.15451895043731778
Offset Cut Fraction =  0.16909620991253643
RMS Cut Fraction =  0.2099125364431487
Fraction of Detectors cut by CM cuts =  0.3236151603498542
##########################################
Running Spike Finder
Number of TODs with spike counts greater than 10.0 times the median =  1
Fraction of TODs =  0.0029154518950437317
Spike Finder finished
Running Despiker
Time to despike =  0.009609460830688477
Fraction of Detectors cut in despiking =  0.0
Fraction of Detectors with an incidence >10.0 seconds =  0.0
Running jump detector
starting jump iter 1 of 1
have filtered data, now searching for jumps
Median number of jumps =  0.0
Fraction of Detectors Cut From Jumps =  0.0
Computing PSDs
Fitting PSDs
Fraction of Detectors cut in PSD analysis=  0.026239067055393587
58.75 Hz: 714 occurrences
48.92 Hz: 331 occurrences
29.27 Hz: 175 occurrences
57.52 Hz: 65 occurrences
53.84 Hz: 24 occurrences
Total Fraction of Detectors cut =  0.32653061224489793
Replacing Data for 343 Detectors
Reading in the file
Reading in network 4 from file:  /work/toltec/commissioning2025-test/2025-ENG-oof-090426/jgolec/2015+371/reduced_TODs/redu00/157237/raw/toltec_commissioning_pointing_157237_rtc_timestream.nc
ndet = 359  nsamp = 7324
Sample rate =  122.0703125
Finished reading in the file
##########################################
Gain Cut Fraction =  0.07799442896935933
Offset Cut Fraction =  0.18384401114206128
RMS Cut Fraction =  0.24233983286908078
Fraction of Detectors cut by CM cuts =  0.2785515320334262
##########################################
Running Spike Finder
Number of TODs with spike counts greater than 10.0 times the median =  12
Fraction of TODs =  0.033426183844011144
Spike Finder finished
Running Despiker
Time to despike =  0.025910139083862305
Fraction of Detectors cut in despiking =  0.005571030640668524
Fraction of Detectors with an incidence >10.0 seconds =  0.0
Running jump detector
starting jump iter 1 of 1
have filtered data, now searching for jumps
Median number of jumps =  0.0
Fraction of Detectors Cut From Jumps =  0.0
Computing PSDs
Fitting PSDs
Fraction of Detectors cut in PSD analysis=  0.06128133704735376
58.75 Hz: 676 occurrences
29.27 Hz: 370 occurrences
48.92 Hz: 166 occurrences
57.52 Hz: 132 occurrences
11.26 Hz: 98 occurrences
Total Fraction of Detectors cut =  0.28690807799442897
Replacing Data for 359 Detectors
Reading in the file
Reading in network 5 from file:  /work/toltec/commissioning2025-test/2025-ENG-oof-090426/jgolec/2015+371/reduced_TODs/redu00/157237/raw/toltec_commissioning_pointing_157237_rtc_timestream.nc
ndet = 300  nsamp = 7324
Sample rate =  122.0703125
Finished reading in the file
##########################################
Gain Cut Fraction =  0.11
Offset Cut Fraction =  0.18333333333333332
RMS Cut Fraction =  0.23333333333333334
Fraction of Detectors cut by CM cuts =  0.30666666666666664
##########################################
Running Spike Finder
Number of TODs with spike counts greater than 10.0 times the median =  11
Fraction of TODs =  0.03666666666666667
Spike Finder finished
Running Despiker
Time to despike =  0.020719289779663086
Fraction of Detectors cut in despiking =  0.013333333333333334
Fraction of Detectors with an incidence >10.0 seconds =  0.01
Running jump detector
starting jump iter 1 of 1
have filtered data, now searching for jumps
Median number of jumps =  0.0
Fraction of Detectors Cut From Jumps =  0.016666666666666666
Computing PSDs
Fitting PSDs
Fraction of Detectors cut in PSD analysis=  0.03666666666666667
29.27 Hz: 748 occurrences
58.75 Hz: 178 occurrences
24.77 Hz: 72 occurrences
44.01 Hz: 59 occurrences
34.18 Hz: 44 occurrences
Total Fraction of Detectors cut =  0.31
Replacing Data for 300 Detectors
Reading in the file
Reading in network 6 from file:  /work/toltec/commissioning2025-test/2025-ENG-oof-090426/jgolec/2015+371/reduced_TODs/redu00/157237/raw/toltec_commissioning_pointing_157237_rtc_timestream.nc
ndet = 0  nsamp = 1
Sample rate =  122.0703125
Finished reading in the file
Reading in the file
Reading in network 7 from file:  /work/toltec/commissioning2025-test/2025-ENG-oof-090426/jgolec/2015+371/reduced_TODs/redu00/157237/raw/toltec_commissioning_pointing_157237_rtc_timestream.nc
ndet = 119  nsamp = 7324
Sample rate =  122.0703125
Finished reading in the file
##########################################
Gain Cut Fraction =  0.03361344537815126
Offset Cut Fraction =  0.08403361344537816
RMS Cut Fraction =  0.15966386554621848
Fraction of Detectors cut by CM cuts =  0.17647058823529413
##########################################
Running Spike Finder
Number of TODs with spike counts greater than 10.0 times the median =  1
Fraction of TODs =  0.008403361344537815
Spike Finder finished
Running Despiker
Time to despike =  0.00519561767578125
Fraction of Detectors cut in despiking =  0.008403361344537815
Fraction of Detectors with an incidence >10.0 seconds =  0.0
Running jump detector
starting jump iter 1 of 1
have filtered data, now searching for jumps
Median number of jumps =  0.0
Fraction of Detectors Cut From Jumps =  0.0
Computing PSDs
Fitting PSDs
Fraction of Detectors cut in PSD analysis=  0.04201680672268908
47.69 Hz: 348 occurrences
11.26 Hz: 199 occurrences
57.52 Hz: 1 occurrences
Total Fraction of Detectors cut =  0.21008403361344538
Replacing Data for 119 Detectors
Reading in the file
Reading in network 8 from file:  /work/toltec/commissioning2025-test/2025-ENG-oof-090426/jgolec/2015+371/reduced_TODs/redu00/157237/raw/toltec_commissioning_pointing_157237_rtc_timestream.nc
ndet = 269  nsamp = 7324
Sample rate =  122.0703125
Finished reading in the file
##########################################
Gain Cut Fraction =  0.09665427509293681
Offset Cut Fraction =  0.12267657992565056
RMS Cut Fraction =  0.1412639405204461
Fraction of Detectors cut by CM cuts =  0.21561338289962825
##########################################
Running Spike Finder
Number of TODs with spike counts greater than 10.0 times the median =  1
Fraction of TODs =  0.0037174721189591076
Spike Finder finished
Running Despiker
Time to despike =  0.007337331771850586
Fraction of Detectors cut in despiking =  0.0
Fraction of Detectors with an incidence >10.0 seconds =  0.0
Running jump detector
starting jump iter 1 of 1
have filtered data, now searching for jumps
Median number of jumps =  0.0
Fraction of Detectors Cut From Jumps =  0.0
Computing PSDs
Fitting PSDs
Fraction of Detectors cut in PSD analysis=  0.03717472118959108
52.61 Hz: 738 occurrences
42.78 Hz: 135 occurrences
4.71 Hz: 46 occurrences
16.58 Hz: 35 occurrences
47.69 Hz: 27 occurrences
Total Fraction of Detectors cut =  0.2527881040892193
Replacing Data for 269 Detectors
Reading in the file
Reading in network 9 from file:  /work/toltec/commissioning2025-test/2025-ENG-oof-090426/jgolec/2015+371/reduced_TODs/redu00/157237/raw/toltec_commissioning_pointing_157237_rtc_timestream.nc
ndet = 149  nsamp = 7324
Sample rate =  122.0703125
Finished reading in the file
##########################################
Gain Cut Fraction =  0.10738255033557047
Offset Cut Fraction =  0.24161073825503357
RMS Cut Fraction =  0.2483221476510067
Fraction of Detectors cut by CM cuts =  0.30201342281879195
##########################################
Running Spike Finder
Number of TODs with spike counts greater than 10.0 times the median =  4
Fraction of TODs =  0.026845637583892617
Spike Finder finished
Running Despiker
Time to despike =  0.0074231624603271484
Fraction of Detectors cut in despiking =  0.020134228187919462
Fraction of Detectors with an incidence >10.0 seconds =  0.0
Running jump detector
starting jump iter 1 of 1
have filtered data, now searching for jumps
Median number of jumps =  0.0
Fraction of Detectors Cut From Jumps =  0.006711409395973154
Computing PSDs
Fitting PSDs
Fraction of Detectors cut in PSD analysis=  0.04697986577181208
47.69 Hz: 1742 occurrences
11.26 Hz: 54 occurrences
52.61 Hz: 36 occurrences
26.41 Hz: 10 occurrences
16.58 Hz: 3 occurrences
Total Fraction of Detectors cut =  0.3288590604026846
Replacing Data for 149 Detectors
Reading in the file
Reading in network 11 from file:  /work/toltec/commissioning2025-test/2025-ENG-oof-090426/jgolec/2015+371/reduced_TODs/redu00/157237/raw/toltec_commissioning_pointing_157237_rtc_timestream.nc
ndet = 329  nsamp = 7324
Sample rate =  122.0703125
Finished reading in the file
##########################################
Gain Cut Fraction =  0.0851063829787234
Offset Cut Fraction =  0.23100303951367782
RMS Cut Fraction =  0.23708206686930092
Fraction of Detectors cut by CM cuts =  0.2978723404255319
##########################################
Running Spike Finder
Number of TODs with spike counts greater than 10.0 times the median =  117
Fraction of TODs =  0.3556231003039514
Spike Finder finished
Running Despiker
Time to despike =  0.2192089557647705
Fraction of Detectors cut in despiking =  0.14285714285714285
Fraction of Detectors with an incidence >10.0 seconds =  0.05167173252279635
Running jump detector
starting jump iter 1 of 1
have filtered data, now searching for jumps
Median number of jumps =  0.0
Fraction of Detectors Cut From Jumps =  0.00911854103343465
Computing PSDs
Fitting PSDs
Fraction of Detectors cut in PSD analysis=  0.0668693009118541
53.84 Hz: 22 occurrences
39.10 Hz: 4 occurrences
10.85 Hz: 4 occurrences
58.75 Hz: 3 occurrences
Total Fraction of Detectors cut =  0.46808510638297873
Replacing Data for 329 Detectors
Reading in the file
Reading in network 12 from file:  /work/toltec/commissioning2025-test/2025-ENG-oof-090426/jgolec/2015+371/reduced_TODs/redu00/157237/raw/toltec_commissioning_pointing_157237_rtc_timestream.nc
ndet = 248  nsamp = 7324
Sample rate =  122.0703125
Finished reading in the file
##########################################
Gain Cut Fraction =  0.11693548387096774
Offset Cut Fraction =  0.1693548387096774
RMS Cut Fraction =  0.1532258064516129
Fraction of Detectors cut by CM cuts =  0.2661290322580645
##########################################
Running Spike Finder
Number of TODs with spike counts greater than 10.0 times the median =  80
Fraction of TODs =  0.3225806451612903
Spike Finder finished
Running Despiker
Time to despike =  0.08012962341308594
Fraction of Detectors cut in despiking =  0.04032258064516129
Fraction of Detectors with an incidence >10.0 seconds =  0.004032258064516129
Running jump detector
starting jump iter 1 of 1
have filtered data, now searching for jumps
Median number of jumps =  0.0
Fraction of Detectors Cut From Jumps =  0.03225806451612903
Computing PSDs
Fitting PSDs
Fraction of Detectors cut in PSD analysis=  0.10887096774193548
57.52 Hz: 38 occurrences
15.76 Hz: 24 occurrences
31.32 Hz: 22 occurrences
28.45 Hz: 21 occurrences
35.00 Hz: 1 occurrences
Total Fraction of Detectors cut =  0.5040322580645161
Replacing Data for 248 Detectors
Reading in the file
Reading in network 0 from file:  /work/toltec/commissioning2025-test/2025-ENG-oof-090426/jgolec/2015+371/reduced_TODs/redu00/157238/raw/toltec_commissioning_pointing_157238_rtc_timestream.nc
ndet = 263  nsamp = 7324
Sample rate =  122.0703125
Finished reading in the file
##########################################
Gain Cut Fraction =  0.11787072243346007
Offset Cut Fraction =  0.2509505703422053
RMS Cut Fraction =  0.27756653992395436
Fraction of Detectors cut by CM cuts =  0.35361216730038025
##########################################
Running Spike Finder
Number of TODs with spike counts greater than 10.0 times the median =  27
Fraction of TODs =  0.10266159695817491
Spike Finder finished
Running Despiker
Time to despike =  0.17559099197387695
Fraction of Detectors cut in despiking =  0.10266159695817491
Fraction of Detectors with an incidence >10.0 seconds =  0.011406844106463879
Running jump detector
starting jump iter 1 of 1
have filtered data, now searching for jumps
Median number of jumps =  0.0
Fraction of Detectors Cut From Jumps =  0.0038022813688212928
Computing PSDs
Fitting PSDs
Fraction of Detectors cut in PSD analysis=  0.053231939163498096
58.75 Hz: 829 occurrences
34.18 Hz: 77 occurrences
10.85 Hz: 63 occurrences
9.62 Hz: 41 occurrences
19.45 Hz: 27 occurrences
Total Fraction of Detectors cut =  0.376425855513308
Replacing Data for 263 Detectors
Reading in the file
Reading in network 1 from file:  /work/toltec/commissioning2025-test/2025-ENG-oof-090426/jgolec/2015+371/reduced_TODs/redu00/157238/raw/toltec_commissioning_pointing_157238_rtc_timestream.nc
ndet = 314  nsamp = 7324
Sample rate =  122.0703125
Finished reading in the file
##########################################
Gain Cut Fraction =  0.13694267515923567
Offset Cut Fraction =  0.1910828025477707
RMS Cut Fraction =  0.23248407643312102
Fraction of Detectors cut by CM cuts =  0.34076433121019106
##########################################
Running Spike Finder
Number of TODs with spike counts greater than 10.0 times the median =  1
Fraction of TODs =  0.0031847133757961785
Spike Finder finished
Running Despiker
Time to despike =  0.18004465103149414
Fraction of Detectors cut in despiking =  0.0031847133757961785
Fraction of Detectors with an incidence >10.0 seconds =  0.0031847133757961785
Running jump detector
starting jump iter 1 of 1
have filtered data, now searching for jumps
Median number of jumps =  0.0
Fraction of Detectors Cut From Jumps =  0.0
Computing PSDs
Fitting PSDs
Fraction of Detectors cut in PSD analysis=  0.041401273885350316
48.92 Hz: 1050 occurrences
10.85 Hz: 256 occurrences
44.01 Hz: 168 occurrences
19.45 Hz: 91 occurrences
9.62 Hz: 84 occurrences
Total Fraction of Detectors cut =  0.35668789808917195
Replacing Data for 314 Detectors
Reading in the file
Reading in network 2 from file:  /work/toltec/commissioning2025-test/2025-ENG-oof-090426/jgolec/2015+371/reduced_TODs/redu00/157238/raw/toltec_commissioning_pointing_157238_rtc_timestream.nc
ndet = 337  nsamp = 7324
Sample rate =  122.0703125
Finished reading in the file
##########################################
Gain Cut Fraction =  0.10979228486646884
Offset Cut Fraction =  0.19287833827893175
RMS Cut Fraction =  0.2166172106824926
Fraction of Detectors cut by CM cuts =  0.28486646884273
##########################################
Running Spike Finder
Number of TODs with spike counts greater than 10.0 times the median =  166
Fraction of TODs =  0.49258160237388726
Spike Finder finished
Running Despiker
Time to despike =  0.12806320190429688
Fraction of Detectors cut in despiking =  0.005934718100890208
Fraction of Detectors with an incidence >10.0 seconds =  0.002967359050445104
Running jump detector
starting jump iter 1 of 1
have filtered data, now searching for jumps
Median number of jumps =  0.0
Fraction of Detectors Cut From Jumps =  0.002967359050445104
Computing PSDs
Fitting PSDs
Fraction of Detectors cut in PSD analysis=  0.07418397626112759
48.92 Hz: 379 occurrences
10.85 Hz: 174 occurrences
58.75 Hz: 127 occurrences
29.27 Hz: 76 occurrences
24.36 Hz: 46 occurrences
Total Fraction of Detectors cut =  0.7151335311572701
Replacing Data for 337 Detectors
Reading in the file
Reading in network 3 from file:  /work/toltec/commissioning2025-test/2025-ENG-oof-090426/jgolec/2015+371/reduced_TODs/redu00/157238/raw/toltec_commissioning_pointing_157238_rtc_timestream.nc
ndet = 343  nsamp = 7324
Sample rate =  122.0703125
Finished reading in the file
##########################################
Gain Cut Fraction =  0.15451895043731778
Offset Cut Fraction =  0.18075801749271136
RMS Cut Fraction =  0.25072886297376096
Fraction of Detectors cut by CM cuts =  0.37026239067055394
##########################################
Running Spike Finder
Number of TODs with spike counts greater than 10.0 times the median =  0
Fraction of TODs =  0.0
Spike Finder finished
Running Despiker
Time to despike =  0.16797232627868652
Fraction of Detectors cut in despiking =  0.0
Fraction of Detectors with an incidence >10.0 seconds =  0.0
Running jump detector
starting jump iter 1 of 1
have filtered data, now searching for jumps
Median number of jumps =  0.0
Fraction of Detectors Cut From Jumps =  0.0
Computing PSDs
Fitting PSDs
Fraction of Detectors cut in PSD analysis=  0.0641399416909621
58.75 Hz: 643 occurrences
10.85 Hz: 405 occurrences
48.92 Hz: 319 occurrences
29.27 Hz: 181 occurrences
57.52 Hz: 56 occurrences
Total Fraction of Detectors cut =  0.40524781341107874
Replacing Data for 343 Detectors
Reading in the file
Reading in network 4 from file:  /work/toltec/commissioning2025-test/2025-ENG-oof-090426/jgolec/2015+371/reduced_TODs/redu00/157238/raw/toltec_commissioning_pointing_157238_rtc_timestream.nc
ndet = 359  nsamp = 7324
Sample rate =  122.0703125
Finished reading in the file
##########################################
Gain Cut Fraction =  0.0807799442896936
Offset Cut Fraction =  0.15877437325905291
RMS Cut Fraction =  0.24512534818941503
Fraction of Detectors cut by CM cuts =  0.2841225626740947
##########################################
Running Spike Finder
Number of TODs with spike counts greater than 10.0 times the median =  1
Fraction of TODs =  0.002785515320334262
Spike Finder finished
Running Despiker
Time to despike =  0.21383929252624512
Fraction of Detectors cut in despiking =  0.011142061281337047
Fraction of Detectors with an incidence >10.0 seconds =  0.002785515320334262
Running jump detector
starting jump iter 1 of 1
have filtered data, now searching for jumps
Median number of jumps =  0.0
Fraction of Detectors Cut From Jumps =  0.0
Computing PSDs
Fitting PSDs
Fraction of Detectors cut in PSD analysis=  0.06685236768802229
58.75 Hz: 645 occurrences
10.85 Hz: 448 occurrences
29.27 Hz: 432 occurrences
48.92 Hz: 161 occurrences
57.52 Hz: 134 occurrences
Total Fraction of Detectors cut =  0.3231197771587744
Replacing Data for 359 Detectors
Reading in the file
Reading in network 5 from file:  /work/toltec/commissioning2025-test/2025-ENG-oof-090426/jgolec/2015+371/reduced_TODs/redu00/157238/raw/toltec_commissioning_pointing_157238_rtc_timestream.nc
ndet = 300  nsamp = 7324
Sample rate =  122.0703125
Finished reading in the file
##########################################
Gain Cut Fraction =  0.10666666666666667
Offset Cut Fraction =  0.15333333333333332
RMS Cut Fraction =  0.21666666666666667
Fraction of Detectors cut by CM cuts =  0.2866666666666667
##########################################
Running Spike Finder
Number of TODs with spike counts greater than 10.0 times the median =  3
Fraction of TODs =  0.01
Spike Finder finished
Running Despiker
Time to despike =  0.1851956844329834
Fraction of Detectors cut in despiking =  0.01
Fraction of Detectors with an incidence >10.0 seconds =  0.0033333333333333335
Running jump detector
starting jump iter 1 of 1
have filtered data, now searching for jumps
Median number of jumps =  0.0
Fraction of Detectors Cut From Jumps =  0.0033333333333333335
Computing PSDs
Fitting PSDs
Fraction of Detectors cut in PSD analysis=  0.05333333333333334
29.27 Hz: 860 occurrences
10.85 Hz: 339 occurrences
58.75 Hz: 157 occurrences
24.77 Hz: 73 occurrences
44.01 Hz: 57 occurrences
Total Fraction of Detectors cut =  0.31
Replacing Data for 300 Detectors
Reading in the file
Reading in network 6 from file:  /work/toltec/commissioning2025-test/2025-ENG-oof-090426/jgolec/2015+371/reduced_TODs/redu00/157238/raw/toltec_commissioning_pointing_157238_rtc_timestream.nc
ndet = 0  nsamp = 1
Sample rate =  122.0703125
Finished reading in the file
Reading in the file
Reading in network 7 from file:  /work/toltec/commissioning2025-test/2025-ENG-oof-090426/jgolec/2015+371/reduced_TODs/redu00/157238/raw/toltec_commissioning_pointing_157238_rtc_timestream.nc
ndet = 119  nsamp = 7324
Sample rate =  122.0703125
Finished reading in the file
##########################################
Gain Cut Fraction =  0.04201680672268908
Offset Cut Fraction =  0.10084033613445378
RMS Cut Fraction =  0.15966386554621848
Fraction of Detectors cut by CM cuts =  0.17647058823529413
##########################################
Running Spike Finder
Number of TODs with spike counts greater than 10.0 times the median =  0
Fraction of TODs =  0.0
Spike Finder finished
Running Despiker
Time to despike =  0.08796834945678711
Fraction of Detectors cut in despiking =  0.03361344537815126
Fraction of Detectors with an incidence >10.0 seconds =  0.0
Running jump detector
starting jump iter 1 of 1
have filtered data, now searching for jumps
Median number of jumps =  0.0
Fraction of Detectors Cut From Jumps =  0.0
Computing PSDs
Fitting PSDs
Fraction of Detectors cut in PSD analysis=  0.07563025210084033
47.69 Hz: 329 occurrences
10.85 Hz: 233 occurrences
Total Fraction of Detectors cut =  0.25210084033613445
Replacing Data for 119 Detectors
Reading in the file
Reading in network 8 from file:  /work/toltec/commissioning2025-test/2025-ENG-oof-090426/jgolec/2015+371/reduced_TODs/redu00/157238/raw/toltec_commissioning_pointing_157238_rtc_timestream.nc
ndet = 269  nsamp = 7324
Sample rate =  122.0703125
Finished reading in the file
##########################################
Gain Cut Fraction =  0.13011152416356878
Offset Cut Fraction =  0.15613382899628253
RMS Cut Fraction =  0.17100371747211895
Fraction of Detectors cut by CM cuts =  0.2788104089219331
##########################################
Running Spike Finder
Number of TODs with spike counts greater than 10.0 times the median =  15
Fraction of TODs =  0.055762081784386616
Spike Finder finished
Running Despiker
Time to despike =  0.021134138107299805
Fraction of Detectors cut in despiking =  0.0
Fraction of Detectors with an incidence >10.0 seconds =  0.0
Running jump detector
starting jump iter 1 of 1
have filtered data, now searching for jumps
Median number of jumps =  0.0
Fraction of Detectors Cut From Jumps =  0.0
Computing PSDs
Fitting PSDs
Fraction of Detectors cut in PSD analysis=  0.01858736059479554
52.61 Hz: 729 occurrences
42.78 Hz: 125 occurrences
4.71 Hz: 50 occurrences
16.58 Hz: 35 occurrences
49.74 Hz: 27 occurrences
Total Fraction of Detectors cut =  0.3308550185873606
Replacing Data for 269 Detectors
Reading in the file
Reading in network 9 from file:  /work/toltec/commissioning2025-test/2025-ENG-oof-090426/jgolec/2015+371/reduced_TODs/redu00/157238/raw/toltec_commissioning_pointing_157238_rtc_timestream.nc
ndet = 149  nsamp = 7324
Sample rate =  122.0703125
Finished reading in the file
##########################################
Gain Cut Fraction =  0.10738255033557047
Offset Cut Fraction =  0.2348993288590604
RMS Cut Fraction =  0.2483221476510067
Fraction of Detectors cut by CM cuts =  0.2953020134228188
##########################################
Running Spike Finder
Number of TODs with spike counts greater than 10.0 times the median =  1
Fraction of TODs =  0.006711409395973154
Spike Finder finished
Running Despiker
Time to despike =  0.12454438209533691
Fraction of Detectors cut in despiking =  0.03355704697986577
Fraction of Detectors with an incidence >10.0 seconds =  0.0
Running jump detector
starting jump iter 1 of 1
have filtered data, now searching for jumps
Median number of jumps =  0.0
Fraction of Detectors Cut From Jumps =  0.0
Computing PSDs
Fitting PSDs
Fraction of Detectors cut in PSD analysis=  0.06040268456375839
47.69 Hz: 1685 occurrences
10.85 Hz: 170 occurrences
52.61 Hz: 35 occurrences
26.41 Hz: 10 occurrences
16.58 Hz: 3 occurrences
Total Fraction of Detectors cut =  0.348993288590604
Replacing Data for 149 Detectors
Reading in the file
Reading in network 11 from file:  /work/toltec/commissioning2025-test/2025-ENG-oof-090426/jgolec/2015+371/reduced_TODs/redu00/157238/raw/toltec_commissioning_pointing_157238_rtc_timestream.nc
ndet = 329  nsamp = 7324
Sample rate =  122.0703125
Finished reading in the file
##########################################
Gain Cut Fraction =  0.0851063829787234
Offset Cut Fraction =  0.2553191489361702
RMS Cut Fraction =  0.26443768996960487
Fraction of Detectors cut by CM cuts =  0.3161094224924012
##########################################
Running Spike Finder
Number of TODs with spike counts greater than 10.0 times the median =  49
Fraction of TODs =  0.14893617021276595
Spike Finder finished
Running Despiker
Time to despike =  0.33307361602783203
Fraction of Detectors cut in despiking =  0.182370820668693
Fraction of Detectors with an incidence >10.0 seconds =  0.06382978723404255
Running jump detector
starting jump iter 1 of 1
have filtered data, now searching for jumps
Median number of jumps =  0.0
Fraction of Detectors Cut From Jumps =  0.0182370820668693
Computing PSDs
Fitting PSDs
Fraction of Detectors cut in PSD analysis=  0.06990881458966565
10.85 Hz: 71 occurrences
53.84 Hz: 20 occurrences
39.10 Hz: 7 occurrences
58.75 Hz: 4 occurrences
Total Fraction of Detectors cut =  0.3556231003039514
Replacing Data for 329 Detectors
Reading in the file
Reading in network 12 from file:  /work/toltec/commissioning2025-test/2025-ENG-oof-090426/jgolec/2015+371/reduced_TODs/redu00/157238/raw/toltec_commissioning_pointing_157238_rtc_timestream.nc
ndet = 248  nsamp = 7324
Sample rate =  122.0703125
Finished reading in the file
##########################################
Gain Cut Fraction =  0.10080645161290322
Offset Cut Fraction =  0.1935483870967742
RMS Cut Fraction =  0.17338709677419356
Fraction of Detectors cut by CM cuts =  0.2661290322580645
##########################################
Running Spike Finder
Number of TODs with spike counts greater than 10.0 times the median =  91
Fraction of TODs =  0.36693548387096775
Spike Finder finished
Running Despiker
Time to despike =  0.1021578311920166
Fraction of Detectors cut in despiking =  0.0967741935483871
Fraction of Detectors with an incidence >10.0 seconds =  0.008064516129032258
Running jump detector
starting jump iter 1 of 1
have filtered data, now searching for jumps
Median number of jumps =  0.0
Fraction of Detectors Cut From Jumps =  0.024193548387096774
Computing PSDs
Fitting PSDs
Fraction of Detectors cut in PSD analysis=  0.09274193548387097
57.52 Hz: 39 occurrences
31.32 Hz: 25 occurrences
15.76 Hz: 24 occurrences
28.45 Hz: 20 occurrences
35.00 Hz: 2 occurrences
Total Fraction of Detectors cut =  0.4959677419354839
Replacing Data for 248 Detectors
Reading in the file
Reading in network 0 from file:  /work/toltec/commissioning2025-test/2025-ENG-oof-090426/jgolec/2015+371/reduced_TODs/redu00/157239/raw/toltec_commissioning_pointing_157239_rtc_timestream.nc
ndet = 263  nsamp = 7324
Sample rate =  122.0703125
Finished reading in the file
##########################################
Gain Cut Fraction =  0.11026615969581749
Offset Cut Fraction =  0.2585551330798479
RMS Cut Fraction =  0.2661596958174905
Fraction of Detectors cut by CM cuts =  0.34220532319391633
##########################################
Running Spike Finder
Number of TODs with spike counts greater than 10.0 times the median =  11
Fraction of TODs =  0.04182509505703422
Spike Finder finished
Running Despiker
Time to despike =  0.3260185718536377
Fraction of Detectors cut in despiking =  0.1634980988593156
Fraction of Detectors with an incidence >10.0 seconds =  0.011406844106463879
Running jump detector
starting jump iter 1 of 1
have filtered data, now searching for jumps
Median number of jumps =  0.0
Fraction of Detectors Cut From Jumps =  0.0076045627376425855
Computing PSDs
Fitting PSDs
Fraction of Detectors cut in PSD analysis=  0.053231939163498096
58.75 Hz: 715 occurrences
10.85 Hz: 181 occurrences
34.18 Hz: 72 occurrences
9.62 Hz: 43 occurrences
19.45 Hz: 33 occurrences
Total Fraction of Detectors cut =  0.4144486692015209
Replacing Data for 263 Detectors
Reading in the file
Reading in network 1 from file:  /work/toltec/commissioning2025-test/2025-ENG-oof-090426/jgolec/2015+371/reduced_TODs/redu00/157239/raw/toltec_commissioning_pointing_157239_rtc_timestream.nc
ndet = 314  nsamp = 7324
Sample rate =  122.0703125
Finished reading in the file
##########################################
Gain Cut Fraction =  0.1305732484076433
Offset Cut Fraction =  0.19745222929936307
RMS Cut Fraction =  0.24522292993630573
Fraction of Detectors cut by CM cuts =  0.3503184713375796
##########################################
Running Spike Finder
Number of TODs with spike counts greater than 10.0 times the median =  0
Fraction of TODs =  0.0
Spike Finder finished
Running Despiker
Time to despike =  0.4198751449584961
Fraction of Detectors cut in despiking =  0.0
Fraction of Detectors with an incidence >10.0 seconds =  0.0
Running jump detector
starting jump iter 1 of 1
have filtered data, now searching for jumps
Median number of jumps =  0.0
Fraction of Detectors Cut From Jumps =  0.0031847133757961785
Computing PSDs
Fitting PSDs
Fraction of Detectors cut in PSD analysis=  0.054140127388535034
48.92 Hz: 967 occurrences
10.85 Hz: 582 occurrences
44.01 Hz: 151 occurrences
9.62 Hz: 98 occurrences
19.45 Hz: 89 occurrences
Total Fraction of Detectors cut =  0.37898089171974525
Replacing Data for 314 Detectors
Reading in the file
Reading in network 2 from file:  /work/toltec/commissioning2025-test/2025-ENG-oof-090426/jgolec/2015+371/reduced_TODs/redu00/157239/raw/toltec_commissioning_pointing_157239_rtc_timestream.nc
ndet = 337  nsamp = 7324
Sample rate =  122.0703125
Finished reading in the file
##########################################
Gain Cut Fraction =  0.09792284866468842
Offset Cut Fraction =  0.228486646884273
RMS Cut Fraction =  0.2433234421364985
Fraction of Detectors cut by CM cuts =  0.314540059347181
##########################################
Running Spike Finder
Number of TODs with spike counts greater than 10.0 times the median =  18
Fraction of TODs =  0.05341246290801187
Spike Finder finished
Running Despiker
Time to despike =  0.308032751083374
Fraction of Detectors cut in despiking =  0.0771513353115727
Fraction of Detectors with an incidence >10.0 seconds =  0.0
Running jump detector
starting jump iter 1 of 1
have filtered data, now searching for jumps
Median number of jumps =  0.0
Fraction of Detectors Cut From Jumps =  0.005934718100890208
Computing PSDs
Fitting PSDs
Fraction of Detectors cut in PSD analysis=  0.08011869436201781
10.85 Hz: 381 occurrences
48.92 Hz: 342 occurrences
58.75 Hz: 105 occurrences
29.27 Hz: 74 occurrences
24.36 Hz: 39 occurrences
Total Fraction of Detectors cut =  0.41543026706231456
Replacing Data for 337 Detectors
Reading in the file
Reading in network 3 from file:  /work/toltec/commissioning2025-test/2025-ENG-oof-090426/jgolec/2015+371/reduced_TODs/redu00/157239/raw/toltec_commissioning_pointing_157239_rtc_timestream.nc
ndet = 343  nsamp = 7324
Sample rate =  122.0703125
Finished reading in the file
##########################################
Gain Cut Fraction =  0.15743440233236153
Offset Cut Fraction =  0.18658892128279883
RMS Cut Fraction =  0.25072886297376096
Fraction of Detectors cut by CM cuts =  0.36151603498542273
##########################################
Running Spike Finder
Number of TODs with spike counts greater than 10.0 times the median =  0
Fraction of TODs =  0.0
Spike Finder finished
Running Despiker
Time to despike =  0.42043113708496094
Fraction of Detectors cut in despiking =  0.0058309037900874635
Fraction of Detectors with an incidence >10.0 seconds =  0.0029154518950437317
Running jump detector
starting jump iter 1 of 1
have filtered data, now searching for jumps
Median number of jumps =  0.0
Fraction of Detectors Cut From Jumps =  0.0058309037900874635
Computing PSDs
Fitting PSDs
Fraction of Detectors cut in PSD analysis=  0.08454810495626822
58.75 Hz: 572 occurrences
10.85 Hz: 524 occurrences
48.92 Hz: 281 occurrences
29.27 Hz: 160 occurrences
57.52 Hz: 42 occurrences
Total Fraction of Detectors cut =  0.40816326530612246
Replacing Data for 343 Detectors
Reading in the file
Reading in network 4 from file:  /work/toltec/commissioning2025-test/2025-ENG-oof-090426/jgolec/2015+371/reduced_TODs/redu00/157239/raw/toltec_commissioning_pointing_157239_rtc_timestream.nc
ndet = 359  nsamp = 7324
Sample rate =  122.0703125
Finished reading in the file
##########################################
Gain Cut Fraction =  0.08635097493036212
Offset Cut Fraction =  0.1615598885793872
RMS Cut Fraction =  0.22562674094707522
Fraction of Detectors cut by CM cuts =  0.26740947075208915
##########################################
Running Spike Finder
Number of TODs with spike counts greater than 10.0 times the median =  0
Fraction of TODs =  0.0
Spike Finder finished
Running Despiker
Time to despike =  0.5232751369476318
Fraction of Detectors cut in despiking =  0.011142061281337047
Fraction of Detectors with an incidence >10.0 seconds =  0.005571030640668524
Running jump detector
starting jump iter 1 of 1
have filtered data, now searching for jumps
Median number of jumps =  0.0
Fraction of Detectors Cut From Jumps =  0.002785515320334262
Computing PSDs
Fitting PSDs
Fraction of Detectors cut in PSD analysis=  0.17827298050139276
10.85 Hz: 629 occurrences
58.75 Hz: 553 occurrences
29.27 Hz: 391 occurrences
48.92 Hz: 162 occurrences
57.52 Hz: 117 occurrences
Total Fraction of Detectors cut =  0.39275766016713093
Replacing Data for 359 Detectors
Reading in the file
Reading in network 5 from file:  /work/toltec/commissioning2025-test/2025-ENG-oof-090426/jgolec/2015+371/reduced_TODs/redu00/157239/raw/toltec_commissioning_pointing_157239_rtc_timestream.nc
ndet = 300  nsamp = 7324
Sample rate =  122.0703125
Finished reading in the file
##########################################
Gain Cut Fraction =  0.11
Offset Cut Fraction =  0.19333333333333333
RMS Cut Fraction =  0.2733333333333333
Fraction of Detectors cut by CM cuts =  0.3466666666666667
##########################################
Running Spike Finder
Number of TODs with spike counts greater than 10.0 times the median =  1
Fraction of TODs =  0.0033333333333333335
Spike Finder finished
Running Despiker
Time to despike =  0.4126241207122803
Fraction of Detectors cut in despiking =  0.006666666666666667
Fraction of Detectors with an incidence >10.0 seconds =  0.0033333333333333335
Running jump detector
starting jump iter 1 of 1
have filtered data, now searching for jumps
Median number of jumps =  0.0
Fraction of Detectors Cut From Jumps =  0.0
Computing PSDs
Fitting PSDs
Fraction of Detectors cut in PSD analysis=  0.11333333333333333
29.27 Hz: 803 occurrences
10.85 Hz: 570 occurrences
58.75 Hz: 143 occurrences
24.36 Hz: 69 occurrences
57.52 Hz: 53 occurrences
Total Fraction of Detectors cut =  0.4
Replacing Data for 300 Detectors
Reading in the file
Reading in network 6 from file:  /work/toltec/commissioning2025-test/2025-ENG-oof-090426/jgolec/2015+371/reduced_TODs/redu00/157239/raw/toltec_commissioning_pointing_157239_rtc_timestream.nc
ndet = 0  nsamp = 1
Sample rate =  122.0703125
Finished reading in the file
Reading in the file
Reading in network 7 from file:  /work/toltec/commissioning2025-test/2025-ENG-oof-090426/jgolec/2015+371/reduced_TODs/redu00/157239/raw/toltec_commissioning_pointing_157239_rtc_timestream.nc
ndet = 119  nsamp = 7324
Sample rate =  122.0703125
Finished reading in the file
##########################################
Gain Cut Fraction =  0.04201680672268908
Offset Cut Fraction =  0.09243697478991597
RMS Cut Fraction =  0.16806722689075632
Fraction of Detectors cut by CM cuts =  0.18487394957983194
##########################################
Running Spike Finder
Number of TODs with spike counts greater than 10.0 times the median =  0
Fraction of TODs =  0.0
Spike Finder finished
Running Despiker
Time to despike =  0.20200848579406738
Fraction of Detectors cut in despiking =  0.0
Fraction of Detectors with an incidence >10.0 seconds =  0.0
Running jump detector
starting jump iter 1 of 1
have filtered data, now searching for jumps
Median number of jumps =  0.0
Fraction of Detectors Cut From Jumps =  0.07563025210084033
Computing PSDs
Fitting PSDs
Fraction of Detectors cut in PSD analysis=  0.09243697478991597
47.69 Hz: 301 occurrences
10.85 Hz: 266 occurrences
Total Fraction of Detectors cut =  0.29411764705882354
Replacing Data for 119 Detectors
Reading in the file
Reading in network 8 from file:  /work/toltec/commissioning2025-test/2025-ENG-oof-090426/jgolec/2015+371/reduced_TODs/redu00/157239/raw/toltec_commissioning_pointing_157239_rtc_timestream.nc
ndet = 269  nsamp = 7324
Sample rate =  122.0703125
Finished reading in the file
##########################################
Gain Cut Fraction =  0.10408921933085502
Offset Cut Fraction =  0.09293680297397769
RMS Cut Fraction =  0.13011152416356878
Fraction of Detectors cut by CM cuts =  0.21189591078066913
##########################################
Running Spike Finder
Number of TODs with spike counts greater than 10.0 times the median =  64
Fraction of TODs =  0.2379182156133829
Spike Finder finished
Running Despiker
Time to despike =  0.0567474365234375
Fraction of Detectors cut in despiking =  0.0
Fraction of Detectors with an incidence >10.0 seconds =  0.0
Running jump detector
starting jump iter 1 of 1
have filtered data, now searching for jumps
Median number of jumps =  0.0
Fraction of Detectors Cut From Jumps =  0.15985130111524162
Computing PSDs
Fitting PSDs
Fraction of Detectors cut in PSD analysis=  0.06691449814126393
52.61 Hz: 713 occurrences
42.78 Hz: 128 occurrences
4.71 Hz: 53 occurrences
16.58 Hz: 35 occurrences
47.69 Hz: 29 occurrences
Total Fraction of Detectors cut =  0.45353159851301117
Replacing Data for 269 Detectors
Reading in the file
Reading in network 9 from file:  /work/toltec/commissioning2025-test/2025-ENG-oof-090426/jgolec/2015+371/reduced_TODs/redu00/157239/raw/toltec_commissioning_pointing_157239_rtc_timestream.nc
ndet = 149  nsamp = 7324
Sample rate =  122.0703125
Finished reading in the file
##########################################
Gain Cut Fraction =  0.10067114093959731
Offset Cut Fraction =  0.2483221476510067
RMS Cut Fraction =  0.2550335570469799
Fraction of Detectors cut by CM cuts =  0.30201342281879195
##########################################
Running Spike Finder
Number of TODs with spike counts greater than 10.0 times the median =  0
Fraction of TODs =  0.0
Spike Finder finished
Running Despiker
Time to despike =  0.22858810424804688
Fraction of Detectors cut in despiking =  0.0
Fraction of Detectors with an incidence >10.0 seconds =  0.0
Running jump detector
starting jump iter 1 of 1
have filtered data, now searching for jumps
Median number of jumps =  0.0
Fraction of Detectors Cut From Jumps =  0.040268456375838924
Computing PSDs
Fitting PSDs
Fraction of Detectors cut in PSD analysis=  0.0738255033557047
47.69 Hz: 1592 occurrences
10.85 Hz: 282 occurrences
52.61 Hz: 31 occurrences
26.41 Hz: 8 occurrences
16.58 Hz: 3 occurrences
Total Fraction of Detectors cut =  0.3624161073825503
Replacing Data for 149 Detectors
Reading in the file
Reading in network 11 from file:  /work/toltec/commissioning2025-test/2025-ENG-oof-090426/jgolec/2015+371/reduced_TODs/redu00/157239/raw/toltec_commissioning_pointing_157239_rtc_timestream.nc
ndet = 329  nsamp = 7324
Sample rate =  122.0703125
Finished reading in the file
##########################################
Gain Cut Fraction =  0.10030395136778116
Offset Cut Fraction =  0.25835866261398177
RMS Cut Fraction =  0.2735562310030395
Fraction of Detectors cut by CM cuts =  0.3373860182370821
##########################################
Running Spike Finder
Number of TODs with spike counts greater than 10.0 times the median =  31
Fraction of TODs =  0.09422492401215805
Spike Finder finished
Running Despiker
Time to despike =  0.3487062454223633
Fraction of Detectors cut in despiking =  0.182370820668693
Fraction of Detectors with an incidence >10.0 seconds =  0.03951367781155015
Running jump detector
starting jump iter 1 of 1
have filtered data, now searching for jumps
Median number of jumps =  0.0
Fraction of Detectors Cut From Jumps =  0.015197568389057751
Computing PSDs
Fitting PSDs
Fraction of Detectors cut in PSD analysis=  0.04559270516717325
53.84 Hz: 21 occurrences
39.10 Hz: 6 occurrences
58.75 Hz: 4 occurrences
10.85 Hz: 2 occurrences
Total Fraction of Detectors cut =  0.3738601823708207
Replacing Data for 329 Detectors
Reading in the file
Reading in network 12 from file:  /work/toltec/commissioning2025-test/2025-ENG-oof-090426/jgolec/2015+371/reduced_TODs/redu00/157239/raw/toltec_commissioning_pointing_157239_rtc_timestream.nc
ndet = 248  nsamp = 7324
Sample rate =  122.0703125
Finished reading in the file
##########################################
Gain Cut Fraction =  0.11693548387096774
Offset Cut Fraction =  0.1693548387096774
RMS Cut Fraction =  0.16129032258064516
Fraction of Detectors cut by CM cuts =  0.2661290322580645
##########################################
Running Spike Finder
Number of TODs with spike counts greater than 10.0 times the median =  78
Fraction of TODs =  0.31451612903225806
Spike Finder finished
Running Despiker
Time to despike =  0.0945587158203125
Fraction of Detectors cut in despiking =  0.06451612903225806
Fraction of Detectors with an incidence >10.0 seconds =  0.008064516129032258
Running jump detector
starting jump iter 1 of 1
have filtered data, now searching for jumps
Median number of jumps =  0.0
Fraction of Detectors Cut From Jumps =  0.016129032258064516
Computing PSDs
Fitting PSDs
Fraction of Detectors cut in PSD analysis=  0.10080645161290322
57.52 Hz: 37 occurrences
31.32 Hz: 25 occurrences
15.76 Hz: 23 occurrences
28.45 Hz: 19 occurrences
32.55 Hz: 2 occurrences
Total Fraction of Detectors cut =  0.4637096774193548
Replacing Data for 248 Detectors
Reading in the file
Reading in network 0 from file:  /work/toltec/commissioning2025-test/2025-ENG-oof-090426/jgolec/2015+371/reduced_TODs/redu00/157242/raw/toltec_commissioning_pointing_157242_rtc_timestream.nc
ndet = 259  nsamp = 7324
Sample rate =  122.0703125
Finished reading in the file
##########################################
Gain Cut Fraction =  0.08494208494208494
Offset Cut Fraction =  0.23938223938223938
RMS Cut Fraction =  0.24324324324324326
Fraction of Detectors cut by CM cuts =  0.3088803088803089
##########################################
Running Spike Finder
Number of TODs with spike counts greater than 10.0 times the median =  11
Fraction of TODs =  0.04247104247104247
Spike Finder finished
Running Despiker
Time to despike =  0.01434183120727539
Fraction of Detectors cut in despiking =  0.003861003861003861
Fraction of Detectors with an incidence >10.0 seconds =  0.0
Running jump detector
starting jump iter 1 of 1
have filtered data, now searching for jumps
Median number of jumps =  0.0
Fraction of Detectors Cut From Jumps =  0.003861003861003861
Computing PSDs
Fitting PSDs
Fraction of Detectors cut in PSD analysis=  0.04247104247104247
58.75 Hz: 1025 occurrences
57.52 Hz: 61 occurrences
34.18 Hz: 36 occurrences
9.62 Hz: 34 occurrences
19.45 Hz: 16 occurrences
Total Fraction of Detectors cut =  0.33204633204633205
Replacing Data for 259 Detectors
Reading in the file
Reading in network 1 from file:  /work/toltec/commissioning2025-test/2025-ENG-oof-090426/jgolec/2015+371/reduced_TODs/redu00/157242/raw/toltec_commissioning_pointing_157242_rtc_timestream.nc
ndet = 311  nsamp = 7324
Sample rate =  122.0703125
Finished reading in the file
##########################################
Gain Cut Fraction =  0.12218649517684887
Offset Cut Fraction =  0.2057877813504823
RMS Cut Fraction =  0.2315112540192926
Fraction of Detectors cut by CM cuts =  0.33440514469453375
##########################################
Running Spike Finder
Number of TODs with spike counts greater than 10.0 times the median =  21
Fraction of TODs =  0.06752411575562701
Spike Finder finished
Running Despiker
Time to despike =  0.028073787689208984
Fraction of Detectors cut in despiking =  0.01929260450160772
Fraction of Detectors with an incidence >10.0 seconds =  0.006430868167202572
Running jump detector
starting jump iter 1 of 1
have filtered data, now searching for jumps
Median number of jumps =  0.0
Fraction of Detectors Cut From Jumps =  0.006430868167202572
Computing PSDs
Fitting PSDs
Fraction of Detectors cut in PSD analysis=  0.02572347266881029
48.92 Hz: 951 occurrences
44.01 Hz: 135 occurrences
24.36 Hz: 72 occurrences
19.45 Hz: 45 occurrences
9.62 Hz: 14 occurrences
Total Fraction of Detectors cut =  0.36012861736334406
Replacing Data for 311 Detectors
Reading in the file
Reading in network 2 from file:  /work/toltec/commissioning2025-test/2025-ENG-oof-090426/jgolec/2015+371/reduced_TODs/redu00/157242/raw/toltec_commissioning_pointing_157242_rtc_timestream.nc
ndet = 337  nsamp = 7324
Sample rate =  122.0703125
Finished reading in the file
##########################################
Gain Cut Fraction =  0.10682492581602374
Offset Cut Fraction =  0.26112759643916916
RMS Cut Fraction =  0.26112759643916916
Fraction of Detectors cut by CM cuts =  0.31750741839762614
##########################################
Running Spike Finder
Number of TODs with spike counts greater than 10.0 times the median =  16
Fraction of TODs =  0.04747774480712166
Spike Finder finished
Running Despiker
Time to despike =  0.028689146041870117
Fraction of Detectors cut in despiking =  0.017804154302670624
Fraction of Detectors with an incidence >10.0 seconds =  0.002967359050445104
Running jump detector
starting jump iter 1 of 1
have filtered data, now searching for jumps
Median number of jumps =  0.0
Fraction of Detectors Cut From Jumps =  0.01483679525222552
Computing PSDs
Fitting PSDs
Fraction of Detectors cut in PSD analysis=  0.05341246290801187
48.92 Hz: 387 occurrences
58.75 Hz: 148 occurrences
29.27 Hz: 100 occurrences
57.52 Hz: 6 occurrences
24.36 Hz: 5 occurrences
Total Fraction of Detectors cut =  0.3323442136498516
Replacing Data for 337 Detectors
Reading in the file
Reading in network 3 from file:  /work/toltec/commissioning2025-test/2025-ENG-oof-090426/jgolec/2015+371/reduced_TODs/redu00/157242/raw/toltec_commissioning_pointing_157242_rtc_timestream.nc
ndet = 341  nsamp = 7324
Sample rate =  122.0703125
Finished reading in the file
##########################################
Gain Cut Fraction =  0.17008797653958943
Offset Cut Fraction =  0.20234604105571846
RMS Cut Fraction =  0.2404692082111437
Fraction of Detectors cut by CM cuts =  0.3724340175953079
##########################################
Running Spike Finder
Number of TODs with spike counts greater than 10.0 times the median =  17
Fraction of TODs =  0.04985337243401759
Spike Finder finished
Running Despiker
Time to despike =  0.02670884132385254
Fraction of Detectors cut in despiking =  0.011730205278592375
Fraction of Detectors with an incidence >10.0 seconds =  0.0
Running jump detector
starting jump iter 1 of 1
have filtered data, now searching for jumps
Median number of jumps =  0.0
Fraction of Detectors Cut From Jumps =  0.002932551319648094
Computing PSDs
Fitting PSDs
Fraction of Detectors cut in PSD analysis=  0.02932551319648094
58.75 Hz: 703 occurrences
48.92 Hz: 282 occurrences
29.27 Hz: 118 occurrences
11.26 Hz: 81 occurrences
53.84 Hz: 41 occurrences
Total Fraction of Detectors cut =  0.39296187683284456
Replacing Data for 341 Detectors
Reading in the file
Reading in network 4 from file:  /work/toltec/commissioning2025-test/2025-ENG-oof-090426/jgolec/2015+371/reduced_TODs/redu00/157242/raw/toltec_commissioning_pointing_157242_rtc_timestream.nc
ndet = 358  nsamp = 7324
Sample rate =  122.0703125
Finished reading in the file
##########################################
Gain Cut Fraction =  0.08100558659217877
Offset Cut Fraction =  0.16759776536312848
RMS Cut Fraction =  0.20391061452513967
Fraction of Detectors cut by CM cuts =  0.2541899441340782
##########################################
Running Spike Finder
Number of TODs with spike counts greater than 10.0 times the median =  18
Fraction of TODs =  0.05027932960893855
Spike Finder finished
Running Despiker
Time to despike =  0.029084444046020508
Fraction of Detectors cut in despiking =  0.019553072625698324
Fraction of Detectors with an incidence >10.0 seconds =  0.00558659217877095
Running jump detector
starting jump iter 1 of 1
have filtered data, now searching for jumps
Median number of jumps =  0.0
Fraction of Detectors Cut From Jumps =  0.00558659217877095
Computing PSDs
Fitting PSDs
Fraction of Detectors cut in PSD analysis=  0.0223463687150838
29.27 Hz: 470 occurrences
58.75 Hz: 411 occurrences
11.26 Hz: 150 occurrences
48.92 Hz: 140 occurrences
57.52 Hz: 101 occurrences
Total Fraction of Detectors cut =  0.27932960893854747
Replacing Data for 358 Detectors
Reading in the file
Reading in network 5 from file:  /work/toltec/commissioning2025-test/2025-ENG-oof-090426/jgolec/2015+371/reduced_TODs/redu00/157242/raw/toltec_commissioning_pointing_157242_rtc_timestream.nc
ndet = 302  nsamp = 7324
Sample rate =  122.0703125
Finished reading in the file
##########################################
Gain Cut Fraction =  0.1456953642384106
Offset Cut Fraction =  0.20198675496688742
RMS Cut Fraction =  0.24172185430463577
Fraction of Detectors cut by CM cuts =  0.32781456953642385
##########################################
Running Spike Finder
Number of TODs with spike counts greater than 10.0 times the median =  56
Fraction of TODs =  0.18543046357615894
Spike Finder finished
Running Despiker
Time to despike =  0.046164512634277344
Fraction of Detectors cut in despiking =  0.04304635761589404
Fraction of Detectors with an incidence >10.0 seconds =  0.0033112582781456954
Running jump detector
starting jump iter 1 of 1
have filtered data, now searching for jumps
Median number of jumps =  0.0
Fraction of Detectors Cut From Jumps =  0.0033112582781456954
Computing PSDs
Fitting PSDs
Fraction of Detectors cut in PSD analysis=  0.023178807947019868
29.27 Hz: 665 occurrences
24.77 Hz: 76 occurrences
58.75 Hz: 76 occurrences
57.52 Hz: 54 occurrences
11.26 Hz: 51 occurrences
Total Fraction of Detectors cut =  0.4139072847682119
Replacing Data for 302 Detectors
Reading in the file
Reading in network 6 from file:  /work/toltec/commissioning2025-test/2025-ENG-oof-090426/jgolec/2015+371/reduced_TODs/redu00/157242/raw/toltec_commissioning_pointing_157242_rtc_timestream.nc
ndet = 0  nsamp = 1
Sample rate =  122.0703125
Finished reading in the file
Reading in the file
Reading in network 7 from file:  /work/toltec/commissioning2025-test/2025-ENG-oof-090426/jgolec/2015+371/reduced_TODs/redu00/157242/raw/toltec_commissioning_pointing_157242_rtc_timestream.nc
ndet = 119  nsamp = 7324
Sample rate =  122.0703125
Finished reading in the file
##########################################
Gain Cut Fraction =  0.05042016806722689
Offset Cut Fraction =  0.14285714285714285
RMS Cut Fraction =  0.19327731092436976
Fraction of Detectors cut by CM cuts =  0.21008403361344538
##########################################
Running Spike Finder
Number of TODs with spike counts greater than 10.0 times the median =  2
Fraction of TODs =  0.01680672268907563
Spike Finder finished
Running Despiker
Time to despike =  0.004563093185424805
Fraction of Detectors cut in despiking =  0.0
Fraction of Detectors with an incidence >10.0 seconds =  0.0
Running jump detector
starting jump iter 1 of 1
have filtered data, now searching for jumps
Median number of jumps =  0.0
Fraction of Detectors Cut From Jumps =  0.0
Computing PSDs
Fitting PSDs
Fraction of Detectors cut in PSD analysis=  0.06722689075630252
47.69 Hz: 252 occurrences
11.26 Hz: 176 occurrences
19.45 Hz: 1 occurrences
14.94 Hz: 1 occurrences
Total Fraction of Detectors cut =  0.25210084033613445
Replacing Data for 119 Detectors
Reading in the file
Reading in network 8 from file:  /work/toltec/commissioning2025-test/2025-ENG-oof-090426/jgolec/2015+371/reduced_TODs/redu00/157242/raw/toltec_commissioning_pointing_157242_rtc_timestream.nc
ndet = 269  nsamp = 7324
Sample rate =  122.0703125
Finished reading in the file
##########################################
Gain Cut Fraction =  0.055762081784386616
Offset Cut Fraction =  0.08921933085501858
RMS Cut Fraction =  0.17100371747211895
Fraction of Detectors cut by CM cuts =  0.20446096654275092
##########################################
Running Spike Finder
Number of TODs with spike counts greater than 10.0 times the median =  1
Fraction of TODs =  0.0037174721189591076
Spike Finder finished
Running Despiker
Time to despike =  0.00851893424987793
Fraction of Detectors cut in despiking =  0.0037174721189591076
Fraction of Detectors with an incidence >10.0 seconds =  0.0037174721189591076
Running jump detector
starting jump iter 1 of 1
have filtered data, now searching for jumps
Median number of jumps =  0.0
Fraction of Detectors Cut From Jumps =  0.0
Computing PSDs
Fitting PSDs
Fraction of Detectors cut in PSD analysis=  0.048327137546468404
52.61 Hz: 654 occurrences
42.78 Hz: 99 occurrences
4.71 Hz: 65 occurrences
16.58 Hz: 44 occurrences
47.69 Hz: 28 occurrences
Total Fraction of Detectors cut =  0.20817843866171004
Replacing Data for 269 Detectors
Reading in the file
Reading in network 9 from file:  /work/toltec/commissioning2025-test/2025-ENG-oof-090426/jgolec/2015+371/reduced_TODs/redu00/157242/raw/toltec_commissioning_pointing_157242_rtc_timestream.nc
ndet = 150  nsamp = 7324
Sample rate =  122.0703125
Finished reading in the file
##########################################
Gain Cut Fraction =  0.08
Offset Cut Fraction =  0.31333333333333335
RMS Cut Fraction =  0.32666666666666666
Fraction of Detectors cut by CM cuts =  0.37333333333333335
##########################################
Running Spike Finder
Number of TODs with spike counts greater than 10.0 times the median =  11
Fraction of TODs =  0.07333333333333333
Spike Finder finished
Running Despiker
Time to despike =  0.010902643203735352
Fraction of Detectors cut in despiking =  0.013333333333333334
Fraction of Detectors with an incidence >10.0 seconds =  0.0
Running jump detector
starting jump iter 1 of 1
have filtered data, now searching for jumps
Median number of jumps =  0.0
Fraction of Detectors Cut From Jumps =  0.0
Computing PSDs
Fitting PSDs
Fraction of Detectors cut in PSD analysis=  0.04
47.69 Hz: 1756 occurrences
11.26 Hz: 82 occurrences
26.41 Hz: 38 occurrences
52.61 Hz: 12 occurrences
59.98 Hz: 3 occurrences
Total Fraction of Detectors cut =  0.44666666666666666
Replacing Data for 150 Detectors
Reading in the file
Reading in network 11 from file:  /work/toltec/commissioning2025-test/2025-ENG-oof-090426/jgolec/2015+371/reduced_TODs/redu00/157242/raw/toltec_commissioning_pointing_157242_rtc_timestream.nc
ndet = 327  nsamp = 7324
Sample rate =  122.0703125
Finished reading in the file
##########################################
Gain Cut Fraction =  0.0672782874617737
Offset Cut Fraction =  0.21712538226299694
RMS Cut Fraction =  0.22324159021406728
Fraction of Detectors cut by CM cuts =  0.25688073394495414
##########################################
Running Spike Finder
Number of TODs with spike counts greater than 10.0 times the median =  41
Fraction of TODs =  0.12538226299694188
Spike Finder finished
Running Despiker
Time to despike =  0.07164430618286133
Fraction of Detectors cut in despiking =  0.07951070336391437
Fraction of Detectors with an incidence >10.0 seconds =  0.03058103975535168
Running jump detector
starting jump iter 1 of 1
have filtered data, now searching for jumps
Median number of jumps =  0.0
Fraction of Detectors Cut From Jumps =  0.009174311926605505
Computing PSDs
Fitting PSDs
Fraction of Detectors cut in PSD analysis=  0.07033639143730887
53.84 Hz: 138 occurrences
10.85 Hz: 37 occurrences
39.10 Hz: 28 occurrences
Total Fraction of Detectors cut =  0.290519877675841
Replacing Data for 327 Detectors
Reading in the file
Reading in network 12 from file:  /work/toltec/commissioning2025-test/2025-ENG-oof-090426/jgolec/2015+371/reduced_TODs/redu00/157242/raw/toltec_commissioning_pointing_157242_rtc_timestream.nc
ndet = 251  nsamp = 7324
Sample rate =  122.0703125
Finished reading in the file
##########################################
Gain Cut Fraction =  0.1553784860557769
Offset Cut Fraction =  0.18326693227091634
RMS Cut Fraction =  0.17131474103585656
Fraction of Detectors cut by CM cuts =  0.27091633466135456
##########################################
Running Spike Finder
Number of TODs with spike counts greater than 10.0 times the median =  14
Fraction of TODs =  0.055776892430278883
Spike Finder finished
Running Despiker
Time to despike =  0.023325443267822266
Fraction of Detectors cut in despiking =  0.0199203187250996
Fraction of Detectors with an incidence >10.0 seconds =  0.01593625498007968
Running jump detector
starting jump iter 1 of 1
have filtered data, now searching for jumps
Median number of jumps =  0.0
Fraction of Detectors Cut From Jumps =  0.01195219123505976
Computing PSDs
Fitting PSDs
Fraction of Detectors cut in PSD analysis=  0.10358565737051793
28.45 Hz: 53 occurrences
10.85 Hz: 9 occurrences
57.52 Hz: 7 occurrences
29.27 Hz: 2 occurrences
5.94 Hz: 2 occurrences
Total Fraction of Detectors cut =  0.3466135458167331
Replacing Data for 251 Detectors
Reading in the file
Reading in network 0 from file:  /work/toltec/commissioning2025-test/2025-ENG-oof-090426/jgolec/2015+371/reduced_TODs/redu00/157243/raw/toltec_commissioning_pointing_157243_rtc_timestream.nc
ndet = 259  nsamp = 7324
Sample rate =  122.0703125
Finished reading in the file
##########################################
Gain Cut Fraction =  0.07722007722007722
Offset Cut Fraction =  0.21235521235521235
RMS Cut Fraction =  0.2277992277992278
Fraction of Detectors cut by CM cuts =  0.2857142857142857
##########################################
Running Spike Finder
Number of TODs with spike counts greater than 10.0 times the median =  79
Fraction of TODs =  0.305019305019305
Spike Finder finished
Running Despiker
Time to despike =  0.07448863983154297
Fraction of Detectors cut in despiking =  0.05019305019305019
Fraction of Detectors with an incidence >10.0 seconds =  0.0
Running jump detector
starting jump iter 1 of 1
have filtered data, now searching for jumps
Median number of jumps =  0.0
Fraction of Detectors Cut From Jumps =  0.007722007722007722
Computing PSDs
Fitting PSDs
Fraction of Detectors cut in PSD analysis=  0.05405405405405406
58.75 Hz: 932 occurrences
57.52 Hz: 72 occurrences
9.62 Hz: 44 occurrences
34.18 Hz: 37 occurrences
19.45 Hz: 24 occurrences
Total Fraction of Detectors cut =  0.4942084942084942
Replacing Data for 259 Detectors
Reading in the file
Reading in network 1 from file:  /work/toltec/commissioning2025-test/2025-ENG-oof-090426/jgolec/2015+371/reduced_TODs/redu00/157243/raw/toltec_commissioning_pointing_157243_rtc_timestream.nc
ndet = 311  nsamp = 7324
Sample rate =  122.0703125
Finished reading in the file
##########################################
Gain Cut Fraction =  0.1189710610932476
Offset Cut Fraction =  0.1864951768488746
RMS Cut Fraction =  0.22508038585209003
Fraction of Detectors cut by CM cuts =  0.3183279742765273
##########################################
Running Spike Finder
Number of TODs with spike counts greater than 10.0 times the median =  110
Fraction of TODs =  0.3536977491961415
Spike Finder finished
Running Despiker
Time to despike =  0.1013040542602539
Fraction of Detectors cut in despiking =  0.01929260450160772
Fraction of Detectors with an incidence >10.0 seconds =  0.00964630225080386
Running jump detector
starting jump iter 1 of 1
have filtered data, now searching for jumps
Median number of jumps =  0.0
Fraction of Detectors Cut From Jumps =  0.003215434083601286
Computing PSDs
Fitting PSDs
Fraction of Detectors cut in PSD analysis=  0.03215434083601286
48.92 Hz: 898 occurrences
44.01 Hz: 133 occurrences
24.36 Hz: 76 occurrences
19.45 Hz: 70 occurrences
11.26 Hz: 30 occurrences
Total Fraction of Detectors cut =  0.5819935691318328
Replacing Data for 311 Detectors
Reading in the file
Reading in network 2 from file:  /work/toltec/commissioning2025-test/2025-ENG-oof-090426/jgolec/2015+371/reduced_TODs/redu00/157243/raw/toltec_commissioning_pointing_157243_rtc_timestream.nc
ndet = 337  nsamp = 7324
Sample rate =  122.0703125
Finished reading in the file
##########################################
Gain Cut Fraction =  0.10682492581602374
Offset Cut Fraction =  0.2344213649851632
RMS Cut Fraction =  0.23738872403560832
Fraction of Detectors cut by CM cuts =  0.2997032640949555
##########################################
Running Spike Finder
Number of TODs with spike counts greater than 10.0 times the median =  53
Fraction of TODs =  0.1572700296735905
Spike Finder finished
Running Despiker
Time to despike =  0.05631828308105469
Fraction of Detectors cut in despiking =  0.01483679525222552
Fraction of Detectors with an incidence >10.0 seconds =  0.002967359050445104
Running jump detector
starting jump iter 1 of 1
have filtered data, now searching for jumps
Median number of jumps =  0.0
Fraction of Detectors Cut From Jumps =  0.0
Computing PSDs
Fitting PSDs
Fraction of Detectors cut in PSD analysis=  0.08902077151335312
48.92 Hz: 377 occurrences
58.75 Hz: 134 occurrences
29.27 Hz: 102 occurrences
11.26 Hz: 38 occurrences
57.52 Hz: 6 occurrences
Total Fraction of Detectors cut =  0.4391691394658754
Replacing Data for 337 Detectors
Reading in the file
Reading in network 3 from file:  /work/toltec/commissioning2025-test/2025-ENG-oof-090426/jgolec/2015+371/reduced_TODs/redu00/157243/raw/toltec_commissioning_pointing_157243_rtc_timestream.nc
ndet = 341  nsamp = 7324
Sample rate =  122.0703125
Finished reading in the file
##########################################
Gain Cut Fraction =  0.16715542521994134
Offset Cut Fraction =  0.17888563049853373
RMS Cut Fraction =  0.2375366568914956
Fraction of Detectors cut by CM cuts =  0.36656891495601174
##########################################
Running Spike Finder
Number of TODs with spike counts greater than 10.0 times the median =  69
Fraction of TODs =  0.20234604105571846
Spike Finder finished
Running Despiker
Time to despike =  0.06305718421936035
Fraction of Detectors cut in despiking =  0.0
Fraction of Detectors with an incidence >10.0 seconds =  0.0
Running jump detector
starting jump iter 1 of 1
have filtered data, now searching for jumps
Median number of jumps =  0.0
Fraction of Detectors Cut From Jumps =  0.0
Computing PSDs
Fitting PSDs
Fraction of Detectors cut in PSD analysis=  0.05278592375366569
58.75 Hz: 696 occurrences
48.92 Hz: 272 occurrences
11.26 Hz: 154 occurrences
29.27 Hz: 115 occurrences
53.84 Hz: 40 occurrences
Total Fraction of Detectors cut =  0.530791788856305
Replacing Data for 341 Detectors
Reading in the file
Reading in network 4 from file:  /work/toltec/commissioning2025-test/2025-ENG-oof-090426/jgolec/2015+371/reduced_TODs/redu00/157243/raw/toltec_commissioning_pointing_157243_rtc_timestream.nc
ndet = 358  nsamp = 7324
Sample rate =  122.0703125
Finished reading in the file
##########################################
Gain Cut Fraction =  0.08379888268156424
Offset Cut Fraction =  0.13128491620111732
RMS Cut Fraction =  0.17318435754189945
Fraction of Detectors cut by CM cuts =  0.23184357541899442
##########################################
Running Spike Finder
Number of TODs with spike counts greater than 10.0 times the median =  118
Fraction of TODs =  0.329608938547486
Spike Finder finished
Running Despiker
Time to despike =  0.10846781730651855
Fraction of Detectors cut in despiking =  0.025139664804469275
Fraction of Detectors with an incidence >10.0 seconds =  0.0
Running jump detector
starting jump iter 1 of 1
have filtered data, now searching for jumps
Median number of jumps =  0.0
Fraction of Detectors Cut From Jumps =  0.0
Computing PSDs
Fitting PSDs
Fraction of Detectors cut in PSD analysis=  0.04748603351955307
29.27 Hz: 494 occurrences
58.75 Hz: 372 occurrences
11.26 Hz: 253 occurrences
48.92 Hz: 137 occurrences
57.52 Hz: 91 occurrences
Total Fraction of Detectors cut =  0.5027932960893855
Replacing Data for 358 Detectors
Reading in the file
Reading in network 5 from file:  /work/toltec/commissioning2025-test/2025-ENG-oof-090426/jgolec/2015+371/reduced_TODs/redu00/157243/raw/toltec_commissioning_pointing_157243_rtc_timestream.nc
ndet = 302  nsamp = 7324
Sample rate =  122.0703125
Finished reading in the file
##########################################
Gain Cut Fraction =  0.15562913907284767
Offset Cut Fraction =  0.1490066225165563
RMS Cut Fraction =  0.2152317880794702
Fraction of Detectors cut by CM cuts =  0.3079470198675497
##########################################
Running Spike Finder
Number of TODs with spike counts greater than 10.0 times the median =  85
Fraction of TODs =  0.2814569536423841
Spike Finder finished
Running Despiker
Time to despike =  0.0800175666809082
Fraction of Detectors cut in despiking =  0.016556291390728478
Fraction of Detectors with an incidence >10.0 seconds =  0.0033112582781456954
Running jump detector
starting jump iter 1 of 1
have filtered data, now searching for jumps
Median number of jumps =  0.0
Fraction of Detectors Cut From Jumps =  0.0
Computing PSDs
Fitting PSDs
Fraction of Detectors cut in PSD analysis=  0.029801324503311258
29.27 Hz: 738 occurrences
11.26 Hz: 135 occurrences
24.77 Hz: 77 occurrences
58.75 Hz: 64 occurrences
57.52 Hz: 55 occurrences
Total Fraction of Detectors cut =  0.543046357615894
Replacing Data for 302 Detectors
Reading in the file
Reading in network 6 from file:  /work/toltec/commissioning2025-test/2025-ENG-oof-090426/jgolec/2015+371/reduced_TODs/redu00/157243/raw/toltec_commissioning_pointing_157243_rtc_timestream.nc
ndet = 0  nsamp = 1
Sample rate =  122.0703125
Finished reading in the file
Reading in the file
Reading in network 7 from file:  /work/toltec/commissioning2025-test/2025-ENG-oof-090426/jgolec/2015+371/reduced_TODs/redu00/157243/raw/toltec_commissioning_pointing_157243_rtc_timestream.nc
ndet = 119  nsamp = 7324
Sample rate =  122.0703125
Finished reading in the file
##########################################
Gain Cut Fraction =  0.058823529411764705
Offset Cut Fraction =  0.17647058823529413
RMS Cut Fraction =  0.23529411764705882
Fraction of Detectors cut by CM cuts =  0.2605042016806723
##########################################
Running Spike Finder
Number of TODs with spike counts greater than 10.0 times the median =  48
Fraction of TODs =  0.40336134453781514
Spike Finder finished
Running Despiker
Time to despike =  0.04300880432128906
Fraction of Detectors cut in despiking =  0.04201680672268908
Fraction of Detectors with an incidence >10.0 seconds =  0.0
Running jump detector
starting jump iter 1 of 1
have filtered data, now searching for jumps
Median number of jumps =  0.0
Fraction of Detectors Cut From Jumps =  0.058823529411764705
Computing PSDs
Fitting PSDs
Fraction of Detectors cut in PSD analysis=  0.12605042016806722
47.69 Hz: 251 occurrences
11.26 Hz: 117 occurrences
19.45 Hz: 1 occurrences
Total Fraction of Detectors cut =  0.6386554621848739
Replacing Data for 119 Detectors
Reading in the file
Reading in network 8 from file:  /work/toltec/commissioning2025-test/2025-ENG-oof-090426/jgolec/2015+371/reduced_TODs/redu00/157243/raw/toltec_commissioning_pointing_157243_rtc_timestream.nc
ndet = 269  nsamp = 7324
Sample rate =  122.0703125
Finished reading in the file
##########################################
Gain Cut Fraction =  0.02973977695167286
Offset Cut Fraction =  0.0
RMS Cut Fraction =  0.13382899628252787
Fraction of Detectors cut by CM cuts =  0.15613382899628253
##########################################
Running Spike Finder
Number of TODs with spike counts greater than 10.0 times the median =  7
Fraction of TODs =  0.026022304832713755
Spike Finder finished
Running Despiker
Time to despike =  0.013038158416748047
Fraction of Detectors cut in despiking =  0.0037174721189591076
Fraction of Detectors with an incidence >10.0 seconds =  0.0037174721189591076
Running jump detector
starting jump iter 1 of 1
have filtered data, now searching for jumps
Median number of jumps =  0.0
Fraction of Detectors Cut From Jumps =  0.007434944237918215
Computing PSDs
Fitting PSDs
Fraction of Detectors cut in PSD analysis=  0.048327137546468404
52.61 Hz: 660 occurrences
42.78 Hz: 101 occurrences
4.71 Hz: 66 occurrences
16.58 Hz: 44 occurrences
9.62 Hz: 25 occurrences
Total Fraction of Detectors cut =  0.20817843866171004
Replacing Data for 269 Detectors
Reading in the file
Reading in network 9 from file:  /work/toltec/commissioning2025-test/2025-ENG-oof-090426/jgolec/2015+371/reduced_TODs/redu00/157243/raw/toltec_commissioning_pointing_157243_rtc_timestream.nc
ndet = 150  nsamp = 7324
Sample rate =  122.0703125
Finished reading in the file
##########################################
Gain Cut Fraction =  0.06666666666666667
Offset Cut Fraction =  0.32666666666666666
RMS Cut Fraction =  0.32666666666666666
Fraction of Detectors cut by CM cuts =  0.36666666666666664
##########################################
Running Spike Finder
Number of TODs with spike counts greater than 10.0 times the median =  62
Fraction of TODs =  0.41333333333333333
Spike Finder finished
Running Despiker
Time to despike =  0.06942248344421387
Fraction of Detectors cut in despiking =  0.0
Fraction of Detectors with an incidence >10.0 seconds =  0.0
Running jump detector
starting jump iter 1 of 1
have filtered data, now searching for jumps
Median number of jumps =  0.0
Fraction of Detectors Cut From Jumps =  0.07333333333333333
Computing PSDs
Fitting PSDs
Fraction of Detectors cut in PSD analysis=  0.08666666666666667
47.69 Hz: 1753 occurrences
11.26 Hz: 55 occurrences
26.41 Hz: 36 occurrences
52.61 Hz: 9 occurrences
57.52 Hz: 1 occurrences
Total Fraction of Detectors cut =  0.7
Replacing Data for 150 Detectors
Reading in the file
Reading in network 11 from file:  /work/toltec/commissioning2025-test/2025-ENG-oof-090426/jgolec/2015+371/reduced_TODs/redu00/157243/raw/toltec_commissioning_pointing_157243_rtc_timestream.nc
ndet = 327  nsamp = 7324
Sample rate =  122.0703125
Finished reading in the file
##########################################
Gain Cut Fraction =  0.06422018348623854
Offset Cut Fraction =  0.22324159021406728
RMS Cut Fraction =  0.22935779816513763
Fraction of Detectors cut by CM cuts =  0.25382262996941896
##########################################
Running Spike Finder
Number of TODs with spike counts greater than 10.0 times the median =  101
Fraction of TODs =  0.308868501529052
Spike Finder finished
Running Despiker
Time to despike =  0.12847328186035156
Fraction of Detectors cut in despiking =  0.07033639143730887
Fraction of Detectors with an incidence >10.0 seconds =  0.024464831804281346
Running jump detector
starting jump iter 1 of 1
have filtered data, now searching for jumps
Median number of jumps =  0.0
Fraction of Detectors Cut From Jumps =  0.012232415902140673
Computing PSDs
Fitting PSDs
Fraction of Detectors cut in PSD analysis=  0.07339449541284404
53.84 Hz: 131 occurrences
10.85 Hz: 55 occurrences
39.10 Hz: 29 occurrences
57.52 Hz: 5 occurrences
Total Fraction of Detectors cut =  0.44036697247706424
Replacing Data for 327 Detectors
Reading in the file
Reading in network 12 from file:  /work/toltec/commissioning2025-test/2025-ENG-oof-090426/jgolec/2015+371/reduced_TODs/redu00/157243/raw/toltec_commissioning_pointing_157243_rtc_timestream.nc
ndet = 251  nsamp = 7324
Sample rate =  122.0703125
Finished reading in the file
##########################################
Gain Cut Fraction =  0.15139442231075698
Offset Cut Fraction =  0.199203187250996
RMS Cut Fraction =  0.1952191235059761
Fraction of Detectors cut by CM cuts =  0.28286852589641437
##########################################
Running Spike Finder
Number of TODs with spike counts greater than 10.0 times the median =  30
Fraction of TODs =  0.11952191235059761
Spike Finder finished
Running Despiker
Time to despike =  0.032219648361206055
Fraction of Detectors cut in despiking =  0.01593625498007968
Fraction of Detectors with an incidence >10.0 seconds =  0.01593625498007968
Running jump detector
starting jump iter 1 of 1
have filtered data, now searching for jumps
Median number of jumps =  0.0
Fraction of Detectors Cut From Jumps =  0.00796812749003984
Computing PSDs
Fitting PSDs
Fraction of Detectors cut in PSD analysis=  0.08764940239043825
28.45 Hz: 51 occurrences
57.52 Hz: 11 occurrences
10.85 Hz: 10 occurrences
42.78 Hz: 2 occurrences
5.94 Hz: 2 occurrences
Total Fraction of Detectors cut =  0.3944223107569721
Replacing Data for 251 Detectors
Reading in the file
Reading in network 0 from file:  /work/toltec/commissioning2025-test/2025-ENG-oof-090426/jgolec/2015+371/reduced_TODs/redu00/157244/raw/toltec_commissioning_pointing_157244_rtc_timestream.nc
ndet = 259  nsamp = 7324
Sample rate =  122.0703125
Finished reading in the file
##########################################
Gain Cut Fraction =  0.08494208494208494
Offset Cut Fraction =  0.18532818532818532
RMS Cut Fraction =  0.22007722007722008
Fraction of Detectors cut by CM cuts =  0.28185328185328185
##########################################
Running Spike Finder
Number of TODs with spike counts greater than 10.0 times the median =  59
Fraction of TODs =  0.2277992277992278
Spike Finder finished
Running Despiker
Time to despike =  0.05685544013977051
Fraction of Detectors cut in despiking =  0.04247104247104247
Fraction of Detectors with an incidence >10.0 seconds =  0.0
Running jump detector
starting jump iter 1 of 1
have filtered data, now searching for jumps
Median number of jumps =  0.0
Fraction of Detectors Cut From Jumps =  0.011583011583011582
Computing PSDs
Fitting PSDs
Fraction of Detectors cut in PSD analysis=  0.04633204633204633
58.75 Hz: 966 occurrences
11.26 Hz: 122 occurrences
9.62 Hz: 45 occurrences
57.52 Hz: 43 occurrences
34.18 Hz: 37 occurrences
Total Fraction of Detectors cut =  0.444015444015444
Replacing Data for 259 Detectors
Reading in the file
Reading in network 1 from file:  /work/toltec/commissioning2025-test/2025-ENG-oof-090426/jgolec/2015+371/reduced_TODs/redu00/157244/raw/toltec_commissioning_pointing_157244_rtc_timestream.nc
ndet = 311  nsamp = 7324
Sample rate =  122.0703125
Finished reading in the file
##########################################
Gain Cut Fraction =  0.10289389067524116
Offset Cut Fraction =  0.1864951768488746
RMS Cut Fraction =  0.21543408360128619
Fraction of Detectors cut by CM cuts =  0.28938906752411575
##########################################
Running Spike Finder
Number of TODs with spike counts greater than 10.0 times the median =  65
Fraction of TODs =  0.2090032154340836
Spike Finder finished
Running Despiker
Time to despike =  0.05690360069274902
Fraction of Detectors cut in despiking =  0.01607717041800643
Fraction of Detectors with an incidence >10.0 seconds =  0.006430868167202572
Running jump detector
starting jump iter 1 of 1
have filtered data, now searching for jumps
Median number of jumps =  0.0
Fraction of Detectors Cut From Jumps =  0.003215434083601286
Computing PSDs
Fitting PSDs
Fraction of Detectors cut in PSD analysis=  0.04823151125401929
48.92 Hz: 886 occurrences
11.26 Hz: 355 occurrences
44.01 Hz: 134 occurrences
19.45 Hz: 79 occurrences
24.36 Hz: 74 occurrences
Total Fraction of Detectors cut =  0.4565916398713826
Replacing Data for 311 Detectors
Reading in the file
Reading in network 2 from file:  /work/toltec/commissioning2025-test/2025-ENG-oof-090426/jgolec/2015+371/reduced_TODs/redu00/157244/raw/toltec_commissioning_pointing_157244_rtc_timestream.nc
ndet = 337  nsamp = 7324
Sample rate =  122.0703125
Finished reading in the file
##########################################
Gain Cut Fraction =  0.11275964391691394
Offset Cut Fraction =  0.228486646884273
RMS Cut Fraction =  0.2403560830860534
Fraction of Detectors cut by CM cuts =  0.3086053412462908
##########################################
Running Spike Finder
Number of TODs with spike counts greater than 10.0 times the median =  37
Fraction of TODs =  0.10979228486646884
Spike Finder finished
Running Despiker
Time to despike =  0.04070901870727539
Fraction of Detectors cut in despiking =  0.01483679525222552
Fraction of Detectors with an incidence >10.0 seconds =  0.0
Running jump detector
starting jump iter 1 of 1
have filtered data, now searching for jumps
Median number of jumps =  0.0
Fraction of Detectors Cut From Jumps =  0.0
Computing PSDs
Fitting PSDs
Fraction of Detectors cut in PSD analysis=  0.10089020771513353
48.92 Hz: 381 occurrences
11.26 Hz: 284 occurrences
58.75 Hz: 133 occurrences
29.27 Hz: 103 occurrences
24.36 Hz: 16 occurrences
Total Fraction of Detectors cut =  0.41543026706231456
Replacing Data for 337 Detectors
Reading in the file
Reading in network 3 from file:  /work/toltec/commissioning2025-test/2025-ENG-oof-090426/jgolec/2015+371/reduced_TODs/redu00/157244/raw/toltec_commissioning_pointing_157244_rtc_timestream.nc
ndet = 341  nsamp = 7324
Sample rate =  122.0703125
Finished reading in the file
##########################################
Gain Cut Fraction =  0.15542521994134897
Offset Cut Fraction =  0.17888563049853373
RMS Cut Fraction =  0.26099706744868034
Fraction of Detectors cut by CM cuts =  0.36363636363636365
##########################################
Running Spike Finder
Number of TODs with spike counts greater than 10.0 times the median =  57
Fraction of TODs =  0.16715542521994134
Spike Finder finished
Running Despiker
Time to despike =  0.052451133728027344
Fraction of Detectors cut in despiking =  0.0
Fraction of Detectors with an incidence >10.0 seconds =  0.0
Running jump detector
starting jump iter 1 of 1
have filtered data, now searching for jumps
Median number of jumps =  0.0
Fraction of Detectors Cut From Jumps =  0.0
Computing PSDs
Fitting PSDs
Fraction of Detectors cut in PSD analysis=  0.04985337243401759
58.75 Hz: 697 occurrences
11.26 Hz: 496 occurrences
48.92 Hz: 282 occurrences
29.27 Hz: 117 occurrences
53.84 Hz: 42 occurrences
Total Fraction of Detectors cut =  0.49266862170087977
Replacing Data for 341 Detectors
Reading in the file
Reading in network 4 from file:  /work/toltec/commissioning2025-test/2025-ENG-oof-090426/jgolec/2015+371/reduced_TODs/redu00/157244/raw/toltec_commissioning_pointing_157244_rtc_timestream.nc
ndet = 358  nsamp = 7324
Sample rate =  122.0703125
Finished reading in the file
##########################################
Gain Cut Fraction =  0.07541899441340782
Offset Cut Fraction =  0.1564245810055866
RMS Cut Fraction =  0.22625698324022347
Fraction of Detectors cut by CM cuts =  0.2709497206703911
##########################################
Running Spike Finder
Number of TODs with spike counts greater than 10.0 times the median =  106
Fraction of TODs =  0.29608938547486036
Spike Finder finished
Running Despiker
Time to despike =  0.08487272262573242
Fraction of Detectors cut in despiking =  0.01675977653631285
Fraction of Detectors with an incidence >10.0 seconds =  0.00558659217877095
Running jump detector
starting jump iter 1 of 1
have filtered data, now searching for jumps
Median number of jumps =  0.0
Fraction of Detectors Cut From Jumps =  0.002793296089385475
Computing PSDs
Fitting PSDs
Fraction of Detectors cut in PSD analysis=  0.07541899441340782
11.26 Hz: 673 occurrences
29.27 Hz: 508 occurrences
58.75 Hz: 399 occurrences
48.92 Hz: 134 occurrences
57.52 Hz: 78 occurrences
Total Fraction of Detectors cut =  0.5167597765363129
Replacing Data for 358 Detectors
Reading in the file
Reading in network 5 from file:  /work/toltec/commissioning2025-test/2025-ENG-oof-090426/jgolec/2015+371/reduced_TODs/redu00/157244/raw/toltec_commissioning_pointing_157244_rtc_timestream.nc
ndet = 302  nsamp = 7324
Sample rate =  122.0703125
Finished reading in the file
##########################################
Gain Cut Fraction =  0.17549668874172186
Offset Cut Fraction =  0.15894039735099338
RMS Cut Fraction =  0.24503311258278146
Fraction of Detectors cut by CM cuts =  0.3443708609271523
##########################################
Running Spike Finder
Number of TODs with spike counts greater than 10.0 times the median =  78
Fraction of TODs =  0.2582781456953642
Spike Finder finished
Running Despiker
Time to despike =  0.06045842170715332
Fraction of Detectors cut in despiking =  0.0033112582781456954
Fraction of Detectors with an incidence >10.0 seconds =  0.0033112582781456954
Running jump detector
starting jump iter 1 of 1
have filtered data, now searching for jumps
Median number of jumps =  0.0
Fraction of Detectors Cut From Jumps =  0.0
Computing PSDs
Fitting PSDs
Fraction of Detectors cut in PSD analysis=  0.059602649006622516
29.27 Hz: 767 occurrences
11.26 Hz: 570 occurrences
58.75 Hz: 78 occurrences
24.77 Hz: 69 occurrences
57.52 Hz: 52 occurrences
Total Fraction of Detectors cut =  0.5662251655629139
Replacing Data for 302 Detectors
Reading in the file
Reading in network 6 from file:  /work/toltec/commissioning2025-test/2025-ENG-oof-090426/jgolec/2015+371/reduced_TODs/redu00/157244/raw/toltec_commissioning_pointing_157244_rtc_timestream.nc
ndet = 0  nsamp = 1
Sample rate =  122.0703125
Finished reading in the file
Reading in the file
Reading in network 7 from file:  /work/toltec/commissioning2025-test/2025-ENG-oof-090426/jgolec/2015+371/reduced_TODs/redu00/157244/raw/toltec_commissioning_pointing_157244_rtc_timestream.nc
ndet = 119  nsamp = 7324
Sample rate =  122.0703125
Finished reading in the file
##########################################
Gain Cut Fraction =  0.04201680672268908
Offset Cut Fraction =  0.10084033613445378
RMS Cut Fraction =  0.16806722689075632
Fraction of Detectors cut by CM cuts =  0.18487394957983194
##########################################
Running Spike Finder
Number of TODs with spike counts greater than 10.0 times the median =  43
Fraction of TODs =  0.36134453781512604
Spike Finder finished
Running Despiker
Time to despike =  0.03226327896118164
Fraction of Detectors cut in despiking =  0.0
Fraction of Detectors with an incidence >10.0 seconds =  0.0
Running jump detector
starting jump iter 1 of 1
have filtered data, now searching for jumps
Median number of jumps =  0.0
Fraction of Detectors Cut From Jumps =  0.0
Computing PSDs
Fitting PSDs
Fraction of Detectors cut in PSD analysis=  0.09243697478991597
11.26 Hz: 292 occurrences
47.69 Hz: 254 occurrences
19.45 Hz: 1 occurrences
Total Fraction of Detectors cut =  0.5042016806722689
Replacing Data for 119 Detectors
Reading in the file
Reading in network 8 from file:  /work/toltec/commissioning2025-test/2025-ENG-oof-090426/jgolec/2015+371/reduced_TODs/redu00/157244/raw/toltec_commissioning_pointing_157244_rtc_timestream.nc
ndet = 269  nsamp = 7324
Sample rate =  122.0703125
Finished reading in the file
##########################################
Gain Cut Fraction =  0.026022304832713755
Offset Cut Fraction =  0.0
RMS Cut Fraction =  0.10780669144981413
Fraction of Detectors cut by CM cuts =  0.13011152416356878
##########################################
Running Spike Finder
Number of TODs with spike counts greater than 10.0 times the median =  3
Fraction of TODs =  0.011152416356877323
Spike Finder finished
Running Despiker
Time to despike =  0.009465217590332031
Fraction of Detectors cut in despiking =  0.0037174721189591076
Fraction of Detectors with an incidence >10.0 seconds =  0.0037174721189591076
Running jump detector
starting jump iter 1 of 1
have filtered data, now searching for jumps
Median number of jumps =  0.0
Fraction of Detectors Cut From Jumps =  0.0
Computing PSDs
Fitting PSDs
Fraction of Detectors cut in PSD analysis=  0.07806691449814127
52.61 Hz: 661 occurrences
42.78 Hz: 98 occurrences
4.71 Hz: 67 occurrences
16.58 Hz: 44 occurrences
47.69 Hz: 31 occurrences
Total Fraction of Detectors cut =  0.15985130111524162
Replacing Data for 269 Detectors
Reading in the file
Reading in network 9 from file:  /work/toltec/commissioning2025-test/2025-ENG-oof-090426/jgolec/2015+371/reduced_TODs/redu00/157244/raw/toltec_commissioning_pointing_157244_rtc_timestream.nc
ndet = 150  nsamp = 7324
Sample rate =  122.0703125
Finished reading in the file
##########################################
Gain Cut Fraction =  0.07333333333333333
Offset Cut Fraction =  0.26666666666666666
RMS Cut Fraction =  0.2733333333333333
Fraction of Detectors cut by CM cuts =  0.32666666666666666
##########################################
Running Spike Finder
Number of TODs with spike counts greater than 10.0 times the median =  40
Fraction of TODs =  0.26666666666666666
Spike Finder finished
Running Despiker
Time to despike =  0.03296542167663574
Fraction of Detectors cut in despiking =  0.0
Fraction of Detectors with an incidence >10.0 seconds =  0.0
Running jump detector
starting jump iter 1 of 1
have filtered data, now searching for jumps
Median number of jumps =  0.0
Fraction of Detectors Cut From Jumps =  0.0
Computing PSDs
Fitting PSDs
Fraction of Detectors cut in PSD analysis=  0.10666666666666667
47.69 Hz: 1770 occurrences
11.26 Hz: 232 occurrences
26.41 Hz: 42 occurrences
52.61 Hz: 11 occurrences
57.52 Hz: 1 occurrences
Total Fraction of Detectors cut =  0.5733333333333334
Replacing Data for 150 Detectors
Reading in the file
Reading in network 11 from file:  /work/toltec/commissioning2025-test/2025-ENG-oof-090426/jgolec/2015+371/reduced_TODs/redu00/157244/raw/toltec_commissioning_pointing_157244_rtc_timestream.nc
ndet = 327  nsamp = 7324
Sample rate =  122.0703125
Finished reading in the file
##########################################
Gain Cut Fraction =  0.06116207951070336
Offset Cut Fraction =  0.22629969418960244
RMS Cut Fraction =  0.22629969418960244
Fraction of Detectors cut by CM cuts =  0.25076452599388377
##########################################
Running Spike Finder
Number of TODs with spike counts greater than 10.0 times the median =  72
Fraction of TODs =  0.22018348623853212
Spike Finder finished
Running Despiker
Time to despike =  0.12309455871582031
Fraction of Detectors cut in despiking =  0.11314984709480122
Fraction of Detectors with an incidence >10.0 seconds =  0.039755351681957186
Running jump detector
starting jump iter 1 of 1
have filtered data, now searching for jumps
Median number of jumps =  0.0
Fraction of Detectors Cut From Jumps =  0.0061162079510703364
Computing PSDs
Fitting PSDs
Fraction of Detectors cut in PSD analysis=  0.08256880733944955
53.84 Hz: 128 occurrences
10.85 Hz: 80 occurrences
39.10 Hz: 27 occurrences
Total Fraction of Detectors cut =  0.3302752293577982
Replacing Data for 327 Detectors
Reading in the file
Reading in network 12 from file:  /work/toltec/commissioning2025-test/2025-ENG-oof-090426/jgolec/2015+371/reduced_TODs/redu00/157244/raw/toltec_commissioning_pointing_157244_rtc_timestream.nc
ndet = 251  nsamp = 7324
Sample rate =  122.0703125
Finished reading in the file
##########################################
Gain Cut Fraction =  0.14741035856573706
Offset Cut Fraction =  0.199203187250996
RMS Cut Fraction =  0.1952191235059761
Fraction of Detectors cut by CM cuts =  0.2788844621513944
##########################################
Running Spike Finder
Number of TODs with spike counts greater than 10.0 times the median =  25
Fraction of TODs =  0.099601593625498
Spike Finder finished
Running Despiker
Time to despike =  0.04202866554260254
Fraction of Detectors cut in despiking =  0.03187250996015936
Fraction of Detectors with an incidence >10.0 seconds =  0.00796812749003984
Running jump detector
starting jump iter 1 of 1
have filtered data, now searching for jumps
Median number of jumps =  0.0
Fraction of Detectors Cut From Jumps =  0.01195219123505976
Computing PSDs
Fitting PSDs
Fraction of Detectors cut in PSD analysis=  0.08366533864541832
28.45 Hz: 50 occurrences
10.85 Hz: 11 occurrences
57.52 Hz: 9 occurrences
32.96 Hz: 3 occurrences
5.94 Hz: 2 occurrences
Total Fraction of Detectors cut =  0.3545816733067729
Replacing Data for 251 Detectors
Reading in the file
Reading in network 0 from file:  /work/toltec/commissioning2025-test/2025-ENG-oof-090426/jgolec/2015+371/reduced_TODs/redu00/157247/raw/toltec_commissioning_pointing_157247_rtc_timestream.nc
ndet = 260  nsamp = 7324
Sample rate =  122.0703125
Finished reading in the file
##########################################
Gain Cut Fraction =  0.1076923076923077
Offset Cut Fraction =  0.23846153846153847
RMS Cut Fraction =  0.26153846153846155
Fraction of Detectors cut by CM cuts =  0.3346153846153846
##########################################
Running Spike Finder
Number of TODs with spike counts greater than 10.0 times the median =  23
Fraction of TODs =  0.08846153846153847
Spike Finder finished
Running Despiker
Time to despike =  0.02283191680908203
Fraction of Detectors cut in despiking =  0.0038461538461538464
Fraction of Detectors with an incidence >10.0 seconds =  0.0038461538461538464
Running jump detector
starting jump iter 1 of 1
have filtered data, now searching for jumps
Median number of jumps =  0.0
Fraction of Detectors Cut From Jumps =  0.015384615384615385
Computing PSDs
Fitting PSDs
Fraction of Detectors cut in PSD analysis=  0.04230769230769231
58.75 Hz: 1032 occurrences
34.18 Hz: 56 occurrences
9.62 Hz: 31 occurrences
19.45 Hz: 17 occurrences
57.52 Hz: 8 occurrences
Total Fraction of Detectors cut =  0.35384615384615387
Replacing Data for 260 Detectors
Reading in the file
Reading in network 1 from file:  /work/toltec/commissioning2025-test/2025-ENG-oof-090426/jgolec/2015+371/reduced_TODs/redu00/157247/raw/toltec_commissioning_pointing_157247_rtc_timestream.nc
ndet = 307  nsamp = 7324
Sample rate =  122.0703125
Finished reading in the file
##########################################
Gain Cut Fraction =  0.1270358306188925
Offset Cut Fraction =  0.23452768729641693
RMS Cut Fraction =  0.250814332247557
Fraction of Detectors cut by CM cuts =  0.33876221498371334
##########################################
Running Spike Finder
Number of TODs with spike counts greater than 10.0 times the median =  10
Fraction of TODs =  0.03257328990228013
Spike Finder finished
Running Despiker
Time to despike =  0.020795583724975586
Fraction of Detectors cut in despiking =  0.016286644951140065
Fraction of Detectors with an incidence >10.0 seconds =  0.0
Running jump detector
starting jump iter 1 of 1
have filtered data, now searching for jumps
Median number of jumps =  0.0
Fraction of Detectors Cut From Jumps =  0.006514657980456026
Computing PSDs
Fitting PSDs
Fraction of Detectors cut in PSD analysis=  0.03257328990228013
48.92 Hz: 983 occurrences
44.01 Hz: 112 occurrences
9.62 Hz: 62 occurrences
19.45 Hz: 42 occurrences
10.85 Hz: 11 occurrences
Total Fraction of Detectors cut =  0.34527687296416937
Replacing Data for 307 Detectors
Reading in the file
Reading in network 2 from file:  /work/toltec/commissioning2025-test/2025-ENG-oof-090426/jgolec/2015+371/reduced_TODs/redu00/157247/raw/toltec_commissioning_pointing_157247_rtc_timestream.nc
ndet = 339  nsamp = 7324
Sample rate =  122.0703125
Finished reading in the file
##########################################
Gain Cut Fraction =  0.08849557522123894
Offset Cut Fraction =  0.22123893805309736
RMS Cut Fraction =  0.22123893805309736
Fraction of Detectors cut by CM cuts =  0.28023598820059
##########################################
Running Spike Finder
Number of TODs with spike counts greater than 10.0 times the median =  6
Fraction of TODs =  0.017699115044247787
Spike Finder finished
Running Despiker
Time to despike =  0.017082929611206055
Fraction of Detectors cut in despiking =  0.011799410029498525
Fraction of Detectors with an incidence >10.0 seconds =  0.0058997050147492625
Running jump detector
starting jump iter 1 of 1
have filtered data, now searching for jumps
Median number of jumps =  0.0
Fraction of Detectors Cut From Jumps =  0.0
Computing PSDs
Fitting PSDs
Fraction of Detectors cut in PSD analysis=  0.07374631268436578
48.92 Hz: 369 occurrences
58.75 Hz: 87 occurrences
29.27 Hz: 39 occurrences
10.85 Hz: 17 occurrences
24.36 Hz: 9 occurrences
Total Fraction of Detectors cut =  0.30973451327433627
Replacing Data for 339 Detectors
Reading in the file
Reading in network 3 from file:  /work/toltec/commissioning2025-test/2025-ENG-oof-090426/jgolec/2015+371/reduced_TODs/redu00/157247/raw/toltec_commissioning_pointing_157247_rtc_timestream.nc
ndet = 341  nsamp = 7324
Sample rate =  122.0703125
Finished reading in the file
##########################################
Gain Cut Fraction =  0.15835777126099707
Offset Cut Fraction =  0.17008797653958943
RMS Cut Fraction =  0.19941348973607037
Fraction of Detectors cut by CM cuts =  0.3196480938416422
##########################################
Running Spike Finder
Number of TODs with spike counts greater than 10.0 times the median =  1
Fraction of TODs =  0.002932551319648094
Spike Finder finished
Running Despiker
Time to despike =  0.010226726531982422
Fraction of Detectors cut in despiking =  0.0
Fraction of Detectors with an incidence >10.0 seconds =  0.0
Running jump detector
starting jump iter 1 of 1
have filtered data, now searching for jumps
Median number of jumps =  0.0
Fraction of Detectors Cut From Jumps =  0.0
Computing PSDs
Fitting PSDs
Fraction of Detectors cut in PSD analysis=  0.04985337243401759
58.75 Hz: 835 occurrences
48.92 Hz: 309 occurrences
29.27 Hz: 173 occurrences
11.26 Hz: 101 occurrences
57.52 Hz: 32 occurrences
Total Fraction of Detectors cut =  0.3255131964809384
Replacing Data for 341 Detectors
Reading in the file
Reading in network 4 from file:  /work/toltec/commissioning2025-test/2025-ENG-oof-090426/jgolec/2015+371/reduced_TODs/redu00/157247/raw/toltec_commissioning_pointing_157247_rtc_timestream.nc
ndet = 357  nsamp = 7324
Sample rate =  122.0703125
Finished reading in the file
##########################################
Gain Cut Fraction =  0.06722689075630252
Offset Cut Fraction =  0.16806722689075632
RMS Cut Fraction =  0.226890756302521
Fraction of Detectors cut by CM cuts =  0.27170868347338933
##########################################
Running Spike Finder
Number of TODs with spike counts greater than 10.0 times the median =  12
Fraction of TODs =  0.03361344537815126
Spike Finder finished
Running Despiker
Time to despike =  0.02727985382080078
Fraction of Detectors cut in despiking =  0.014005602240896359
Fraction of Detectors with an incidence >10.0 seconds =  0.0
Running jump detector
starting jump iter 1 of 1
have filtered data, now searching for jumps
Median number of jumps =  0.0
Fraction of Detectors Cut From Jumps =  0.0028011204481792717
Computing PSDs
Fitting PSDs
Fraction of Detectors cut in PSD analysis=  0.04481792717086835
58.75 Hz: 506 occurrences
29.27 Hz: 396 occurrences
11.26 Hz: 177 occurrences
48.92 Hz: 155 occurrences
57.52 Hz: 81 occurrences
Total Fraction of Detectors cut =  0.2773109243697479
Replacing Data for 357 Detectors
Reading in the file
Reading in network 5 from file:  /work/toltec/commissioning2025-test/2025-ENG-oof-090426/jgolec/2015+371/reduced_TODs/redu00/157247/raw/toltec_commissioning_pointing_157247_rtc_timestream.nc
ndet = 303  nsamp = 7324
Sample rate =  122.0703125
Finished reading in the file
##########################################
Gain Cut Fraction =  0.0858085808580858
Offset Cut Fraction =  0.15181518151815182
RMS Cut Fraction =  0.2145214521452145
Fraction of Detectors cut by CM cuts =  0.28052805280528054
##########################################
Running Spike Finder
Number of TODs with spike counts greater than 10.0 times the median =  12
Fraction of TODs =  0.039603960396039604
Spike Finder finished
Running Despiker
Time to despike =  0.027703285217285156
Fraction of Detectors cut in despiking =  0.019801980198019802
Fraction of Detectors with an incidence >10.0 seconds =  0.0033003300330033004
Running jump detector
starting jump iter 1 of 1
have filtered data, now searching for jumps
Median number of jumps =  0.0
Fraction of Detectors Cut From Jumps =  0.0
Computing PSDs
Fitting PSDs
Fraction of Detectors cut in PSD analysis=  0.0429042904290429
29.27 Hz: 679 occurrences
58.75 Hz: 126 occurrences
11.26 Hz: 124 occurrences
44.01 Hz: 106 occurrences
24.36 Hz: 84 occurrences
Total Fraction of Detectors cut =  0.29372937293729373
Replacing Data for 303 Detectors
Reading in the file
Reading in network 6 from file:  /work/toltec/commissioning2025-test/2025-ENG-oof-090426/jgolec/2015+371/reduced_TODs/redu00/157247/raw/toltec_commissioning_pointing_157247_rtc_timestream.nc
ndet = 0  nsamp = 1
Sample rate =  122.0703125
Finished reading in the file
Reading in the file
Reading in network 7 from file:  /work/toltec/commissioning2025-test/2025-ENG-oof-090426/jgolec/2015+371/reduced_TODs/redu00/157247/raw/toltec_commissioning_pointing_157247_rtc_timestream.nc
ndet = 119  nsamp = 7324
Sample rate =  122.0703125
Finished reading in the file
##########################################
Gain Cut Fraction =  0.03361344537815126
Offset Cut Fraction =  0.11764705882352941
RMS Cut Fraction =  0.11764705882352941
Fraction of Detectors cut by CM cuts =  0.12605042016806722
##########################################
Running Spike Finder
Number of TODs with spike counts greater than 10.0 times the median =  2
Fraction of TODs =  0.01680672268907563
Spike Finder finished
Running Despiker
Time to despike =  0.0065953731536865234
Fraction of Detectors cut in despiking =  0.008403361344537815
Fraction of Detectors with an incidence >10.0 seconds =  0.0
Running jump detector
starting jump iter 1 of 1
have filtered data, now searching for jumps
Median number of jumps =  0.0
Fraction of Detectors Cut From Jumps =  0.01680672268907563
Computing PSDs
Fitting PSDs
Fraction of Detectors cut in PSD analysis=  0.06722689075630252
47.69 Hz: 407 occurrences
11.26 Hz: 138 occurrences
26.41 Hz: 24 occurrences
21.49 Hz: 24 occurrences
52.61 Hz: 3 occurrences
Total Fraction of Detectors cut =  0.18487394957983194
Replacing Data for 119 Detectors
Reading in the file
Reading in network 8 from file:  /work/toltec/commissioning2025-test/2025-ENG-oof-090426/jgolec/2015+371/reduced_TODs/redu00/157247/raw/toltec_commissioning_pointing_157247_rtc_timestream.nc
ndet = 266  nsamp = 7324
Sample rate =  122.0703125
Finished reading in the file
##########################################
Gain Cut Fraction =  0.041353383458646614
Offset Cut Fraction =  0.0
RMS Cut Fraction =  0.08646616541353383
Fraction of Detectors cut by CM cuts =  0.12030075187969924
##########################################
Running Spike Finder
Number of TODs with spike counts greater than 10.0 times the median =  1
Fraction of TODs =  0.0037593984962406013
Spike Finder finished
Running Despiker
Time to despike =  0.006843090057373047
Fraction of Detectors cut in despiking =  0.0
Fraction of Detectors with an incidence >10.0 seconds =  0.0
Running jump detector
starting jump iter 1 of 1
have filtered data, now searching for jumps
Median number of jumps =  0.0
Fraction of Detectors Cut From Jumps =  0.0
Computing PSDs
Fitting PSDs
Fraction of Detectors cut in PSD analysis=  0.018796992481203006
52.61 Hz: 721 occurrences
42.78 Hz: 140 occurrences
47.69 Hz: 73 occurrences
16.58 Hz: 48 occurrences
4.71 Hz: 37 occurrences
Total Fraction of Detectors cut =  0.13909774436090225
Replacing Data for 266 Detectors
Reading in the file
Reading in network 9 from file:  /work/toltec/commissioning2025-test/2025-ENG-oof-090426/jgolec/2015+371/reduced_TODs/redu00/157247/raw/toltec_commissioning_pointing_157247_rtc_timestream.nc
ndet = 148  nsamp = 7324
Sample rate =  122.0703125
Finished reading in the file
##########################################
Gain Cut Fraction =  0.07432432432432433
Offset Cut Fraction =  0.1891891891891892
RMS Cut Fraction =  0.21621621621621623
Fraction of Detectors cut by CM cuts =  0.28378378378378377
##########################################
Running Spike Finder
Number of TODs with spike counts greater than 10.0 times the median =  2
Fraction of TODs =  0.013513513513513514
Spike Finder finished
Running Despiker
Time to despike =  0.00587153434753418
Fraction of Detectors cut in despiking =  0.0
Fraction of Detectors with an incidence >10.0 seconds =  0.0
Running jump detector
starting jump iter 1 of 1
have filtered data, now searching for jumps
Median number of jumps =  0.0
Fraction of Detectors Cut From Jumps =  0.0
Computing PSDs
Fitting PSDs
Fraction of Detectors cut in PSD analysis=  0.06756756756756757
47.69 Hz: 1919 occurrences
11.26 Hz: 91 occurrences
26.41 Hz: 53 occurrences
52.61 Hz: 36 occurrences
21.49 Hz: 1 occurrences
Total Fraction of Detectors cut =  0.3310810810810811
Replacing Data for 148 Detectors
Reading in the file
Reading in network 11 from file:  /work/toltec/commissioning2025-test/2025-ENG-oof-090426/jgolec/2015+371/reduced_TODs/redu00/157247/raw/toltec_commissioning_pointing_157247_rtc_timestream.nc
ndet = 327  nsamp = 7324
Sample rate =  122.0703125
Finished reading in the file
##########################################
Gain Cut Fraction =  0.09174311926605505
Offset Cut Fraction =  0.22324159021406728
RMS Cut Fraction =  0.25076452599388377
Fraction of Detectors cut by CM cuts =  0.28440366972477066
##########################################
Running Spike Finder
Number of TODs with spike counts greater than 10.0 times the median =  60
Fraction of TODs =  0.1834862385321101
Spike Finder finished
Running Despiker
Time to despike =  0.08285856246948242
Fraction of Detectors cut in despiking =  0.03669724770642202
Fraction of Detectors with an incidence >10.0 seconds =  0.0030581039755351682
Running jump detector
starting jump iter 1 of 1
have filtered data, now searching for jumps
Median number of jumps =  0.0
Fraction of Detectors Cut From Jumps =  0.009174311926605505
Computing PSDs
Fitting PSDs
Fraction of Detectors cut in PSD analysis=  0.04892966360856269
53.84 Hz: 36 occurrences
39.10 Hz: 5 occurrences
10.85 Hz: 2 occurrences
23.54 Hz: 2 occurrences
47.69 Hz: 1 occurrences
Total Fraction of Detectors cut =  0.3669724770642202
Replacing Data for 327 Detectors
Reading in the file
Reading in network 12 from file:  /work/toltec/commissioning2025-test/2025-ENG-oof-090426/jgolec/2015+371/reduced_TODs/redu00/157247/raw/toltec_commissioning_pointing_157247_rtc_timestream.nc
ndet = 248  nsamp = 7324
Sample rate =  122.0703125
Finished reading in the file
##########################################
Gain Cut Fraction =  0.10887096774193548
Offset Cut Fraction =  0.20161290322580644
RMS Cut Fraction =  0.1814516129032258
Fraction of Detectors cut by CM cuts =  0.2661290322580645
##########################################
Running Spike Finder
Number of TODs with spike counts greater than 10.0 times the median =  25
Fraction of TODs =  0.10080645161290322
Spike Finder finished
Running Despiker
Time to despike =  0.028049468994140625
Fraction of Detectors cut in despiking =  0.016129032258064516
Fraction of Detectors with an incidence >10.0 seconds =  0.004032258064516129
Running jump detector
starting jump iter 1 of 1
have filtered data, now searching for jumps
Median number of jumps =  0.0
Fraction of Detectors Cut From Jumps =  0.012096774193548387
Computing PSDs
Fitting PSDs
Fraction of Detectors cut in PSD analysis=  0.0846774193548387
57.52 Hz: 27 occurrences
47.69 Hz: 9 occurrences
45.24 Hz: 8 occurrences
48.92 Hz: 6 occurrences
46.47 Hz: 6 occurrences
Total Fraction of Detectors cut =  0.3548387096774194
Replacing Data for 248 Detectors
Reading in the file
Reading in network 0 from file:  /work/toltec/commissioning2025-test/2025-ENG-oof-090426/jgolec/2015+371/reduced_TODs/redu00/157248/raw/toltec_commissioning_pointing_157248_rtc_timestream.nc
ndet = 260  nsamp = 7324
Sample rate =  122.0703125
Finished reading in the file
##########################################
Gain Cut Fraction =  0.1076923076923077
Offset Cut Fraction =  0.22692307692307692
RMS Cut Fraction =  0.25384615384615383
Fraction of Detectors cut by CM cuts =  0.3269230769230769
##########################################
Running Spike Finder
Number of TODs with spike counts greater than 10.0 times the median =  30
Fraction of TODs =  0.11538461538461539
Spike Finder finished
Running Despiker
Time to despike =  0.025803327560424805
Fraction of Detectors cut in despiking =  0.0
Fraction of Detectors with an incidence >10.0 seconds =  0.0
Running jump detector
starting jump iter 1 of 1
have filtered data, now searching for jumps
Median number of jumps =  0.0
Fraction of Detectors Cut From Jumps =  0.0
Computing PSDs
Fitting PSDs
Fraction of Detectors cut in PSD analysis=  0.05
58.75 Hz: 1001 occurrences
11.26 Hz: 156 occurrences
57.52 Hz: 61 occurrences
34.18 Hz: 55 occurrences
9.62 Hz: 33 occurrences
Total Fraction of Detectors cut =  0.4230769230769231
Replacing Data for 260 Detectors
Reading in the file
Reading in network 1 from file:  /work/toltec/commissioning2025-test/2025-ENG-oof-090426/jgolec/2015+371/reduced_TODs/redu00/157248/raw/toltec_commissioning_pointing_157248_rtc_timestream.nc
ndet = 307  nsamp = 7324
Sample rate =  122.0703125
Finished reading in the file
##########################################
Gain Cut Fraction =  0.1237785016286645
Offset Cut Fraction =  0.20846905537459284
RMS Cut Fraction =  0.23778501628664495
Fraction of Detectors cut by CM cuts =  0.31921824104234525
##########################################
Running Spike Finder
Number of TODs with spike counts greater than 10.0 times the median =  84
Fraction of TODs =  0.2736156351791531
Spike Finder finished
Running Despiker
Time to despike =  0.08139920234680176
Fraction of Detectors cut in despiking =  0.013029315960912053
Fraction of Detectors with an incidence >10.0 seconds =  0.0
Running jump detector
starting jump iter 1 of 1
have filtered data, now searching for jumps
Median number of jumps =  0.0
Fraction of Detectors Cut From Jumps =  0.003257328990228013
Computing PSDs
Fitting PSDs
Fraction of Detectors cut in PSD analysis=  0.026058631921824105
48.92 Hz: 960 occurrences
11.26 Hz: 513 occurrences
44.01 Hz: 111 occurrences
9.62 Hz: 76 occurrences
19.45 Hz: 52 occurrences
Total Fraction of Detectors cut =  0.5276872964169381
Replacing Data for 307 Detectors
Reading in the file
Reading in network 2 from file:  /work/toltec/commissioning2025-test/2025-ENG-oof-090426/jgolec/2015+371/reduced_TODs/redu00/157248/raw/toltec_commissioning_pointing_157248_rtc_timestream.nc
ndet = 339  nsamp = 7324
Sample rate =  122.0703125
Finished reading in the file
##########################################
Gain Cut Fraction =  0.0943952802359882
Offset Cut Fraction =  0.22713864306784662
RMS Cut Fraction =  0.22713864306784662
Fraction of Detectors cut by CM cuts =  0.2920353982300885
##########################################
Running Spike Finder
Number of TODs with spike counts greater than 10.0 times the median =  44
Fraction of TODs =  0.12979351032448377
Spike Finder finished
Running Despiker
Time to despike =  0.05435752868652344
Fraction of Detectors cut in despiking =  0.014749262536873156
Fraction of Detectors with an incidence >10.0 seconds =  0.0
Running jump detector
starting jump iter 1 of 1
have filtered data, now searching for jumps
Median number of jumps =  0.0
Fraction of Detectors Cut From Jumps =  0.0
Computing PSDs
Fitting PSDs
Fraction of Detectors cut in PSD analysis=  0.07669616519174041
48.92 Hz: 359 occurrences
11.26 Hz: 335 occurrences
58.75 Hz: 89 occurrences
29.27 Hz: 35 occurrences
24.36 Hz: 9 occurrences
Total Fraction of Detectors cut =  0.41887905604719766
Replacing Data for 339 Detectors
Reading in the file
Reading in network 3 from file:  /work/toltec/commissioning2025-test/2025-ENG-oof-090426/jgolec/2015+371/reduced_TODs/redu00/157248/raw/toltec_commissioning_pointing_157248_rtc_timestream.nc
ndet = 341  nsamp = 7324
Sample rate =  122.0703125
Finished reading in the file
##########################################
Gain Cut Fraction =  0.16715542521994134
Offset Cut Fraction =  0.17595307917888564
RMS Cut Fraction =  0.1935483870967742
Fraction of Detectors cut by CM cuts =  0.31671554252199413
##########################################
Running Spike Finder
Number of TODs with spike counts greater than 10.0 times the median =  92
Fraction of TODs =  0.2697947214076246
Spike Finder finished
Running Despiker
Time to despike =  0.08501458168029785
Fraction of Detectors cut in despiking =  0.017595307917888565
Fraction of Detectors with an incidence >10.0 seconds =  0.005865102639296188
Running jump detector
starting jump iter 1 of 1
have filtered data, now searching for jumps
Median number of jumps =  0.0
Fraction of Detectors Cut From Jumps =  0.002932551319648094
Computing PSDs
Fitting PSDs
Fraction of Detectors cut in PSD analysis=  0.05571847507331378
58.75 Hz: 787 occurrences
11.26 Hz: 513 occurrences
48.92 Hz: 284 occurrences
29.27 Hz: 172 occurrences
57.52 Hz: 32 occurrences
Total Fraction of Detectors cut =  0.533724340175953
Replacing Data for 341 Detectors
Reading in the file
Reading in network 4 from file:  /work/toltec/commissioning2025-test/2025-ENG-oof-090426/jgolec/2015+371/reduced_TODs/redu00/157248/raw/toltec_commissioning_pointing_157248_rtc_timestream.nc
ndet = 357  nsamp = 7324
Sample rate =  122.0703125
Finished reading in the file
##########################################
Gain Cut Fraction =  0.058823529411764705
Offset Cut Fraction =  0.17366946778711484
RMS Cut Fraction =  0.23809523809523808
Fraction of Detectors cut by CM cuts =  0.27450980392156865
##########################################
Running Spike Finder
Number of TODs with spike counts greater than 10.0 times the median =  131
Fraction of TODs =  0.36694677871148457
Spike Finder finished
Running Despiker
Time to despike =  0.11979198455810547
Fraction of Detectors cut in despiking =  0.025210084033613446
Fraction of Detectors with an incidence >10.0 seconds =  0.008403361344537815
Running jump detector
starting jump iter 1 of 1
have filtered data, now searching for jumps
Median number of jumps =  0.0
Fraction of Detectors Cut From Jumps =  0.008403361344537815
Computing PSDs
Fitting PSDs
Fraction of Detectors cut in PSD analysis=  0.047619047619047616
11.26 Hz: 651 occurrences
58.75 Hz: 495 occurrences
29.27 Hz: 392 occurrences
48.92 Hz: 152 occurrences
57.52 Hz: 99 occurrences
Total Fraction of Detectors cut =  0.5546218487394958
Replacing Data for 357 Detectors
Reading in the file
Reading in network 5 from file:  /work/toltec/commissioning2025-test/2025-ENG-oof-090426/jgolec/2015+371/reduced_TODs/redu00/157248/raw/toltec_commissioning_pointing_157248_rtc_timestream.nc
ndet = 303  nsamp = 7324
Sample rate =  122.0703125
Finished reading in the file
##########################################
Gain Cut Fraction =  0.10891089108910891
Offset Cut Fraction =  0.14521452145214522
RMS Cut Fraction =  0.19471947194719472
Fraction of Detectors cut by CM cuts =  0.27722772277227725
##########################################
Running Spike Finder
Number of TODs with spike counts greater than 10.0 times the median =  117
Fraction of TODs =  0.38613861386138615
Spike Finder finished
Running Despiker
Time to despike =  0.1007537841796875
Fraction of Detectors cut in despiking =  0.0429042904290429
Fraction of Detectors with an incidence >10.0 seconds =  0.013201320132013201
Running jump detector
starting jump iter 1 of 1
have filtered data, now searching for jumps
Median number of jumps =  0.0
Fraction of Detectors Cut From Jumps =  0.0
Computing PSDs
Fitting PSDs
Fraction of Detectors cut in PSD analysis=  0.039603960396039604
29.27 Hz: 681 occurrences
11.26 Hz: 594 occurrences
58.75 Hz: 111 occurrences
44.01 Hz: 95 occurrences
24.77 Hz: 93 occurrences
Total Fraction of Detectors cut =  0.5478547854785478
Replacing Data for 303 Detectors
Reading in the file
Reading in network 6 from file:  /work/toltec/commissioning2025-test/2025-ENG-oof-090426/jgolec/2015+371/reduced_TODs/redu00/157248/raw/toltec_commissioning_pointing_157248_rtc_timestream.nc
ndet = 0  nsamp = 1
Sample rate =  122.0703125
Finished reading in the file
Reading in the file
Reading in network 7 from file:  /work/toltec/commissioning2025-test/2025-ENG-oof-090426/jgolec/2015+371/reduced_TODs/redu00/157248/raw/toltec_commissioning_pointing_157248_rtc_timestream.nc
ndet = 119  nsamp = 7324
Sample rate =  122.0703125
Finished reading in the file
##########################################
Gain Cut Fraction =  0.025210084033613446
Offset Cut Fraction =  0.1092436974789916
RMS Cut Fraction =  0.15966386554621848
Fraction of Detectors cut by CM cuts =  0.16806722689075632
##########################################
Running Spike Finder
Number of TODs with spike counts greater than 10.0 times the median =  54
Fraction of TODs =  0.453781512605042
Spike Finder finished
Running Despiker
Time to despike =  0.04755067825317383
Fraction of Detectors cut in despiking =  0.0
Fraction of Detectors with an incidence >10.0 seconds =  0.0
Running jump detector
starting jump iter 1 of 1
have filtered data, now searching for jumps
Median number of jumps =  0.0
Fraction of Detectors Cut From Jumps =  0.19327731092436976
Computing PSDs
Fitting PSDs
Fraction of Detectors cut in PSD analysis=  0.07563025210084033
47.69 Hz: 383 occurrences
11.26 Hz: 362 occurrences
26.41 Hz: 24 occurrences
21.49 Hz: 24 occurrences
52.61 Hz: 3 occurrences
Total Fraction of Detectors cut =  0.6386554621848739
Replacing Data for 119 Detectors
Reading in the file
Reading in network 8 from file:  /work/toltec/commissioning2025-test/2025-ENG-oof-090426/jgolec/2015+371/reduced_TODs/redu00/157248/raw/toltec_commissioning_pointing_157248_rtc_timestream.nc
ndet = 266  nsamp = 7324
Sample rate =  122.0703125
Finished reading in the file
##########################################
Gain Cut Fraction =  0.045112781954887216
Offset Cut Fraction =  0.015037593984962405
RMS Cut Fraction =  0.11654135338345864
Fraction of Detectors cut by CM cuts =  0.15037593984962405
##########################################
Running Spike Finder
Number of TODs with spike counts greater than 10.0 times the median =  3
Fraction of TODs =  0.011278195488721804
Spike Finder finished
Running Despiker
Time to despike =  0.008042335510253906
Fraction of Detectors cut in despiking =  0.0
Fraction of Detectors with an incidence >10.0 seconds =  0.0
Running jump detector
starting jump iter 1 of 1
have filtered data, now searching for jumps
Median number of jumps =  0.0
Fraction of Detectors Cut From Jumps =  0.018796992481203006
Computing PSDs
Fitting PSDs
Fraction of Detectors cut in PSD analysis=  0.022556390977443608
52.61 Hz: 719 occurrences
42.78 Hz: 130 occurrences
47.69 Hz: 69 occurrences
16.58 Hz: 47 occurrences
4.71 Hz: 35 occurrences
Total Fraction of Detectors cut =  0.18421052631578946
Replacing Data for 266 Detectors
Reading in the file
Reading in network 9 from file:  /work/toltec/commissioning2025-test/2025-ENG-oof-090426/jgolec/2015+371/reduced_TODs/redu00/157248/raw/toltec_commissioning_pointing_157248_rtc_timestream.nc
ndet = 148  nsamp = 7324
Sample rate =  122.0703125
Finished reading in the file
##########################################
Gain Cut Fraction =  0.07432432432432433
Offset Cut Fraction =  0.22297297297297297
RMS Cut Fraction =  0.24324324324324326
Fraction of Detectors cut by CM cuts =  0.31756756756756754
##########################################
Running Spike Finder
Number of TODs with spike counts greater than 10.0 times the median =  68
Fraction of TODs =  0.4594594594594595
Spike Finder finished
Running Despiker
Time to despike =  0.06276726722717285
Fraction of Detectors cut in despiking =  0.0472972972972973
Fraction of Detectors with an incidence >10.0 seconds =  0.0
Running jump detector
starting jump iter 1 of 1
have filtered data, now searching for jumps
Median number of jumps =  0.0
Fraction of Detectors Cut From Jumps =  0.16891891891891891
Computing PSDs
Fitting PSDs
Fraction of Detectors cut in PSD analysis=  0.0945945945945946
47.69 Hz: 1881 occurrences
11.26 Hz: 282 occurrences
26.41 Hz: 49 occurrences
52.61 Hz: 32 occurrences
21.49 Hz: 1 occurrences
Total Fraction of Detectors cut =  0.7162162162162162
Replacing Data for 148 Detectors
Reading in the file
Reading in network 11 from file:  /work/toltec/commissioning2025-test/2025-ENG-oof-090426/jgolec/2015+371/reduced_TODs/redu00/157248/raw/toltec_commissioning_pointing_157248_rtc_timestream.nc
ndet = 327  nsamp = 7324
Sample rate =  122.0703125
Finished reading in the file
##########################################
Gain Cut Fraction =  0.08868501529051988
Offset Cut Fraction =  0.23547400611620795
RMS Cut Fraction =  0.24770642201834864
Fraction of Detectors cut by CM cuts =  0.2691131498470948
##########################################
Running Spike Finder
Number of TODs with spike counts greater than 10.0 times the median =  143
Fraction of TODs =  0.43730886850152906
Spike Finder finished
Running Despiker
Time to despike =  0.15730547904968262
Fraction of Detectors cut in despiking =  0.06422018348623854
Fraction of Detectors with an incidence >10.0 seconds =  0.0061162079510703364
Running jump detector
starting jump iter 1 of 1
have filtered data, now searching for jumps
Median number of jumps =  0.0
Fraction of Detectors Cut From Jumps =  0.012232415902140673
Computing PSDs
Fitting PSDs
Fraction of Detectors cut in PSD analysis=  0.06116207951070336
11.26 Hz: 90 occurrences
53.84 Hz: 34 occurrences
39.10 Hz: 7 occurrences
57.52 Hz: 3 occurrences
14.53 Hz: 3 occurrences
Total Fraction of Detectors cut =  0.5535168195718655
Replacing Data for 327 Detectors
Reading in the file
Reading in network 12 from file:  /work/toltec/commissioning2025-test/2025-ENG-oof-090426/jgolec/2015+371/reduced_TODs/redu00/157248/raw/toltec_commissioning_pointing_157248_rtc_timestream.nc
ndet = 248  nsamp = 7324
Sample rate =  122.0703125
Finished reading in the file
##########################################
Gain Cut Fraction =  0.12096774193548387
Offset Cut Fraction =  0.23790322580645162
RMS Cut Fraction =  0.2056451612903226
Fraction of Detectors cut by CM cuts =  0.3024193548387097
##########################################
Running Spike Finder
Number of TODs with spike counts greater than 10.0 times the median =  39
Fraction of TODs =  0.15725806451612903
Spike Finder finished
Running Despiker
Time to despike =  0.037277936935424805
Fraction of Detectors cut in despiking =  0.016129032258064516
Fraction of Detectors with an incidence >10.0 seconds =  0.004032258064516129
Running jump detector
starting jump iter 1 of 1
have filtered data, now searching for jumps
Median number of jumps =  0.0
Fraction of Detectors Cut From Jumps =  0.016129032258064516
Computing PSDs
Fitting PSDs
Fraction of Detectors cut in PSD analysis=  0.06854838709677419
57.52 Hz: 27 occurrences
44.42 Hz: 10 occurrences
46.06 Hz: 9 occurrences
10.85 Hz: 4 occurrences
43.19 Hz: 2 occurrences
Total Fraction of Detectors cut =  0.4112903225806452
Replacing Data for 248 Detectors
Reading in the file
Reading in network 0 from file:  /work/toltec/commissioning2025-test/2025-ENG-oof-090426/jgolec/2015+371/reduced_TODs/redu00/157249/raw/toltec_commissioning_pointing_157249_rtc_timestream.nc
ndet = 260  nsamp = 7324
Sample rate =  122.0703125
Finished reading in the file
##########################################
Gain Cut Fraction =  0.11153846153846154
Offset Cut Fraction =  0.23846153846153847
RMS Cut Fraction =  0.25384615384615383
Fraction of Detectors cut by CM cuts =  0.3384615384615385
##########################################
Running Spike Finder
Number of TODs with spike counts greater than 10.0 times the median =  47
Fraction of TODs =  0.18076923076923077
Spike Finder finished
Running Despiker
Time to despike =  0.05011320114135742
Fraction of Detectors cut in despiking =  0.0038461538461538464
Fraction of Detectors with an incidence >10.0 seconds =  0.0
Running jump detector
starting jump iter 1 of 1
have filtered data, now searching for jumps
Median number of jumps =  0.0
Fraction of Detectors Cut From Jumps =  0.023076923076923078
Computing PSDs
Fitting PSDs
Fraction of Detectors cut in PSD analysis=  0.06538461538461539
58.75 Hz: 929 occurrences
10.85 Hz: 449 occurrences
57.52 Hz: 65 occurrences
34.18 Hz: 54 occurrences
9.62 Hz: 33 occurrences
Total Fraction of Detectors cut =  0.46153846153846156
Replacing Data for 260 Detectors
Reading in the file
Reading in network 1 from file:  /work/toltec/commissioning2025-test/2025-ENG-oof-090426/jgolec/2015+371/reduced_TODs/redu00/157249/raw/toltec_commissioning_pointing_157249_rtc_timestream.nc
ndet = 307  nsamp = 7324
Sample rate =  122.0703125
Finished reading in the file
##########################################
Gain Cut Fraction =  0.11400651465798045
Offset Cut Fraction =  0.2247557003257329
RMS Cut Fraction =  0.254071661237785
Fraction of Detectors cut by CM cuts =  0.3289902280130293
##########################################
Running Spike Finder
Number of TODs with spike counts greater than 10.0 times the median =  84
Fraction of TODs =  0.2736156351791531
Spike Finder finished
Running Despiker
Time to despike =  0.06850957870483398
Fraction of Detectors cut in despiking =  0.0
Fraction of Detectors with an incidence >10.0 seconds =  0.0
Running jump detector
starting jump iter 1 of 1
have filtered data, now searching for jumps
Median number of jumps =  0.0
Fraction of Detectors Cut From Jumps =  0.0
Computing PSDs
Fitting PSDs
Fraction of Detectors cut in PSD analysis=  0.07166123778501629
48.92 Hz: 912 occurrences
10.85 Hz: 769 occurrences
44.01 Hz: 125 occurrences
9.62 Hz: 105 occurrences
19.45 Hz: 57 occurrences
Total Fraction of Detectors cut =  0.5602605863192183
Replacing Data for 307 Detectors
Reading in the file
Reading in network 2 from file:  /work/toltec/commissioning2025-test/2025-ENG-oof-090426/jgolec/2015+371/reduced_TODs/redu00/157249/raw/toltec_commissioning_pointing_157249_rtc_timestream.nc
ndet = 339  nsamp = 7324
Sample rate =  122.0703125
Finished reading in the file
##########################################
Gain Cut Fraction =  0.0943952802359882
Offset Cut Fraction =  0.23893805309734514
RMS Cut Fraction =  0.23893805309734514
Fraction of Detectors cut by CM cuts =  0.30383480825958703
##########################################
Running Spike Finder
Number of TODs with spike counts greater than 10.0 times the median =  49
Fraction of TODs =  0.14454277286135694
Spike Finder finished
Running Despiker
Time to despike =  0.05881762504577637
Fraction of Detectors cut in despiking =  0.017699115044247787
Fraction of Detectors with an incidence >10.0 seconds =  0.008849557522123894
Running jump detector
starting jump iter 1 of 1
have filtered data, now searching for jumps
Median number of jumps =  0.0
Fraction of Detectors Cut From Jumps =  0.0
Computing PSDs
Fitting PSDs
Fraction of Detectors cut in PSD analysis=  0.10324483775811209
10.85 Hz: 585 occurrences
48.92 Hz: 348 occurrences
58.75 Hz: 78 occurrences
29.27 Hz: 35 occurrences
24.36 Hz: 9 occurrences
Total Fraction of Detectors cut =  0.44542772861356933
Replacing Data for 339 Detectors
Reading in the file
Reading in network 3 from file:  /work/toltec/commissioning2025-test/2025-ENG-oof-090426/jgolec/2015+371/reduced_TODs/redu00/157249/raw/toltec_commissioning_pointing_157249_rtc_timestream.nc
ndet = 341  nsamp = 7324
Sample rate =  122.0703125
Finished reading in the file
##########################################
Gain Cut Fraction =  0.17595307917888564
Offset Cut Fraction =  0.15835777126099707
RMS Cut Fraction =  0.19941348973607037
Fraction of Detectors cut by CM cuts =  0.3225806451612903
##########################################
Running Spike Finder
Number of TODs with spike counts greater than 10.0 times the median =  82
Fraction of TODs =  0.2404692082111437
Spike Finder finished
Running Despiker
Time to despike =  0.07867312431335449
Fraction of Detectors cut in despiking =  0.008797653958944282
Fraction of Detectors with an incidence >10.0 seconds =  0.0
Running jump detector
starting jump iter 1 of 1
have filtered data, now searching for jumps
Median number of jumps =  0.0
Fraction of Detectors Cut From Jumps =  0.0
Computing PSDs
Fitting PSDs
Fraction of Detectors cut in PSD analysis=  0.10263929618768329
10.85 Hz: 1169 occurrences
58.75 Hz: 741 occurrences
48.92 Hz: 280 occurrences
29.27 Hz: 175 occurrences
57.52 Hz: 29 occurrences
Total Fraction of Detectors cut =  0.5190615835777126
Replacing Data for 341 Detectors
Reading in the file
Reading in network 4 from file:  /work/toltec/commissioning2025-test/2025-ENG-oof-090426/jgolec/2015+371/reduced_TODs/redu00/157249/raw/toltec_commissioning_pointing_157249_rtc_timestream.nc
ndet = 357  nsamp = 7324
Sample rate =  122.0703125
Finished reading in the file
##########################################
Gain Cut Fraction =  0.06162464985994398
Offset Cut Fraction =  0.16246498599439776
RMS Cut Fraction =  0.19327731092436976
Fraction of Detectors cut by CM cuts =  0.23809523809523808
##########################################
Running Spike Finder
Number of TODs with spike counts greater than 10.0 times the median =  135
Fraction of TODs =  0.37815126050420167
Spike Finder finished
Running Despiker
Time to despike =  0.13365817070007324
Fraction of Detectors cut in despiking =  0.022408963585434174
Fraction of Detectors with an incidence >10.0 seconds =  0.0056022408963585435
Running jump detector
starting jump iter 1 of 1
have filtered data, now searching for jumps
Median number of jumps =  0.0
Fraction of Detectors Cut From Jumps =  0.0056022408963585435
Computing PSDs
Fitting PSDs
Fraction of Detectors cut in PSD analysis=  0.11204481792717087
10.85 Hz: 1576 occurrences
58.75 Hz: 477 occurrences
29.27 Hz: 350 occurrences
48.92 Hz: 149 occurrences
57.52 Hz: 98 occurrences
Total Fraction of Detectors cut =  0.5686274509803921
Replacing Data for 357 Detectors
Reading in the file
Reading in network 5 from file:  /work/toltec/commissioning2025-test/2025-ENG-oof-090426/jgolec/2015+371/reduced_TODs/redu00/157249/raw/toltec_commissioning_pointing_157249_rtc_timestream.nc
ndet = 303  nsamp = 7324
Sample rate =  122.0703125
Finished reading in the file
##########################################
Gain Cut Fraction =  0.11551155115511551
Offset Cut Fraction =  0.11551155115511551
RMS Cut Fraction =  0.18811881188118812
Fraction of Detectors cut by CM cuts =  0.2706270627062706
##########################################
Running Spike Finder
Number of TODs with spike counts greater than 10.0 times the median =  105
Fraction of TODs =  0.3465346534653465
Spike Finder finished
Running Despiker
Time to despike =  0.10837292671203613
Fraction of Detectors cut in despiking =  0.009900990099009901
Fraction of Detectors with an incidence >10.0 seconds =  0.0
Running jump detector
starting jump iter 1 of 1
have filtered data, now searching for jumps
Median number of jumps =  0.0
Fraction of Detectors Cut From Jumps =  0.009900990099009901
Computing PSDs
Fitting PSDs
Fraction of Detectors cut in PSD analysis=  0.08250825082508251
10.85 Hz: 1283 occurrences
29.27 Hz: 698 occurrences
58.75 Hz: 105 occurrences
44.01 Hz: 104 occurrences
24.77 Hz: 95 occurrences
Total Fraction of Detectors cut =  0.5643564356435643
Replacing Data for 303 Detectors
Reading in the file
Reading in network 6 from file:  /work/toltec/commissioning2025-test/2025-ENG-oof-090426/jgolec/2015+371/reduced_TODs/redu00/157249/raw/toltec_commissioning_pointing_157249_rtc_timestream.nc
ndet = 0  nsamp = 1
Sample rate =  122.0703125
Finished reading in the file
Reading in the file
Reading in network 7 from file:  /work/toltec/commissioning2025-test/2025-ENG-oof-090426/jgolec/2015+371/reduced_TODs/redu00/157249/raw/toltec_commissioning_pointing_157249_rtc_timestream.nc
ndet = 119  nsamp = 7324
Sample rate =  122.0703125
Finished reading in the file
##########################################
Gain Cut Fraction =  0.05042016806722689
Offset Cut Fraction =  0.1092436974789916
RMS Cut Fraction =  0.17647058823529413
Fraction of Detectors cut by CM cuts =  0.19327731092436976
##########################################
Running Spike Finder
Number of TODs with spike counts greater than 10.0 times the median =  45
Fraction of TODs =  0.37815126050420167
Spike Finder finished
Running Despiker
Time to despike =  0.0433344841003418
Fraction of Detectors cut in despiking =  0.0
Fraction of Detectors with an incidence >10.0 seconds =  0.0
Running jump detector
starting jump iter 1 of 1
have filtered data, now searching for jumps
Median number of jumps =  0.0
Fraction of Detectors Cut From Jumps =  0.025210084033613446
Computing PSDs
Fitting PSDs
Fraction of Detectors cut in PSD analysis=  0.15966386554621848
10.85 Hz: 578 occurrences
47.69 Hz: 382 occurrences
26.41 Hz: 24 occurrences
21.49 Hz: 24 occurrences
52.61 Hz: 3 occurrences
Total Fraction of Detectors cut =  0.5462184873949579
Replacing Data for 119 Detectors
Reading in the file
Reading in network 8 from file:  /work/toltec/commissioning2025-test/2025-ENG-oof-090426/jgolec/2015+371/reduced_TODs/redu00/157249/raw/toltec_commissioning_pointing_157249_rtc_timestream.nc
ndet = 266  nsamp = 7324
Sample rate =  122.0703125
Finished reading in the file
##########################################
Gain Cut Fraction =  0.045112781954887216
Offset Cut Fraction =  0.018796992481203006
RMS Cut Fraction =  0.16165413533834586
Fraction of Detectors cut by CM cuts =  0.18045112781954886
##########################################
Running Spike Finder
Number of TODs with spike counts greater than 10.0 times the median =  1
Fraction of TODs =  0.0037593984962406013
Spike Finder finished
Running Despiker
Time to despike =  0.006251811981201172
Fraction of Detectors cut in despiking =  0.0
Fraction of Detectors with an incidence >10.0 seconds =  0.0
Running jump detector
starting jump iter 1 of 1
have filtered data, now searching for jumps
Median number of jumps =  0.0
Fraction of Detectors Cut From Jumps =  0.0
Computing PSDs
Fitting PSDs
Fraction of Detectors cut in PSD analysis=  0.03007518796992481
52.61 Hz: 726 occurrences
42.78 Hz: 140 occurrences
47.69 Hz: 71 occurrences
10.85 Hz: 63 occurrences
16.58 Hz: 47 occurrences
Total Fraction of Detectors cut =  0.18796992481203006
Replacing Data for 266 Detectors
Reading in the file
Reading in network 9 from file:  /work/toltec/commissioning2025-test/2025-ENG-oof-090426/jgolec/2015+371/reduced_TODs/redu00/157249/raw/toltec_commissioning_pointing_157249_rtc_timestream.nc
ndet = 148  nsamp = 7324
Sample rate =  122.0703125
Finished reading in the file
##########################################
Gain Cut Fraction =  0.08783783783783784
Offset Cut Fraction =  0.20270270270270271
RMS Cut Fraction =  0.20945945945945946
Fraction of Detectors cut by CM cuts =  0.2972972972972973
##########################################
Running Spike Finder
Number of TODs with spike counts greater than 10.0 times the median =  45
Fraction of TODs =  0.30405405405405406
Spike Finder finished
Running Despiker
Time to despike =  0.038229942321777344
Fraction of Detectors cut in despiking =  0.0
Fraction of Detectors with an incidence >10.0 seconds =  0.0
Running jump detector
starting jump iter 1 of 1
have filtered data, now searching for jumps
Median number of jumps =  0.0
Fraction of Detectors Cut From Jumps =  0.006756756756756757
Computing PSDs
Fitting PSDs
Fraction of Detectors cut in PSD analysis=  0.08108108108108109
47.69 Hz: 1925 occurrences
10.85 Hz: 389 occurrences
26.41 Hz: 53 occurrences
52.61 Hz: 35 occurrences
21.49 Hz: 1 occurrences
Total Fraction of Detectors cut =  0.5675675675675675
Replacing Data for 148 Detectors
Reading in the file
Reading in network 11 from file:  /work/toltec/commissioning2025-test/2025-ENG-oof-090426/jgolec/2015+371/reduced_TODs/redu00/157249/raw/toltec_commissioning_pointing_157249_rtc_timestream.nc
ndet = 327  nsamp = 7324
Sample rate =  122.0703125
Finished reading in the file
##########################################
Gain Cut Fraction =  0.07951070336391437
Offset Cut Fraction =  0.22629969418960244
RMS Cut Fraction =  0.2324159021406728
Fraction of Detectors cut by CM cuts =  0.25688073394495414
##########################################
Running Spike Finder
Number of TODs with spike counts greater than 10.0 times the median =  65
Fraction of TODs =  0.19877675840978593
Spike Finder finished
Running Despiker
Time to despike =  0.09184527397155762
Fraction of Detectors cut in despiking =  0.04892966360856269
Fraction of Detectors with an incidence >10.0 seconds =  0.0
Running jump detector
starting jump iter 1 of 1
have filtered data, now searching for jumps
Median number of jumps =  0.0
Fraction of Detectors Cut From Jumps =  0.0030581039755351682
Computing PSDs
Fitting PSDs
Fraction of Detectors cut in PSD analysis=  0.04892966360856269
10.85 Hz: 125 occurrences
53.84 Hz: 34 occurrences
39.10 Hz: 12 occurrences
57.52 Hz: 1 occurrences
14.53 Hz: 1 occurrences
Total Fraction of Detectors cut =  0.3547400611620795
Replacing Data for 327 Detectors
Reading in the file
Reading in network 12 from file:  /work/toltec/commissioning2025-test/2025-ENG-oof-090426/jgolec/2015+371/reduced_TODs/redu00/157249/raw/toltec_commissioning_pointing_157249_rtc_timestream.nc
ndet = 248  nsamp = 7324
Sample rate =  122.0703125
Finished reading in the file
##########################################
Gain Cut Fraction =  0.09274193548387097
Offset Cut Fraction =  0.21774193548387097
RMS Cut Fraction =  0.21370967741935484
Fraction of Detectors cut by CM cuts =  0.27419354838709675
##########################################
Running Spike Finder
Number of TODs with spike counts greater than 10.0 times the median =  26
Fraction of TODs =  0.10483870967741936
Spike Finder finished
Running Despiker
Time to despike =  0.03466200828552246
Fraction of Detectors cut in despiking =  0.024193548387096774
Fraction of Detectors with an incidence >10.0 seconds =  0.004032258064516129
Running jump detector
starting jump iter 1 of 1
have filtered data, now searching for jumps
Median number of jumps =  0.0
Fraction of Detectors Cut From Jumps =  0.008064516129032258
Computing PSDs
Fitting PSDs
Fraction of Detectors cut in PSD analysis=  0.09274193548387097
57.52 Hz: 27 occurrences
40.73 Hz: 19 occurrences
42.78 Hz: 10 occurrences
10.85 Hz: 4 occurrences
44.01 Hz: 1 occurrences
Total Fraction of Detectors cut =  0.3709677419354839
Replacing Data for 248 Detectors
Total Time =  6.827962028119299  Hours
