Reading in the file
Reading in network 0 from file:  /work/toltec/commissioning2025-test/2025-C1-COM-05/jgolec/MACS0717.5+3745/reduced_TODs/redu01/149097/raw/toltec_commissioning_science_149097_rtc_timestream.nc
ndet = 484  nsamp = 25039
Sample rate =  122.0703125
Finished reading in the file
/work/toltec/toltec_shared/toltec_astro/venvs/toltec_20241023/lib/python3.12/site-packages/numpy/core/fromnumeric.py:771: UserWarning: Warning: 'partition' will ignore the 'mask' of the MaskedArray.
  a.partition(kth, axis=axis, kind=kind, order=order)
##########################################
Gain Cut Fraction =  0.06818181818181818
Offset Cut Fraction =  0.23553719008264462
RMS Cut Fraction =  0.21487603305785125
Fraction of Detectors cut by CM cuts =  0.2809917355371901
##########################################
Running Spike Finder
Number of TODs with spike counts greater than 10.0 times the median =  195
Fraction of TODs =  0.40289256198347106
Spike Finder finished
Running Despiker
Time to despike =  0.4985685348510742
Fraction of Detectors cut in despiking =  0.13429752066115702
Fraction of Detectors with an incidence >10.0 seconds =  0.10743801652892562
Running jump detector
starting jump iter 1 of 1
have filtered data, now searching for jumps
/work/toltec/JoeyGolec/TolTOD/detection_functions.py:169: RuntimeWarning: divide by zero encountered in scalar divide
  if np.abs(val2 / val) > rat:
Median number of jumps =  0.0
Fraction of Detectors Cut From Jumps =  0.002066115702479339
Computing PSDs
Fitting PSDs
Fraction of Detectors cut in PSD analysis=  0.0743801652892562
30.09 Hz: 586 occurrences
58.34 Hz: 242 occurrences
29.27 Hz: 221 occurrences
15.76 Hz: 48 occurrences
0.61 Hz: 29 occurrences
Total Fraction of Detectors cut =  0.5144628099173554
Replacing Data for 484 Detectors
Reading in the file
Reading in network 1 from file:  /work/toltec/commissioning2025-test/2025-C1-COM-05/jgolec/MACS0717.5+3745/reduced_TODs/redu01/149097/raw/toltec_commissioning_science_149097_rtc_timestream.nc
ndet = 367  nsamp = 25039
Sample rate =  122.0703125
Finished reading in the file
##########################################
Gain Cut Fraction =  0.05722070844686648
Offset Cut Fraction =  0.19346049046321526
RMS Cut Fraction =  0.17983651226158037
Fraction of Detectors cut by CM cuts =  0.22888283378746593
##########################################
Running Spike Finder
Number of TODs with spike counts greater than 10.0 times the median =  83
Fraction of TODs =  0.22615803814713897
Spike Finder finished
Running Despiker
Time to despike =  0.4852325916290283
Fraction of Detectors cut in despiking =  0.09536784741144415
Fraction of Detectors with an incidence >10.0 seconds =  0.07901907356948229
Running jump detector
starting jump iter 1 of 1
have filtered data, now searching for jumps
Median number of jumps =  0.0
Fraction of Detectors Cut From Jumps =  0.0
Computing PSDs
Fitting PSDs
Fraction of Detectors cut in PSD analysis=  0.05449591280653951
58.34 Hz: 350 occurrences
30.09 Hz: 283 occurrences
23.54 Hz: 23 occurrences
15.76 Hz: 23 occurrences
0.61 Hz: 7 occurrences
Total Fraction of Detectors cut =  0.3760217983651226
Replacing Data for 367 Detectors
Reading in the file
Reading in network 2 from file:  /work/toltec/commissioning2025-test/2025-C1-COM-05/jgolec/MACS0717.5+3745/reduced_TODs/redu01/149097/raw/toltec_commissioning_science_149097_rtc_timestream.nc
ndet = 411  nsamp = 25039
Sample rate =  122.0703125
Finished reading in the file
##########################################
Gain Cut Fraction =  0.06326034063260341
Offset Cut Fraction =  0.14841849148418493
RMS Cut Fraction =  0.1630170316301703
Fraction of Detectors cut by CM cuts =  0.2141119221411192
##########################################
Running Spike Finder
Number of TODs with spike counts greater than 10.0 times the median =  105
Fraction of TODs =  0.25547445255474455
Spike Finder finished
Running Despiker
Time to despike =  0.716078519821167
Fraction of Detectors cut in despiking =  0.25547445255474455
Fraction of Detectors with an incidence >10.0 seconds =  0.2141119221411192
Running jump detector
starting jump iter 1 of 1
have filtered data, now searching for jumps
Median number of jumps =  0.0
Fraction of Detectors Cut From Jumps =  0.004866180048661801
Computing PSDs
Fitting PSDs
Fraction of Detectors cut in PSD analysis=  0.06326034063260341
30.09 Hz: 208 occurrences
15.76 Hz: 18 occurrences
0.61 Hz: 10 occurrences
8.80 Hz: 3 occurrences
Total Fraction of Detectors cut =  0.43309002433090027
Replacing Data for 411 Detectors
Reading in the file
Reading in network 3 from file:  /work/toltec/commissioning2025-test/2025-C1-COM-05/jgolec/MACS0717.5+3745/reduced_TODs/redu01/149097/raw/toltec_commissioning_science_149097_rtc_timestream.nc
ndet = 396  nsamp = 25039
Sample rate =  122.0703125
Finished reading in the file
##########################################
Gain Cut Fraction =  0.08838383838383838
Offset Cut Fraction =  0.18686868686868688
RMS Cut Fraction =  0.19444444444444445
Fraction of Detectors cut by CM cuts =  0.25252525252525254
##########################################
Running Spike Finder
Number of TODs with spike counts greater than 10.0 times the median =  131
Fraction of TODs =  0.33080808080808083
Spike Finder finished
Running Despiker
Time to despike =  1.240257978439331
Fraction of Detectors cut in despiking =  0.3383838383838384
Fraction of Detectors with an incidence >10.0 seconds =  0.24242424242424243
Running jump detector
starting jump iter 1 of 1
have filtered data, now searching for jumps
Median number of jumps =  0.0
Fraction of Detectors Cut From Jumps =  0.0
Computing PSDs
Fitting PSDs
Fraction of Detectors cut in PSD analysis=  0.07323232323232323
30.09 Hz: 682 occurrences
15.76 Hz: 77 occurrences
29.27 Hz: 74 occurrences
0.61 Hz: 33 occurrences
10.44 Hz: 2 occurrences
Total Fraction of Detectors cut =  0.547979797979798
Replacing Data for 396 Detectors
Reading in the file
Reading in network 4 from file:  /work/toltec/commissioning2025-test/2025-C1-COM-05/jgolec/MACS0717.5+3745/reduced_TODs/redu01/149097/raw/toltec_commissioning_science_149097_rtc_timestream.nc
ndet = 370  nsamp = 25039
Sample rate =  122.0703125
Finished reading in the file
##########################################
Gain Cut Fraction =  0.07297297297297298
Offset Cut Fraction =  0.21351351351351353
RMS Cut Fraction =  0.2
Fraction of Detectors cut by CM cuts =  0.2702702702702703
##########################################
Running Spike Finder
Number of TODs with spike counts greater than 10.0 times the median =  35
Fraction of TODs =  0.0945945945945946
Spike Finder finished
Running Despiker
Time to despike =  1.256453037261963
Fraction of Detectors cut in despiking =  0.23243243243243245
Fraction of Detectors with an incidence >10.0 seconds =  0.40540540540540543
Running jump detector
starting jump iter 1 of 1
have filtered data, now searching for jumps
Median number of jumps =  0.0
Fraction of Detectors Cut From Jumps =  0.0
Computing PSDs
Fitting PSDs
Fraction of Detectors cut in PSD analysis=  0.062162162162162166
30.09 Hz: 546 occurrences
15.76 Hz: 52 occurrences
0.61 Hz: 31 occurrences
29.27 Hz: 21 occurrences
10.44 Hz: 2 occurrences
Total Fraction of Detectors cut =  0.5486486486486486
Replacing Data for 370 Detectors
Reading in the file
Reading in network 5 from file:  /work/toltec/commissioning2025-test/2025-C1-COM-05/jgolec/MACS0717.5+3745/reduced_TODs/redu01/149097/raw/toltec_commissioning_science_149097_rtc_timestream.nc
ndet = 366  nsamp = 25039
Sample rate =  122.0703125
Finished reading in the file
##########################################
Gain Cut Fraction =  0.07103825136612021
Offset Cut Fraction =  0.23497267759562843
RMS Cut Fraction =  0.23497267759562843
Fraction of Detectors cut by CM cuts =  0.27595628415300544
##########################################
Running Spike Finder
Number of TODs with spike counts greater than 10.0 times the median =  65
Fraction of TODs =  0.17759562841530055
Spike Finder finished
Running Despiker
Time to despike =  1.0069084167480469
Fraction of Detectors cut in despiking =  0.33879781420765026
Fraction of Detectors with an incidence >10.0 seconds =  0.27049180327868855
Running jump detector
starting jump iter 1 of 1
have filtered data, now searching for jumps
Median number of jumps =  0.0
Fraction of Detectors Cut From Jumps =  0.00273224043715847
Computing PSDs
Fitting PSDs
Fraction of Detectors cut in PSD analysis=  0.05737704918032787
30.09 Hz: 736 occurrences
15.76 Hz: 91 occurrences
0.61 Hz: 46 occurrences
18.63 Hz: 26 occurrences
46.88 Hz: 7 occurrences
Total Fraction of Detectors cut =  0.48360655737704916
Replacing Data for 366 Detectors
Reading in the file
Reading in network 6 from file:  /work/toltec/commissioning2025-test/2025-C1-COM-05/jgolec/MACS0717.5+3745/reduced_TODs/redu01/149097/raw/toltec_commissioning_science_149097_rtc_timestream.nc
ndet = 0  nsamp = 1
Sample rate =  122.0703125
Finished reading in the file
Reading in the file
Reading in network 7 from file:  /work/toltec/commissioning2025-test/2025-C1-COM-05/jgolec/MACS0717.5+3745/reduced_TODs/redu01/149097/raw/toltec_commissioning_science_149097_rtc_timestream.nc
ndet = 103  nsamp = 25039
Sample rate =  122.0703125
Finished reading in the file
##########################################
Gain Cut Fraction =  0.10679611650485436
Offset Cut Fraction =  0.13592233009708737
RMS Cut Fraction =  0.13592233009708737
Fraction of Detectors cut by CM cuts =  0.21359223300970873
##########################################
Running Spike Finder
Number of TODs with spike counts greater than 10.0 times the median =  2
Fraction of TODs =  0.019417475728155338
Spike Finder finished
Running Despiker
Time to despike =  0.42903876304626465
Fraction of Detectors cut in despiking =  0.0970873786407767
Fraction of Detectors with an incidence >10.0 seconds =  0.3786407766990291
Running jump detector
starting jump iter 1 of 1
have filtered data, now searching for jumps
/work/toltec/JoeyGolec/TolTOD/detection_functions.py:169: RuntimeWarning: invalid value encountered in scalar divide
  if np.abs(val2 / val) > rat:
Median number of jumps =  0.0
Fraction of Detectors Cut From Jumps =  0.009708737864077669
Computing PSDs
Fitting PSDs
Fraction of Detectors cut in PSD analysis=  0.04854368932038835
58.34 Hz: 22 occurrences
29.27 Hz: 8 occurrences
23.54 Hz: 5 occurrences
Total Fraction of Detectors cut =  0.4854368932038835
Replacing Data for 103 Detectors
Reading in the file
Reading in network 8 from file:  /work/toltec/commissioning2025-test/2025-C1-COM-05/jgolec/MACS0717.5+3745/reduced_TODs/redu01/149097/raw/toltec_commissioning_science_149097_rtc_timestream.nc
ndet = 330  nsamp = 25039
Sample rate =  122.0703125
Finished reading in the file
##########################################
Gain Cut Fraction =  0.17272727272727273
Offset Cut Fraction =  0.17575757575757575
RMS Cut Fraction =  0.18181818181818182
Fraction of Detectors cut by CM cuts =  0.2909090909090909
##########################################
Running Spike Finder
Number of TODs with spike counts greater than 10.0 times the median =  30
Fraction of TODs =  0.09090909090909091
Spike Finder finished
Running Despiker
Time to despike =  0.45450401306152344
Fraction of Detectors cut in despiking =  0.08181818181818182
Fraction of Detectors with an incidence >10.0 seconds =  0.05757575757575758
Running jump detector
starting jump iter 1 of 1
have filtered data, now searching for jumps
Median number of jumps =  0.0
Fraction of Detectors Cut From Jumps =  0.0030303030303030303
Computing PSDs
Fitting PSDs
Fraction of Detectors cut in PSD analysis=  0.03636363636363636
29.27 Hz: 503 occurrences
Total Fraction of Detectors cut =  0.37272727272727274
Replacing Data for 330 Detectors
Reading in the file
Reading in network 9 from file:  /work/toltec/commissioning2025-test/2025-C1-COM-05/jgolec/MACS0717.5+3745/reduced_TODs/redu01/149097/raw/toltec_commissioning_science_149097_rtc_timestream.nc
ndet = 267  nsamp = 25039
Sample rate =  122.0703125
Finished reading in the file
##########################################
Gain Cut Fraction =  0.08239700374531835
Offset Cut Fraction =  0.23220973782771537
RMS Cut Fraction =  0.22846441947565543
Fraction of Detectors cut by CM cuts =  0.2696629213483146
##########################################
Running Spike Finder
Number of TODs with spike counts greater than 10.0 times the median =  15
Fraction of TODs =  0.056179775280898875
Spike Finder finished
Running Despiker
Time to despike =  0.8610787391662598
Fraction of Detectors cut in despiking =  0.32209737827715357
Fraction of Detectors with an incidence >10.0 seconds =  0.24719101123595505
Running jump detector
starting jump iter 1 of 1
have filtered data, now searching for jumps
Median number of jumps =  0.0
Fraction of Detectors Cut From Jumps =  0.00749063670411985
Computing PSDs
Fitting PSDs
Fraction of Detectors cut in PSD analysis=  0.09737827715355805
58.34 Hz: 28 occurrences
29.27 Hz: 6 occurrences
Total Fraction of Detectors cut =  0.48314606741573035
Replacing Data for 267 Detectors
Reading in the file
Reading in network 11 from file:  /work/toltec/commissioning2025-test/2025-C1-COM-05/jgolec/MACS0717.5+3745/reduced_TODs/redu01/149097/raw/toltec_commissioning_science_149097_rtc_timestream.nc
ndet = 359  nsamp = 25039
Sample rate =  122.0703125
Finished reading in the file
##########################################
Gain Cut Fraction =  0.24233983286908078
Offset Cut Fraction =  0.27298050139275765
RMS Cut Fraction =  0.28133704735376047
Fraction of Detectors cut by CM cuts =  0.41225626740947074
##########################################
Running Spike Finder
Number of TODs with spike counts greater than 10.0 times the median =  47
Fraction of TODs =  0.1309192200557103
Spike Finder finished
Running Despiker
Time to despike =  1.4394450187683105
Fraction of Detectors cut in despiking =  0.30919220055710306
Fraction of Detectors with an incidence >10.0 seconds =  0.2116991643454039
Running jump detector
starting jump iter 1 of 1
have filtered data, now searching for jumps
Median number of jumps =  0.0
Fraction of Detectors Cut From Jumps =  0.016713091922005572
Computing PSDs
Fitting PSDs
Fraction of Detectors cut in PSD analysis=  0.06406685236768803
57.52 Hz: 148 occurrences
29.27 Hz: 6 occurrences
9.21 Hz: 2 occurrences
Total Fraction of Detectors cut =  0.5236768802228412
Replacing Data for 359 Detectors
Reading in the file
Reading in network 12 from file:  /work/toltec/commissioning2025-test/2025-C1-COM-05/jgolec/MACS0717.5+3745/reduced_TODs/redu01/149097/raw/toltec_commissioning_science_149097_rtc_timestream.nc
ndet = 381  nsamp = 25039
Sample rate =  122.0703125
Finished reading in the file
##########################################
Gain Cut Fraction =  0.16010498687664043
Offset Cut Fraction =  0.2204724409448819
RMS Cut Fraction =  0.19160104986876642
Fraction of Detectors cut by CM cuts =  0.3228346456692913
##########################################
Running Spike Finder
Number of TODs with spike counts greater than 10.0 times the median =  106
Fraction of TODs =  0.2782152230971129
Spike Finder finished
Running Despiker
Time to despike =  0.8842320442199707
Fraction of Detectors cut in despiking =  0.2152230971128609
Fraction of Detectors with an incidence >10.0 seconds =  0.15223097112860892
Running jump detector
starting jump iter 1 of 1
have filtered data, now searching for jumps
Median number of jumps =  0.0
Fraction of Detectors Cut From Jumps =  0.02099737532808399
Computing PSDs
Fitting PSDs
Fraction of Detectors cut in PSD analysis=  0.03674540682414698
57.52 Hz: 34 occurrences
37.46 Hz: 19 occurrences
41.14 Hz: 17 occurrences
46.47 Hz: 5 occurrences
47.29 Hz: 1 occurrences
Total Fraction of Detectors cut =  0.45931758530183725
Replacing Data for 381 Detectors
Reading in the file
Reading in network 0 from file:  /work/toltec/commissioning2025-test/2025-C1-COM-05/jgolec/MACS0717.5+3745/reduced_TODs/redu01/149099/raw/toltec_commissioning_science_149099_rtc_timestream.nc
ndet = 479  nsamp = 25039
Sample rate =  122.0703125
Finished reading in the file
##########################################
Gain Cut Fraction =  0.05636743215031315
Offset Cut Fraction =  0.1649269311064718
RMS Cut Fraction =  0.17536534446764093
Fraction of Detectors cut by CM cuts =  0.2045929018789144
##########################################
Running Spike Finder
Number of TODs with spike counts greater than 10.0 times the median =  220
Fraction of TODs =  0.4592901878914405
Spike Finder finished
Running Despiker
Time to despike =  0.5190231800079346
Fraction of Detectors cut in despiking =  0.15866388308977036
Fraction of Detectors with an incidence >10.0 seconds =  0.1419624217118998
Running jump detector
starting jump iter 1 of 1
have filtered data, now searching for jumps
Median number of jumps =  0.0
Fraction of Detectors Cut From Jumps =  0.037578288100208766
Computing PSDs
Fitting PSDs
Fraction of Detectors cut in PSD analysis=  0.08350730688935282
30.09 Hz: 465 occurrences
58.75 Hz: 324 occurrences
29.27 Hz: 97 occurrences
15.76 Hz: 13 occurrences
46.88 Hz: 7 occurrences
Total Fraction of Detectors cut =  0.5594989561586639
Replacing Data for 479 Detectors
Reading in the file
Reading in network 1 from file:  /work/toltec/commissioning2025-test/2025-C1-COM-05/jgolec/MACS0717.5+3745/reduced_TODs/redu01/149099/raw/toltec_commissioning_science_149099_rtc_timestream.nc
ndet = 366  nsamp = 25039
Sample rate =  122.0703125
Finished reading in the file
##########################################
Gain Cut Fraction =  0.04918032786885246
Offset Cut Fraction =  0.22131147540983606
RMS Cut Fraction =  0.21311475409836064
Fraction of Detectors cut by CM cuts =  0.25956284153005466
##########################################
Running Spike Finder
Number of TODs with spike counts greater than 10.0 times the median =  71
Fraction of TODs =  0.19398907103825136
Spike Finder finished
Running Despiker
Time to despike =  0.4669795036315918
Fraction of Detectors cut in despiking =  0.1912568306010929
Fraction of Detectors with an incidence >10.0 seconds =  0.15027322404371585
Running jump detector
starting jump iter 1 of 1
have filtered data, now searching for jumps
Median number of jumps =  0.0
Fraction of Detectors Cut From Jumps =  0.13934426229508196
Computing PSDs
Fitting PSDs
Fraction of Detectors cut in PSD analysis=  0.07650273224043716
30.09 Hz: 243 occurrences
58.75 Hz: 142 occurrences
23.54 Hz: 5 occurrences
15.76 Hz: 1 occurrences
Total Fraction of Detectors cut =  0.4180327868852459
Replacing Data for 366 Detectors
Reading in the file
Reading in network 2 from file:  /work/toltec/commissioning2025-test/2025-C1-COM-05/jgolec/MACS0717.5+3745/reduced_TODs/redu01/149099/raw/toltec_commissioning_science_149099_rtc_timestream.nc
ndet = 415  nsamp = 25039
Sample rate =  122.0703125
Finished reading in the file
##########################################
Gain Cut Fraction =  0.08433734939759036
Offset Cut Fraction =  0.23132530120481928
RMS Cut Fraction =  0.236144578313253
Fraction of Detectors cut by CM cuts =  0.3036144578313253
##########################################
Running Spike Finder
Number of TODs with spike counts greater than 10.0 times the median =  121
Fraction of TODs =  0.29156626506024097
Spike Finder finished
Running Despiker
Time to despike =  0.531423807144165
Fraction of Detectors cut in despiking =  0.27710843373493976
Fraction of Detectors with an incidence >10.0 seconds =  0.23373493975903614
Running jump detector
starting jump iter 1 of 1
have filtered data, now searching for jumps
Median number of jumps =  0.0
Fraction of Detectors Cut From Jumps =  0.30843373493975906
Computing PSDs
Fitting PSDs
Fraction of Detectors cut in PSD analysis=  0.07710843373493977
30.09 Hz: 157 occurrences
0.61 Hz: 12 occurrences
15.76 Hz: 4 occurrences
Total Fraction of Detectors cut =  0.5855421686746988
Replacing Data for 415 Detectors
Reading in the file
Reading in network 3 from file:  /work/toltec/commissioning2025-test/2025-C1-COM-05/jgolec/MACS0717.5+3745/reduced_TODs/redu01/149099/raw/toltec_commissioning_science_149099_rtc_timestream.nc
ndet = 395  nsamp = 25039
Sample rate =  122.0703125
Finished reading in the file
##########################################
Gain Cut Fraction =  0.05063291139240506
Offset Cut Fraction =  0.22531645569620254
RMS Cut Fraction =  0.23037974683544304
Fraction of Detectors cut by CM cuts =  0.25063291139240507
##########################################
Running Spike Finder
Number of TODs with spike counts greater than 10.0 times the median =  40
Fraction of TODs =  0.10126582278481013
Spike Finder finished
Running Despiker
Time to despike =  0.9678637981414795
Fraction of Detectors cut in despiking =  0.3012658227848101
Fraction of Detectors with an incidence >10.0 seconds =  0.12151898734177215
Running jump detector
starting jump iter 1 of 1
have filtered data, now searching for jumps
Median number of jumps =  0.0
Fraction of Detectors Cut From Jumps =  0.0379746835443038
Computing PSDs
Fitting PSDs
Fraction of Detectors cut in PSD analysis=  0.060759493670886074
30.09 Hz: 484 occurrences
15.76 Hz: 16 occurrences
29.27 Hz: 5 occurrences
Total Fraction of Detectors cut =  0.4759493670886076
Replacing Data for 395 Detectors
Reading in the file
Reading in network 4 from file:  /work/toltec/commissioning2025-test/2025-C1-COM-05/jgolec/MACS0717.5+3745/reduced_TODs/redu01/149099/raw/toltec_commissioning_science_149099_rtc_timestream.nc
ndet = 366  nsamp = 25039
Sample rate =  122.0703125
Finished reading in the file
##########################################
Gain Cut Fraction =  0.08196721311475409
Offset Cut Fraction =  0.2185792349726776
RMS Cut Fraction =  0.1994535519125683
Fraction of Detectors cut by CM cuts =  0.2650273224043716
##########################################
Running Spike Finder
Number of TODs with spike counts greater than 10.0 times the median =  65
Fraction of TODs =  0.17759562841530055
Spike Finder finished
Running Despiker
Time to despike =  1.0034794807434082
Fraction of Detectors cut in despiking =  0.3224043715846995
Fraction of Detectors with an incidence >10.0 seconds =  0.3333333333333333
Running jump detector
starting jump iter 1 of 1
have filtered data, now searching for jumps
Median number of jumps =  0.0
Fraction of Detectors Cut From Jumps =  0.10655737704918032
Computing PSDs
Fitting PSDs
Fraction of Detectors cut in PSD analysis=  0.09016393442622951
30.09 Hz: 492 occurrences
15.76 Hz: 21 occurrences
8.80 Hz: 4 occurrences
0.61 Hz: 2 occurrences
Total Fraction of Detectors cut =  0.5081967213114754
Replacing Data for 366 Detectors
Reading in the file
Reading in network 5 from file:  /work/toltec/commissioning2025-test/2025-C1-COM-05/jgolec/MACS0717.5+3745/reduced_TODs/redu01/149099/raw/toltec_commissioning_science_149099_rtc_timestream.nc
ndet = 367  nsamp = 25039
Sample rate =  122.0703125
Finished reading in the file
##########################################
Gain Cut Fraction =  0.04087193460490463
Offset Cut Fraction =  0.2125340599455041
RMS Cut Fraction =  0.1989100817438692
Fraction of Detectors cut by CM cuts =  0.23160762942779292
##########################################
Running Spike Finder
Number of TODs with spike counts greater than 10.0 times the median =  53
Fraction of TODs =  0.1444141689373297
Spike Finder finished
Running Despiker
Time to despike =  0.9534890651702881
Fraction of Detectors cut in despiking =  0.3242506811989101
Fraction of Detectors with an incidence >10.0 seconds =  0.22343324250681199
Running jump detector
starting jump iter 1 of 1
have filtered data, now searching for jumps
Median number of jumps =  0.0
Fraction of Detectors Cut From Jumps =  0.05449591280653951
Computing PSDs
Fitting PSDs
Fraction of Detectors cut in PSD analysis=  0.07629427792915532
30.09 Hz: 651 occurrences
15.76 Hz: 36 occurrences
29.27 Hz: 29 occurrences
58.75 Hz: 26 occurrences
18.63 Hz: 17 occurrences
Total Fraction of Detectors cut =  0.44686648501362397
Replacing Data for 367 Detectors
Reading in the file
Reading in network 6 from file:  /work/toltec/commissioning2025-test/2025-C1-COM-05/jgolec/MACS0717.5+3745/reduced_TODs/redu01/149099/raw/toltec_commissioning_science_149099_rtc_timestream.nc
ndet = 0  nsamp = 1
Sample rate =  122.0703125
Finished reading in the file
Reading in the file
Reading in network 7 from file:  /work/toltec/commissioning2025-test/2025-C1-COM-05/jgolec/MACS0717.5+3745/reduced_TODs/redu01/149099/raw/toltec_commissioning_science_149099_rtc_timestream.nc
ndet = 103  nsamp = 25039
Sample rate =  122.0703125
Finished reading in the file
##########################################
Gain Cut Fraction =  0.07766990291262135
Offset Cut Fraction =  0.1553398058252427
RMS Cut Fraction =  0.18446601941747573
Fraction of Detectors cut by CM cuts =  0.23300970873786409
##########################################
Running Spike Finder
Number of TODs with spike counts greater than 10.0 times the median =  0
Fraction of TODs =  0.0
Spike Finder finished
Running Despiker
Time to despike =  0.3504371643066406
Fraction of Detectors cut in despiking =  0.11650485436893204
Fraction of Detectors with an incidence >10.0 seconds =  0.32038834951456313
Running jump detector
starting jump iter 1 of 1
have filtered data, now searching for jumps
Median number of jumps =  0.0
Fraction of Detectors Cut From Jumps =  0.04854368932038835
Computing PSDs
Fitting PSDs
Fraction of Detectors cut in PSD analysis=  0.07766990291262135
29.27 Hz: 3 occurrences
Total Fraction of Detectors cut =  0.47572815533980584
Replacing Data for 103 Detectors
Reading in the file
Reading in network 8 from file:  /work/toltec/commissioning2025-test/2025-C1-COM-05/jgolec/MACS0717.5+3745/reduced_TODs/redu01/149099/raw/toltec_commissioning_science_149099_rtc_timestream.nc
ndet = 328  nsamp = 25039
Sample rate =  122.0703125
Finished reading in the file
##########################################
Gain Cut Fraction =  0.14939024390243902
Offset Cut Fraction =  0.23780487804878048
RMS Cut Fraction =  0.24695121951219512
Fraction of Detectors cut by CM cuts =  0.3475609756097561
##########################################
Running Spike Finder
Number of TODs with spike counts greater than 10.0 times the median =  119
Fraction of TODs =  0.3628048780487805
Spike Finder finished
Running Despiker
Time to despike =  0.24138784408569336
Fraction of Detectors cut in despiking =  0.021341463414634148
Fraction of Detectors with an incidence >10.0 seconds =  0.012195121951219513
Running jump detector
starting jump iter 1 of 1
have filtered data, now searching for jumps
Median number of jumps =  0.0
Fraction of Detectors Cut From Jumps =  0.0
Computing PSDs
Fitting PSDs
Fraction of Detectors cut in PSD analysis=  0.039634146341463415
29.27 Hz: 676 occurrences
17.40 Hz: 65 occurrences
58.75 Hz: 53 occurrences
35.00 Hz: 39 occurrences
32.14 Hz: 16 occurrences
Total Fraction of Detectors cut =  0.6128048780487805
Replacing Data for 328 Detectors
Reading in the file
Reading in network 9 from file:  /work/toltec/commissioning2025-test/2025-C1-COM-05/jgolec/MACS0717.5+3745/reduced_TODs/redu01/149099/raw/toltec_commissioning_science_149099_rtc_timestream.nc
ndet = 268  nsamp = 25039
Sample rate =  122.0703125
Finished reading in the file
##########################################
Gain Cut Fraction =  0.11194029850746269
Offset Cut Fraction =  0.26119402985074625
RMS Cut Fraction =  0.2537313432835821
Fraction of Detectors cut by CM cuts =  0.30597014925373134
##########################################
Running Spike Finder
Number of TODs with spike counts greater than 10.0 times the median =  11
Fraction of TODs =  0.041044776119402986
Spike Finder finished
Running Despiker
Time to despike =  0.7433626651763916
Fraction of Detectors cut in despiking =  0.15298507462686567
Fraction of Detectors with an incidence >10.0 seconds =  0.4141791044776119
Running jump detector
starting jump iter 1 of 1
have filtered data, now searching for jumps
Median number of jumps =  0.0
Fraction of Detectors Cut From Jumps =  0.048507462686567165
Computing PSDs
Fitting PSDs
Fraction of Detectors cut in PSD analysis=  0.08955223880597014
28.45 Hz: 2 occurrences
Total Fraction of Detectors cut =  0.5708955223880597
Replacing Data for 268 Detectors
Reading in the file
Reading in network 11 from file:  /work/toltec/commissioning2025-test/2025-C1-COM-05/jgolec/MACS0717.5+3745/reduced_TODs/redu01/149099/raw/toltec_commissioning_science_149099_rtc_timestream.nc
ndet = 358  nsamp = 25039
Sample rate =  122.0703125
Finished reading in the file
##########################################
Gain Cut Fraction =  0.2430167597765363
Offset Cut Fraction =  0.2569832402234637
RMS Cut Fraction =  0.2681564245810056
Fraction of Detectors cut by CM cuts =  0.39106145251396646
##########################################
Running Spike Finder
Number of TODs with spike counts greater than 10.0 times the median =  53
Fraction of TODs =  0.14804469273743018
Spike Finder finished
Running Despiker
Time to despike =  0.7195544242858887
Fraction of Detectors cut in despiking =  0.2122905027932961
Fraction of Detectors with an incidence >10.0 seconds =  0.12569832402234637
Running jump detector
starting jump iter 1 of 1
have filtered data, now searching for jumps
Median number of jumps =  0.0
Fraction of Detectors Cut From Jumps =  0.0223463687150838
Computing PSDs
Fitting PSDs
Fraction of Detectors cut in PSD analysis=  0.06983240223463687
57.52 Hz: 155 occurrences
28.86 Hz: 2 occurrences
23.54 Hz: 1 occurrences
Total Fraction of Detectors cut =  0.48044692737430167
Replacing Data for 358 Detectors
Reading in the file
Reading in network 12 from file:  /work/toltec/commissioning2025-test/2025-C1-COM-05/jgolec/MACS0717.5+3745/reduced_TODs/redu01/149099/raw/toltec_commissioning_science_149099_rtc_timestream.nc
ndet = 380  nsamp = 25039
Sample rate =  122.0703125
Finished reading in the file
##########################################
Gain Cut Fraction =  0.1736842105263158
Offset Cut Fraction =  0.2236842105263158
RMS Cut Fraction =  0.20789473684210527
Fraction of Detectors cut by CM cuts =  0.3394736842105263
##########################################
Running Spike Finder
Number of TODs with spike counts greater than 10.0 times the median =  93
Fraction of TODs =  0.24473684210526317
Spike Finder finished
Running Despiker
Time to despike =  0.5045571327209473
Fraction of Detectors cut in despiking =  0.12631578947368421
Fraction of Detectors with an incidence >10.0 seconds =  0.09473684210526316
Running jump detector
starting jump iter 1 of 1
have filtered data, now searching for jumps
Median number of jumps =  0.0
Fraction of Detectors Cut From Jumps =  0.02894736842105263
Computing PSDs
Fitting PSDs
Fraction of Detectors cut in PSD analysis=  0.11578947368421053
41.14 Hz: 94 occurrences
57.52 Hz: 36 occurrences
37.87 Hz: 24 occurrences
37.05 Hz: 21 occurrences
23.54 Hz: 6 occurrences
Total Fraction of Detectors cut =  0.49736842105263157
Replacing Data for 380 Detectors
Reading in the file
Reading in network 0 from file:  /work/toltec/commissioning2025-test/2025-C1-COM-05/jgolec/MACS0717.5+3745/reduced_TODs/redu01/149101/raw/toltec_commissioning_science_149101_rtc_timestream.nc
ndet = 475  nsamp = 25039
Sample rate =  122.0703125
Finished reading in the file
##########################################
Gain Cut Fraction =  0.08842105263157894
Offset Cut Fraction =  0.17473684210526316
RMS Cut Fraction =  0.18736842105263157
Fraction of Detectors cut by CM cuts =  0.2463157894736842
##########################################
Running Spike Finder
Number of TODs with spike counts greater than 10.0 times the median =  125
Fraction of TODs =  0.2631578947368421
Spike Finder finished
Running Despiker
Time to despike =  0.250870943069458
Fraction of Detectors cut in despiking =  0.029473684210526315
Fraction of Detectors with an incidence >10.0 seconds =  0.016842105263157894
Running jump detector
starting jump iter 1 of 1
have filtered data, now searching for jumps
Median number of jumps =  0.0
Fraction of Detectors Cut From Jumps =  0.002105263157894737
Computing PSDs
Fitting PSDs
Fraction of Detectors cut in PSD analysis=  0.04421052631578947
30.09 Hz: 1002 occurrences
58.75 Hz: 199 occurrences
15.76 Hz: 85 occurrences
29.27 Hz: 71 occurrences
0.61 Hz: 6 occurrences
Total Fraction of Detectors cut =  0.4
Replacing Data for 475 Detectors
Reading in the file
Reading in network 1 from file:  /work/toltec/commissioning2025-test/2025-C1-COM-05/jgolec/MACS0717.5+3745/reduced_TODs/redu01/149101/raw/toltec_commissioning_science_149101_rtc_timestream.nc
ndet = 366  nsamp = 25039
Sample rate =  122.0703125
Finished reading in the file
##########################################
Gain Cut Fraction =  0.06830601092896176
Offset Cut Fraction =  0.15300546448087432
RMS Cut Fraction =  0.1885245901639344
Fraction of Detectors cut by CM cuts =  0.24043715846994534
##########################################
Running Spike Finder
Number of TODs with spike counts greater than 10.0 times the median =  95
Fraction of TODs =  0.25956284153005466
Spike Finder finished
Running Despiker
Time to despike =  0.24346184730529785
Fraction of Detectors cut in despiking =  0.04918032786885246
Fraction of Detectors with an incidence >10.0 seconds =  0.030054644808743168
Running jump detector
starting jump iter 1 of 1
have filtered data, now searching for jumps
Median number of jumps =  0.0
Fraction of Detectors Cut From Jumps =  0.00273224043715847
Computing PSDs
Fitting PSDs
Fraction of Detectors cut in PSD analysis=  0.05191256830601093
30.09 Hz: 547 occurrences
58.34 Hz: 218 occurrences
15.76 Hz: 38 occurrences
0.61 Hz: 5 occurrences
23.54 Hz: 3 occurrences
Total Fraction of Detectors cut =  0.41530054644808745
Replacing Data for 366 Detectors
Reading in the file
Reading in network 2 from file:  /work/toltec/commissioning2025-test/2025-C1-COM-05/jgolec/MACS0717.5+3745/reduced_TODs/redu01/149101/raw/toltec_commissioning_science_149101_rtc_timestream.nc
ndet = 413  nsamp = 25039
Sample rate =  122.0703125
Finished reading in the file
##########################################
Gain Cut Fraction =  0.06295399515738499
Offset Cut Fraction =  0.11380145278450363
RMS Cut Fraction =  0.17191283292978207
Fraction of Detectors cut by CM cuts =  0.22518159806295399
##########################################
Running Spike Finder
Number of TODs with spike counts greater than 10.0 times the median =  112
Fraction of TODs =  0.2711864406779661
Spike Finder finished
Running Despiker
Time to despike =  0.3322629928588867
Fraction of Detectors cut in despiking =  0.04600484261501211
Fraction of Detectors with an incidence >10.0 seconds =  0.021791767554479417
Running jump detector
starting jump iter 1 of 1
have filtered data, now searching for jumps
Median number of jumps =  0.0
Fraction of Detectors Cut From Jumps =  0.002421307506053269
Computing PSDs
Fitting PSDs
Fraction of Detectors cut in PSD analysis=  0.043583535108958835
30.09 Hz: 393 occurrences
29.27 Hz: 36 occurrences
15.76 Hz: 31 occurrences
8.80 Hz: 2 occurrences
Total Fraction of Detectors cut =  0.4576271186440678
Replacing Data for 413 Detectors
Reading in the file
Reading in network 3 from file:  /work/toltec/commissioning2025-test/2025-C1-COM-05/jgolec/MACS0717.5+3745/reduced_TODs/redu01/149101/raw/toltec_commissioning_science_149101_rtc_timestream.nc
ndet = 394  nsamp = 25039
Sample rate =  122.0703125
Finished reading in the file
##########################################
Gain Cut Fraction =  0.0532994923857868
Offset Cut Fraction =  0.19543147208121828
RMS Cut Fraction =  0.22081218274111675
Fraction of Detectors cut by CM cuts =  0.2512690355329949
##########################################
Running Spike Finder
Number of TODs with spike counts greater than 10.0 times the median =  137
Fraction of TODs =  0.3477157360406091
Spike Finder finished
Running Despiker
Time to despike =  1.0605499744415283
Fraction of Detectors cut in despiking =  0.233502538071066
Fraction of Detectors with an incidence >10.0 seconds =  0.03553299492385787
Running jump detector
starting jump iter 1 of 1
have filtered data, now searching for jumps
Median number of jumps =  0.0
Fraction of Detectors Cut From Jumps =  0.0
Computing PSDs
Fitting PSDs
Fraction of Detectors cut in PSD analysis=  0.04314720812182741
30.09 Hz: 817 occurrences
15.76 Hz: 69 occurrences
23.54 Hz: 11 occurrences
18.63 Hz: 3 occurrences
0.61 Hz: 2 occurrences
Total Fraction of Detectors cut =  0.49238578680203043
Replacing Data for 394 Detectors
Reading in the file
Reading in network 4 from file:  /work/toltec/commissioning2025-test/2025-C1-COM-05/jgolec/MACS0717.5+3745/reduced_TODs/redu01/149101/raw/toltec_commissioning_science_149101_rtc_timestream.nc
ndet = 370  nsamp = 25039
Sample rate =  122.0703125
Finished reading in the file
##########################################
Gain Cut Fraction =  0.1
Offset Cut Fraction =  0.11081081081081082
RMS Cut Fraction =  0.17297297297297298
Fraction of Detectors cut by CM cuts =  0.24594594594594596
##########################################
Running Spike Finder
Number of TODs with spike counts greater than 10.0 times the median =  181
Fraction of TODs =  0.4891891891891892
Spike Finder finished
Running Despiker
Time to despike =  1.0351662635803223
Fraction of Detectors cut in despiking =  0.27297297297297296
Fraction of Detectors with an incidence >10.0 seconds =  0.05675675675675676
Running jump detector
starting jump iter 1 of 1
have filtered data, now searching for jumps
Median number of jumps =  0.0
Fraction of Detectors Cut From Jumps =  0.002702702702702703
Computing PSDs
Fitting PSDs
Fraction of Detectors cut in PSD analysis=  0.062162162162162166
30.09 Hz: 1078 occurrences
15.76 Hz: 114 occurrences
0.61 Hz: 35 occurrences
46.88 Hz: 33 occurrences
8.80 Hz: 2 occurrences
Total Fraction of Detectors cut =  0.6216216216216216
Replacing Data for 370 Detectors
Reading in the file
Reading in network 5 from file:  /work/toltec/commissioning2025-test/2025-C1-COM-05/jgolec/MACS0717.5+3745/reduced_TODs/redu01/149101/raw/toltec_commissioning_science_149101_rtc_timestream.nc
ndet = 367  nsamp = 25039
Sample rate =  122.0703125
Finished reading in the file
##########################################
Gain Cut Fraction =  0.04087193460490463
Offset Cut Fraction =  0.22070844686648503
RMS Cut Fraction =  0.22343324250681199
Fraction of Detectors cut by CM cuts =  0.24795640326975477
##########################################
Running Spike Finder
Number of TODs with spike counts greater than 10.0 times the median =  173
Fraction of TODs =  0.4713896457765668
Spike Finder finished
Running Despiker
Time to despike =  0.8897438049316406
Fraction of Detectors cut in despiking =  0.23705722070844687
Fraction of Detectors with an incidence >10.0 seconds =  0.05722070844686648
Running jump detector
starting jump iter 1 of 1
have filtered data, now searching for jumps
Median number of jumps =  0.0
Fraction of Detectors Cut From Jumps =  0.0
Computing PSDs
Fitting PSDs
Fraction of Detectors cut in PSD analysis=  0.05994550408719346
30.09 Hz: 1167 occurrences
15.76 Hz: 119 occurrences
18.63 Hz: 28 occurrences
0.61 Hz: 7 occurrences
34.59 Hz: 4 occurrences
Total Fraction of Detectors cut =  0.5694822888283378
Replacing Data for 367 Detectors
Reading in the file
Reading in network 6 from file:  /work/toltec/commissioning2025-test/2025-C1-COM-05/jgolec/MACS0717.5+3745/reduced_TODs/redu01/149101/raw/toltec_commissioning_science_149101_rtc_timestream.nc
ndet = 0  nsamp = 1
Sample rate =  122.0703125
Finished reading in the file
Reading in the file
Reading in network 7 from file:  /work/toltec/commissioning2025-test/2025-C1-COM-05/jgolec/MACS0717.5+3745/reduced_TODs/redu01/149101/raw/toltec_commissioning_science_149101_rtc_timestream.nc
ndet = 106  nsamp = 25039
Sample rate =  122.0703125
Finished reading in the file
##########################################
Gain Cut Fraction =  0.05660377358490566
Offset Cut Fraction =  0.20754716981132076
RMS Cut Fraction =  0.22641509433962265
Fraction of Detectors cut by CM cuts =  0.25471698113207547
##########################################
Running Spike Finder
Number of TODs with spike counts greater than 10.0 times the median =  7
Fraction of TODs =  0.0660377358490566
Spike Finder finished
Running Despiker
Time to despike =  0.4273855686187744
Fraction of Detectors cut in despiking =  0.36792452830188677
Fraction of Detectors with an incidence >10.0 seconds =  0.03773584905660377
Running jump detector
starting jump iter 1 of 1
have filtered data, now searching for jumps
Median number of jumps =  0.0
Fraction of Detectors Cut From Jumps =  0.018867924528301886
Computing PSDs
Fitting PSDs
Fraction of Detectors cut in PSD analysis=  0.05660377358490566
/work/toltec/JoeyGolec/TolTOD/cleanscript.py:516: UserWarning: No artists with labels found to put in legend.  Note that artists whose label start with an underscore are ignored when legend() is called with no argument.
  plt.legend()
Total Fraction of Detectors cut =  0.5283018867924528
Replacing Data for 106 Detectors
Reading in the file
Reading in network 8 from file:  /work/toltec/commissioning2025-test/2025-C1-COM-05/jgolec/MACS0717.5+3745/reduced_TODs/redu01/149101/raw/toltec_commissioning_science_149101_rtc_timestream.nc
ndet = 331  nsamp = 25039
Sample rate =  122.0703125
Finished reading in the file
##########################################
Gain Cut Fraction =  0.1510574018126888
Offset Cut Fraction =  0.22054380664652568
RMS Cut Fraction =  0.229607250755287
Fraction of Detectors cut by CM cuts =  0.3474320241691843
##########################################
Running Spike Finder
Number of TODs with spike counts greater than 10.0 times the median =  88
Fraction of TODs =  0.26586102719033233
Spike Finder finished
Running Despiker
Time to despike =  0.2597463130950928
Fraction of Detectors cut in despiking =  0.015105740181268883
Fraction of Detectors with an incidence >10.0 seconds =  0.0030211480362537764
Running jump detector
starting jump iter 1 of 1
have filtered data, now searching for jumps
Median number of jumps =  0.0
Fraction of Detectors Cut From Jumps =  0.006042296072507553
Computing PSDs
Fitting PSDs
Fraction of Detectors cut in PSD analysis=  0.045317220543806644
29.27 Hz: 399 occurrences
23.54 Hz: 4 occurrences
58.34 Hz: 1 occurrences
Total Fraction of Detectors cut =  0.5377643504531722
Replacing Data for 331 Detectors
Reading in the file
Reading in network 9 from file:  /work/toltec/commissioning2025-test/2025-C1-COM-05/jgolec/MACS0717.5+3745/reduced_TODs/redu01/149101/raw/toltec_commissioning_science_149101_rtc_timestream.nc
ndet = 269  nsamp = 25039
Sample rate =  122.0703125
Finished reading in the file
##########################################
Gain Cut Fraction =  0.11152416356877323
Offset Cut Fraction =  0.26394052044609667
RMS Cut Fraction =  0.26765799256505574
Fraction of Detectors cut by CM cuts =  0.31970260223048325
##########################################
Running Spike Finder
Number of TODs with spike counts greater than 10.0 times the median =  67
Fraction of TODs =  0.24907063197026022
Spike Finder finished
Running Despiker
Time to despike =  0.6203179359436035
Fraction of Detectors cut in despiking =  0.1970260223048327
Fraction of Detectors with an incidence >10.0 seconds =  0.040892193308550186
Running jump detector
starting jump iter 1 of 1
have filtered data, now searching for jumps
Median number of jumps =  0.0
Fraction of Detectors Cut From Jumps =  0.011152416356877323
Computing PSDs
Fitting PSDs
Fraction of Detectors cut in PSD analysis=  0.06691449814126393
51.38 Hz: 3 occurrences
29.27 Hz: 3 occurrences
Total Fraction of Detectors cut =  0.5241635687732342
Replacing Data for 269 Detectors
Reading in the file
Reading in network 11 from file:  /work/toltec/commissioning2025-test/2025-C1-COM-05/jgolec/MACS0717.5+3745/reduced_TODs/redu01/149101/raw/toltec_commissioning_science_149101_rtc_timestream.nc
ndet = 359  nsamp = 25039
Sample rate =  122.0703125
Finished reading in the file
##########################################
Gain Cut Fraction =  0.21448467966573817
Offset Cut Fraction =  0.31197771587743733
RMS Cut Fraction =  0.3147632311977716
Fraction of Detectors cut by CM cuts =  0.3983286908077994
##########################################
Running Spike Finder
Number of TODs with spike counts greater than 10.0 times the median =  89
Fraction of TODs =  0.2479108635097493
Spike Finder finished
Running Despiker
Time to despike =  0.8716771602630615
Fraction of Detectors cut in despiking =  0.1671309192200557
Fraction of Detectors with an incidence >10.0 seconds =  0.07520891364902507
Running jump detector
starting jump iter 1 of 1
have filtered data, now searching for jumps
Median number of jumps =  0.0
Fraction of Detectors Cut From Jumps =  0.027855153203342618
Computing PSDs
Fitting PSDs
Fraction of Detectors cut in PSD analysis=  0.06128133704735376
57.52 Hz: 7 occurrences
10.44 Hz: 3 occurrences
Total Fraction of Detectors cut =  0.5431754874651811
Replacing Data for 359 Detectors
Reading in the file
Reading in network 12 from file:  /work/toltec/commissioning2025-test/2025-C1-COM-05/jgolec/MACS0717.5+3745/reduced_TODs/redu01/149101/raw/toltec_commissioning_science_149101_rtc_timestream.nc
ndet = 380  nsamp = 25039
Sample rate =  122.0703125
Finished reading in the file
##########################################
Gain Cut Fraction =  0.12894736842105264
Offset Cut Fraction =  0.23684210526315788
RMS Cut Fraction =  0.22105263157894736
Fraction of Detectors cut by CM cuts =  0.3
##########################################
Running Spike Finder
Number of TODs with spike counts greater than 10.0 times the median =  66
Fraction of TODs =  0.1736842105263158
Spike Finder finished
Running Despiker
Time to despike =  0.601398229598999
Fraction of Detectors cut in despiking =  0.09736842105263158
Fraction of Detectors with an incidence >10.0 seconds =  0.06578947368421052
Running jump detector
starting jump iter 1 of 1
have filtered data, now searching for jumps
Median number of jumps =  0.0
Fraction of Detectors Cut From Jumps =  0.06315789473684211
Computing PSDs
Fitting PSDs
Fraction of Detectors cut in PSD analysis=  0.07631578947368421
57.52 Hz: 37 occurrences
41.14 Hz: 19 occurrences
22.72 Hz: 3 occurrences
23.95 Hz: 2 occurrences
Total Fraction of Detectors cut =  0.4052631578947368
Replacing Data for 380 Detectors
Reading in the file
Reading in network 0 from file:  /work/toltec/commissioning2025-test/2025-C1-COM-05/jgolec/MACS0717.5+3745/reduced_TODs/redu01/150132/raw/toltec_commissioning_science_150132_rtc_timestream.nc
ndet = 486  nsamp = 25039
Sample rate =  122.0703125
Finished reading in the file
##########################################
Gain Cut Fraction =  0.06172839506172839
Offset Cut Fraction =  0.1934156378600823
RMS Cut Fraction =  0.21604938271604937
Fraction of Detectors cut by CM cuts =  0.2613168724279835
##########################################
Running Spike Finder
Number of TODs with spike counts greater than 10.0 times the median =  3
Fraction of TODs =  0.006172839506172839
Spike Finder finished
Running Despiker
Time to despike =  1.0920252799987793
Fraction of Detectors cut in despiking =  0.11728395061728394
Fraction of Detectors with an incidence >10.0 seconds =  0.05761316872427984
Running jump detector
starting jump iter 1 of 1
have filtered data, now searching for jumps
Median number of jumps =  1.0
Fraction of Detectors Cut From Jumps =  0.00205761316872428
Computing PSDs
Fitting PSDs
Fraction of Detectors cut in PSD analysis=  0.07818930041152264
58.75 Hz: 175 occurrences
31.32 Hz: 15 occurrences
1.02 Hz: 4 occurrences
Total Fraction of Detectors cut =  0.34156378600823045
Replacing Data for 486 Detectors
Reading in the file
Reading in network 1 from file:  /work/toltec/commissioning2025-test/2025-C1-COM-05/jgolec/MACS0717.5+3745/reduced_TODs/redu01/150132/raw/toltec_commissioning_science_150132_rtc_timestream.nc
ndet = 359  nsamp = 25039
Sample rate =  122.0703125
Finished reading in the file
##########################################
Gain Cut Fraction =  0.09192200557103064
Offset Cut Fraction =  0.18384401114206128
RMS Cut Fraction =  0.2116991643454039
Fraction of Detectors cut by CM cuts =  0.2924791086350975
##########################################
Running Spike Finder
Number of TODs with spike counts greater than 10.0 times the median =  1
Fraction of TODs =  0.002785515320334262
Spike Finder finished
Running Despiker
Time to despike =  1.988739252090454
Fraction of Detectors cut in despiking =  0.0
Fraction of Detectors with an incidence >10.0 seconds =  0.807799442896936
Running jump detector
starting jump iter 1 of 1
have filtered data, now searching for jumps
Median number of jumps =  1.0
Fraction of Detectors Cut From Jumps =  0.38440111420612816
Computing PSDs
Fitting PSDs
Fraction of Detectors cut in PSD analysis=  0.04456824512534819
58.75 Hz: 85 occurrences
Total Fraction of Detectors cut =  0.8467966573816156
Replacing Data for 359 Detectors
Reading in the file
Reading in network 2 from file:  /work/toltec/commissioning2025-test/2025-C1-COM-05/jgolec/MACS0717.5+3745/reduced_TODs/redu01/150132/raw/toltec_commissioning_science_150132_rtc_timestream.nc
ndet = 413  nsamp = 25039
Sample rate =  122.0703125
Finished reading in the file
##########################################
Gain Cut Fraction =  0.07506053268765134
Offset Cut Fraction =  0.12106537530266344
RMS Cut Fraction =  0.15012106537530268
Fraction of Detectors cut by CM cuts =  0.20581113801452786
##########################################
Running Spike Finder
Number of TODs with spike counts greater than 10.0 times the median =  57
Fraction of TODs =  0.13801452784503632
Spike Finder finished
Running Despiker
Time to despike =  1.0312161445617676
Fraction of Detectors cut in despiking =  0.22033898305084745
Fraction of Detectors with an incidence >10.0 seconds =  0.15254237288135594
Running jump detector
starting jump iter 1 of 1
have filtered data, now searching for jumps
Median number of jumps =  0.0
Fraction of Detectors Cut From Jumps =  0.3075060532687651
Computing PSDs
Fitting PSDs
Fraction of Detectors cut in PSD analysis=  0.09443099273607748
Total Fraction of Detectors cut =  0.5375302663438256
Replacing Data for 413 Detectors
Reading in the file
Reading in network 3 from file:  /work/toltec/commissioning2025-test/2025-C1-COM-05/jgolec/MACS0717.5+3745/reduced_TODs/redu01/150132/raw/toltec_commissioning_science_150132_rtc_timestream.nc
ndet = 383  nsamp = 25039
Sample rate =  122.0703125
Finished reading in the file
##########################################
Gain Cut Fraction =  0.03655352480417755
Offset Cut Fraction =  0.10443864229765012
RMS Cut Fraction =  0.1566579634464752
Fraction of Detectors cut by CM cuts =  0.18798955613577023
##########################################
Running Spike Finder
Number of TODs with spike counts greater than 10.0 times the median =  56
Fraction of TODs =  0.1462140992167102
Spike Finder finished
Running Despiker
Time to despike =  1.6131188869476318
Fraction of Detectors cut in despiking =  0.370757180156658
Fraction of Detectors with an incidence >10.0 seconds =  0.3237597911227154
Running jump detector
starting jump iter 1 of 1
have filtered data, now searching for jumps
Median number of jumps =  0.0
Fraction of Detectors Cut From Jumps =  0.39947780678851175
Computing PSDs
Fitting PSDs
Fraction of Detectors cut in PSD analysis=  0.08877284595300261
31.32 Hz: 2 occurrences
Total Fraction of Detectors cut =  0.5718015665796344
Replacing Data for 383 Detectors
Reading in the file
Reading in network 4 from file:  /work/toltec/commissioning2025-test/2025-C1-COM-05/jgolec/MACS0717.5+3745/reduced_TODs/redu01/150132/raw/toltec_commissioning_science_150132_rtc_timestream.nc
ndet = 362  nsamp = 25039
Sample rate =  122.0703125
Finished reading in the file
##########################################
Gain Cut Fraction =  0.049723756906077346
Offset Cut Fraction =  0.212707182320442
RMS Cut Fraction =  0.3259668508287293
Fraction of Detectors cut by CM cuts =  0.36187845303867405
##########################################
Running Spike Finder
Number of TODs with spike counts greater than 10.0 times the median =  13
Fraction of TODs =  0.03591160220994475
Spike Finder finished
Running Despiker
Time to despike =  1.3079733848571777
Fraction of Detectors cut in despiking =  0.31215469613259667
Fraction of Detectors with an incidence >10.0 seconds =  0.20994475138121546
Running jump detector
starting jump iter 1 of 1
have filtered data, now searching for jumps
Median number of jumps =  0.0
Fraction of Detectors Cut From Jumps =  0.4530386740331492
Computing PSDs
Fitting PSDs
Fraction of Detectors cut in PSD analysis=  0.16574585635359115
29.27 Hz: 52 occurrences
31.32 Hz: 13 occurrences
1.02 Hz: 6 occurrences
30.09 Hz: 2 occurrences
33.37 Hz: 1 occurrences
Total Fraction of Detectors cut =  0.850828729281768
Replacing Data for 362 Detectors
Reading in the file
Reading in network 5 from file:  /work/toltec/commissioning2025-test/2025-C1-COM-05/jgolec/MACS0717.5+3745/reduced_TODs/redu01/150132/raw/toltec_commissioning_science_150132_rtc_timestream.nc
ndet = 363  nsamp = 25039
Sample rate =  122.0703125
Finished reading in the file
##########################################
Gain Cut Fraction =  0.12396694214876033
Offset Cut Fraction =  0.24517906336088155
RMS Cut Fraction =  0.2534435261707989
Fraction of Detectors cut by CM cuts =  0.33608815426997246
##########################################
Running Spike Finder
Number of TODs with spike counts greater than 10.0 times the median =  11
Fraction of TODs =  0.030303030303030304
Spike Finder finished
Running Despiker
Time to despike =  0.8151848316192627
Fraction of Detectors cut in despiking =  0.1928374655647383
Fraction of Detectors with an incidence >10.0 seconds =  0.07988980716253444
Running jump detector
starting jump iter 1 of 1
have filtered data, now searching for jumps
Median number of jumps =  1.0
Fraction of Detectors Cut From Jumps =  0.02203856749311295
Computing PSDs
Fitting PSDs
Fraction of Detectors cut in PSD analysis=  0.02203856749311295
31.32 Hz: 63 occurrences
1.02 Hz: 61 occurrences
30.09 Hz: 15 occurrences
18.63 Hz: 8 occurrences
8.80 Hz: 4 occurrences
Total Fraction of Detectors cut =  0.41046831955922863
Replacing Data for 363 Detectors
Reading in the file
Reading in network 6 from file:  /work/toltec/commissioning2025-test/2025-C1-COM-05/jgolec/MACS0717.5+3745/reduced_TODs/redu01/150132/raw/toltec_commissioning_science_150132_rtc_timestream.nc
ndet = 0  nsamp = 1
Sample rate =  122.0703125
Finished reading in the file
Reading in the file
Reading in network 7 from file:  /work/toltec/commissioning2025-test/2025-C1-COM-05/jgolec/MACS0717.5+3745/reduced_TODs/redu01/150132/raw/toltec_commissioning_science_150132_rtc_timestream.nc
ndet = 52  nsamp = 25039
Sample rate =  122.0703125
Finished reading in the file
##########################################
Gain Cut Fraction =  0.1346153846153846
Offset Cut Fraction =  0.34615384615384615
RMS Cut Fraction =  0.34615384615384615
Fraction of Detectors cut by CM cuts =  0.4230769230769231
##########################################
Running Spike Finder
Number of TODs with spike counts greater than 10.0 times the median =  6
Fraction of TODs =  0.11538461538461539
Spike Finder finished
Running Despiker
Time to despike =  0.1723647117614746
Fraction of Detectors cut in despiking =  0.28846153846153844
Fraction of Detectors with an incidence >10.0 seconds =  0.3076923076923077
Running jump detector
starting jump iter 1 of 1
have filtered data, now searching for jumps
Median number of jumps =  0.5
Fraction of Detectors Cut From Jumps =  0.5
Computing PSDs
Fitting PSDs
Fraction of Detectors cut in PSD analysis=  0.07692307692307693
Total Fraction of Detectors cut =  0.8269230769230769
Replacing Data for 52 Detectors
Reading in the file
Reading in network 8 from file:  /work/toltec/commissioning2025-test/2025-C1-COM-05/jgolec/MACS0717.5+3745/reduced_TODs/redu01/150132/raw/toltec_commissioning_science_150132_rtc_timestream.nc
ndet = 319  nsamp = 25039
Sample rate =  122.0703125
Finished reading in the file
##########################################
Gain Cut Fraction =  0.0438871473354232
Offset Cut Fraction =  0.10658307210031348
RMS Cut Fraction =  0.2884012539184953
Fraction of Detectors cut by CM cuts =  0.322884012539185
##########################################
Running Spike Finder
Number of TODs with spike counts greater than 10.0 times the median =  14
Fraction of TODs =  0.0438871473354232
Spike Finder finished
Running Despiker
Time to despike =  0.5630903244018555
Fraction of Detectors cut in despiking =  0.08150470219435736
Fraction of Detectors with an incidence >10.0 seconds =  0.05642633228840126
Running jump detector
starting jump iter 1 of 1
have filtered data, now searching for jumps
Median number of jumps =  0.0
Fraction of Detectors Cut From Jumps =  0.109717868338558
Computing PSDs
Fitting PSDs
Fraction of Detectors cut in PSD analysis=  0.109717868338558
29.27 Hz: 224 occurrences
32.96 Hz: 1 occurrences
Total Fraction of Detectors cut =  0.48589341692789967
Replacing Data for 319 Detectors
Reading in the file
Reading in network 9 from file:  /work/toltec/commissioning2025-test/2025-C1-COM-05/jgolec/MACS0717.5+3745/reduced_TODs/redu01/150132/raw/toltec_commissioning_science_150132_rtc_timestream.nc
ndet = 251  nsamp = 25039
Sample rate =  122.0703125
Finished reading in the file
##########################################
Gain Cut Fraction =  0.15139442231075698
Offset Cut Fraction =  0.1593625498007968
RMS Cut Fraction =  0.19123505976095617
Fraction of Detectors cut by CM cuts =  0.3107569721115538
##########################################
Running Spike Finder
Number of TODs with spike counts greater than 10.0 times the median =  24
Fraction of TODs =  0.09561752988047809
Spike Finder finished
Running Despiker
Time to despike =  1.113004207611084
Fraction of Detectors cut in despiking =  0.21912350597609562
Fraction of Detectors with an incidence >10.0 seconds =  0.549800796812749
Running jump detector
starting jump iter 1 of 1
have filtered data, now searching for jumps
Median number of jumps =  1.0
Fraction of Detectors Cut From Jumps =  0.4581673306772908
Computing PSDs
Fitting PSDs
Fraction of Detectors cut in PSD analysis=  0.0398406374501992
Total Fraction of Detectors cut =  0.6573705179282868
Replacing Data for 251 Detectors
Reading in the file
Reading in network 11 from file:  /work/toltec/commissioning2025-test/2025-C1-COM-05/jgolec/MACS0717.5+3745/reduced_TODs/redu01/150132/raw/toltec_commissioning_science_150132_rtc_timestream.nc
ndet = 358  nsamp = 25039
Sample rate =  122.0703125
Finished reading in the file
##########################################
Gain Cut Fraction =  0.21508379888268156
Offset Cut Fraction =  0.25139664804469275
RMS Cut Fraction =  0.26536312849162014
Fraction of Detectors cut by CM cuts =  0.3575418994413408
##########################################
Running Spike Finder
Number of TODs with spike counts greater than 10.0 times the median =  7
Fraction of TODs =  0.019553072625698324
Spike Finder finished
Running Despiker
Time to despike =  0.6846573352813721
Fraction of Detectors cut in despiking =  0.09776536312849161
Fraction of Detectors with an incidence >10.0 seconds =  0.0670391061452514
Running jump detector
starting jump iter 1 of 1
have filtered data, now searching for jumps
Median number of jumps =  1.0
Fraction of Detectors Cut From Jumps =  0.4748603351955307
Computing PSDs
Fitting PSDs
Fraction of Detectors cut in PSD analysis=  0.036312849162011177
28.04 Hz: 4 occurrences
19.45 Hz: 3 occurrences
35.00 Hz: 3 occurrences
57.52 Hz: 1 occurrences
23.54 Hz: 1 occurrences
Total Fraction of Detectors cut =  0.7821229050279329
Replacing Data for 358 Detectors
Reading in the file
Reading in network 12 from file:  /work/toltec/commissioning2025-test/2025-C1-COM-05/jgolec/MACS0717.5+3745/reduced_TODs/redu01/150132/raw/toltec_commissioning_science_150132_rtc_timestream.nc
ndet = 384  nsamp = 25039
Sample rate =  122.0703125
Finished reading in the file
##########################################
Gain Cut Fraction =  0.11979166666666667
Offset Cut Fraction =  0.14583333333333334
RMS Cut Fraction =  0.14322916666666666
Fraction of Detectors cut by CM cuts =  0.20833333333333334
##########################################
Running Spike Finder
Number of TODs with spike counts greater than 10.0 times the median =  14
Fraction of TODs =  0.036458333333333336
Spike Finder finished
Running Despiker
Time to despike =  0.9838721752166748
Fraction of Detectors cut in despiking =  0.14322916666666666
Fraction of Detectors with an incidence >10.0 seconds =  0.10416666666666667
Running jump detector
starting jump iter 1 of 1
have filtered data, now searching for jumps
Median number of jumps =  1.0
Fraction of Detectors Cut From Jumps =  0.3645833333333333
Computing PSDs
Fitting PSDs
Fraction of Detectors cut in PSD analysis=  0.049479166666666664
27.63 Hz: 47 occurrences
57.52 Hz: 35 occurrences
41.14 Hz: 14 occurrences
19.04 Hz: 2 occurrences
9.21 Hz: 2 occurrences
Total Fraction of Detectors cut =  0.5494791666666666
Replacing Data for 384 Detectors
Reading in the file
Reading in network 0 from file:  /work/toltec/commissioning2025-test/2025-C1-COM-05/jgolec/MACS0717.5+3745/reduced_TODs/redu01/150134/raw/toltec_commissioning_science_150134_rtc_timestream.nc
ndet = 480  nsamp = 25039
Sample rate =  122.0703125
Finished reading in the file
##########################################
Gain Cut Fraction =  0.1
Offset Cut Fraction =  0.20208333333333334
RMS Cut Fraction =  0.22916666666666666
Fraction of Detectors cut by CM cuts =  0.3104166666666667
##########################################
Running Spike Finder
Number of TODs with spike counts greater than 10.0 times the median =  12
Fraction of TODs =  0.025
Spike Finder finished
Running Despiker
Time to despike =  1.476428747177124
Fraction of Detectors cut in despiking =  0.20833333333333334
Fraction of Detectors with an incidence >10.0 seconds =  0.16666666666666666
Running jump detector
starting jump iter 1 of 1
have filtered data, now searching for jumps
Median number of jumps =  0.0
Fraction of Detectors Cut From Jumps =  0.004166666666666667
Computing PSDs
Fitting PSDs
Fraction of Detectors cut in PSD analysis=  0.041666666666666664
29.27 Hz: 121 occurrences
58.34 Hz: 64 occurrences
1.02 Hz: 12 occurrences
19.04 Hz: 3 occurrences
23.54 Hz: 1 occurrences
Total Fraction of Detectors cut =  0.44375
Replacing Data for 480 Detectors
Reading in the file
Reading in network 1 from file:  /work/toltec/commissioning2025-test/2025-C1-COM-05/jgolec/MACS0717.5+3745/reduced_TODs/redu01/150134/raw/toltec_commissioning_science_150134_rtc_timestream.nc
ndet = 359  nsamp = 25039
Sample rate =  122.0703125
Finished reading in the file
##########################################
Gain Cut Fraction =  0.07799442896935933
Offset Cut Fraction =  0.23676880222841226
RMS Cut Fraction =  0.25348189415041783
Fraction of Detectors cut by CM cuts =  0.3203342618384401
##########################################
Running Spike Finder
Number of TODs with spike counts greater than 10.0 times the median =  0
Fraction of TODs =  0.0
Spike Finder finished
Running Despiker
Time to despike =  1.8796849250793457
Fraction of Detectors cut in despiking =  0.0
Fraction of Detectors with an incidence >10.0 seconds =  0.9052924791086351
Running jump detector
starting jump iter 1 of 1
have filtered data, now searching for jumps
Median number of jumps =  0.0
Fraction of Detectors Cut From Jumps =  0.3008356545961003
Computing PSDs
Fitting PSDs
Fraction of Detectors cut in PSD analysis=  0.15041782729805014
58.75 Hz: 44 occurrences
1.02 Hz: 5 occurrences
Total Fraction of Detectors cut =  0.9554317548746518
Replacing Data for 359 Detectors
Reading in the file
Reading in network 2 from file:  /work/toltec/commissioning2025-test/2025-C1-COM-05/jgolec/MACS0717.5+3745/reduced_TODs/redu01/150134/raw/toltec_commissioning_science_150134_rtc_timestream.nc
ndet = 413  nsamp = 25039
Sample rate =  122.0703125
Finished reading in the file
##########################################
Gain Cut Fraction =  0.0774818401937046
Offset Cut Fraction =  0.14043583535108958
RMS Cut Fraction =  0.1549636803874092
Fraction of Detectors cut by CM cuts =  0.2106537530266344
##########################################
Running Spike Finder
Number of TODs with spike counts greater than 10.0 times the median =  122
Fraction of TODs =  0.29539951573849876
Spike Finder finished
Running Despiker
Time to despike =  1.3856332302093506
Fraction of Detectors cut in despiking =  0.35108958837772397
Fraction of Detectors with an incidence >10.0 seconds =  0.49878934624697335
Running jump detector
starting jump iter 1 of 1
have filtered data, now searching for jumps
Median number of jumps =  0.0
Fraction of Detectors Cut From Jumps =  0.23728813559322035
Computing PSDs
Fitting PSDs
Fraction of Detectors cut in PSD analysis=  0.04116222760290557
29.27 Hz: 24 occurrences
1.02 Hz: 5 occurrences
Total Fraction of Detectors cut =  0.6295399515738499
Replacing Data for 413 Detectors
Reading in the file
Reading in network 3 from file:  /work/toltec/commissioning2025-test/2025-C1-COM-05/jgolec/MACS0717.5+3745/reduced_TODs/redu01/150134/raw/toltec_commissioning_science_150134_rtc_timestream.nc
ndet = 384  nsamp = 25039
Sample rate =  122.0703125
Finished reading in the file
##########################################
Gain Cut Fraction =  0.0234375
Offset Cut Fraction =  0.140625
RMS Cut Fraction =  0.19010416666666666
Fraction of Detectors cut by CM cuts =  0.2109375
##########################################
Running Spike Finder
Number of TODs with spike counts greater than 10.0 times the median =  10
Fraction of TODs =  0.026041666666666668
Spike Finder finished
Running Despiker
Time to despike =  2.0235979557037354
Fraction of Detectors cut in despiking =  0.0
Fraction of Detectors with an incidence >10.0 seconds =  0.6822916666666666
Running jump detector
starting jump iter 1 of 1
have filtered data, now searching for jumps
Median number of jumps =  3.0
Fraction of Detectors Cut From Jumps =  0.484375
Computing PSDs
Fitting PSDs
Fraction of Detectors cut in PSD analysis=  0.052083333333333336
29.27 Hz: 30 occurrences
Total Fraction of Detectors cut =  0.7708333333333334
Replacing Data for 384 Detectors
Reading in the file
Reading in network 4 from file:  /work/toltec/commissioning2025-test/2025-C1-COM-05/jgolec/MACS0717.5+3745/reduced_TODs/redu01/150134/raw/toltec_commissioning_science_150134_rtc_timestream.nc
ndet = 361  nsamp = 25039
Sample rate =  122.0703125
Finished reading in the file
##########################################
Gain Cut Fraction =  0.055401662049861494
Offset Cut Fraction =  0.28254847645429365
RMS Cut Fraction =  0.3047091412742382
Fraction of Detectors cut by CM cuts =  0.3462603878116344
##########################################
Running Spike Finder
Number of TODs with spike counts greater than 10.0 times the median =  53
Fraction of TODs =  0.14681440443213298
Spike Finder finished
Running Despiker
Time to despike =  0.5466949939727783
Fraction of Detectors cut in despiking =  0.15512465373961218
Fraction of Detectors with an incidence >10.0 seconds =  0.11911357340720222
Running jump detector
starting jump iter 1 of 1
have filtered data, now searching for jumps
Median number of jumps =  0.0
Fraction of Detectors Cut From Jumps =  0.00554016620498615
Computing PSDs
Fitting PSDs
Fraction of Detectors cut in PSD analysis=  0.09418282548476455
29.27 Hz: 7 occurrences
32.14 Hz: 6 occurrences
30.91 Hz: 1 occurrences
Total Fraction of Detectors cut =  0.43490304709141275
Replacing Data for 361 Detectors
Reading in the file
Reading in network 5 from file:  /work/toltec/commissioning2025-test/2025-C1-COM-05/jgolec/MACS0717.5+3745/reduced_TODs/redu01/150134/raw/toltec_commissioning_science_150134_rtc_timestream.nc
ndet = 359  nsamp = 25039
Sample rate =  122.0703125
Finished reading in the file
##########################################
Gain Cut Fraction =  0.10863509749303621
Offset Cut Fraction =  0.2479108635097493
RMS Cut Fraction =  0.2479108635097493
Fraction of Detectors cut by CM cuts =  0.3370473537604457
##########################################
Running Spike Finder
Number of TODs with spike counts greater than 10.0 times the median =  97
Fraction of TODs =  0.27019498607242337
Spike Finder finished
Running Despiker
Time to despike =  0.9027469158172607
Fraction of Detectors cut in despiking =  0.36768802228412256
Fraction of Detectors with an incidence >10.0 seconds =  0.28690807799442897
Running jump detector
starting jump iter 1 of 1
have filtered data, now searching for jumps
Median number of jumps =  0.0
Fraction of Detectors Cut From Jumps =  0.04178272980501393
Computing PSDs
Fitting PSDs
Fraction of Detectors cut in PSD analysis=  0.03899721448467967
1.02 Hz: 34 occurrences
30.09 Hz: 26 occurrences
18.63 Hz: 10 occurrences
8.80 Hz: 6 occurrences
31.32 Hz: 3 occurrences
Total Fraction of Detectors cut =  0.5041782729805014
Replacing Data for 359 Detectors
Reading in the file
Reading in network 6 from file:  /work/toltec/commissioning2025-test/2025-C1-COM-05/jgolec/MACS0717.5+3745/reduced_TODs/redu01/150134/raw/toltec_commissioning_science_150134_rtc_timestream.nc
ndet = 0  nsamp = 1
Sample rate =  122.0703125
Finished reading in the file
Reading in the file
Reading in network 7 from file:  /work/toltec/commissioning2025-test/2025-C1-COM-05/jgolec/MACS0717.5+3745/reduced_TODs/redu01/150134/raw/toltec_commissioning_science_150134_rtc_timestream.nc
ndet = 21  nsamp = 25039
Sample rate =  122.0703125
Finished reading in the file
##########################################
Gain Cut Fraction =  0.19047619047619047
Offset Cut Fraction =  0.19047619047619047
RMS Cut Fraction =  0.19047619047619047
Fraction of Detectors cut by CM cuts =  0.2857142857142857
##########################################
Running Spike Finder
Number of TODs with spike counts greater than 10.0 times the median =  6
Fraction of TODs =  0.2857142857142857
Spike Finder finished
Running Despiker
Time to despike =  0.05171346664428711
Fraction of Detectors cut in despiking =  0.3333333333333333
Fraction of Detectors with an incidence >10.0 seconds =  0.2857142857142857
Running jump detector
starting jump iter 1 of 1
have filtered data, now searching for jumps
Median number of jumps =  0.0
Fraction of Detectors Cut From Jumps =  0.09523809523809523
Computing PSDs
Fitting PSDs
Fraction of Detectors cut in PSD analysis=  0.047619047619047616
Total Fraction of Detectors cut =  0.6190476190476191
Replacing Data for 21 Detectors
Reading in the file
Reading in network 8 from file:  /work/toltec/commissioning2025-test/2025-C1-COM-05/jgolec/MACS0717.5+3745/reduced_TODs/redu01/150134/raw/toltec_commissioning_science_150134_rtc_timestream.nc
ndet = 321  nsamp = 25039
Sample rate =  122.0703125
Finished reading in the file
##########################################
Gain Cut Fraction =  0.059190031152647975
Offset Cut Fraction =  0.1588785046728972
RMS Cut Fraction =  0.2772585669781931
Fraction of Detectors cut by CM cuts =  0.32087227414330216
##########################################
Running Spike Finder
Number of TODs with spike counts greater than 10.0 times the median =  102
Fraction of TODs =  0.3177570093457944
Spike Finder finished
Running Despiker
Time to despike =  0.46039891242980957
Fraction of Detectors cut in despiking =  0.16510903426791276
Fraction of Detectors with an incidence >10.0 seconds =  0.1588785046728972
Running jump detector
starting jump iter 1 of 1
have filtered data, now searching for jumps
Median number of jumps =  0.0
Fraction of Detectors Cut From Jumps =  0.14330218068535824
Computing PSDs
Fitting PSDs
Fraction of Detectors cut in PSD analysis=  0.11214953271028037
29.27 Hz: 332 occurrences
58.34 Hz: 3 occurrences
32.55 Hz: 3 occurrences
8.39 Hz: 2 occurrences
Total Fraction of Detectors cut =  0.5389408099688473
Replacing Data for 321 Detectors
Reading in the file
Reading in network 9 from file:  /work/toltec/commissioning2025-test/2025-C1-COM-05/jgolec/MACS0717.5+3745/reduced_TODs/redu01/150134/raw/toltec_commissioning_science_150134_rtc_timestream.nc
ndet = 248  nsamp = 25039
Sample rate =  122.0703125
Finished reading in the file
##########################################
Gain Cut Fraction =  0.16532258064516128
Offset Cut Fraction =  0.17338709677419356
RMS Cut Fraction =  0.18951612903225806
Fraction of Detectors cut by CM cuts =  0.3024193548387097
##########################################
Running Spike Finder
Number of TODs with spike counts greater than 10.0 times the median =  4
Fraction of TODs =  0.016129032258064516
Spike Finder finished
Running Despiker
Time to despike =  1.136897087097168
Fraction of Detectors cut in despiking =  0.0
Fraction of Detectors with an incidence >10.0 seconds =  0.8064516129032258
Running jump detector
starting jump iter 1 of 1
have filtered data, now searching for jumps
Median number of jumps =  1.0
Fraction of Detectors Cut From Jumps =  0.45161290322580644
Computing PSDs
Fitting PSDs
Fraction of Detectors cut in PSD analysis=  0.056451612903225805
Total Fraction of Detectors cut =  0.875
Replacing Data for 248 Detectors
Reading in the file
Reading in network 11 from file:  /work/toltec/commissioning2025-test/2025-C1-COM-05/jgolec/MACS0717.5+3745/reduced_TODs/redu01/150134/raw/toltec_commissioning_science_150134_rtc_timestream.nc
ndet = 358  nsamp = 25039
Sample rate =  122.0703125
Finished reading in the file
##########################################
Gain Cut Fraction =  0.24581005586592178
Offset Cut Fraction =  0.3016759776536313
RMS Cut Fraction =  0.29608938547486036
Fraction of Detectors cut by CM cuts =  0.41899441340782123
##########################################
Running Spike Finder
Number of TODs with spike counts greater than 10.0 times the median =  57
Fraction of TODs =  0.15921787709497207
Spike Finder finished
Running Despiker
Time to despike =  0.6227269172668457
Fraction of Detectors cut in despiking =  0.1452513966480447
Fraction of Detectors with an incidence >10.0 seconds =  0.11731843575418995
Running jump detector
starting jump iter 1 of 1
have filtered data, now searching for jumps
Median number of jumps =  0.0
Fraction of Detectors Cut From Jumps =  0.09776536312849161
Computing PSDs
Fitting PSDs
Fraction of Detectors cut in PSD analysis=  0.05027932960893855
57.52 Hz: 94 occurrences
37.46 Hz: 5 occurrences
29.27 Hz: 3 occurrences
38.28 Hz: 2 occurrences
19.04 Hz: 1 occurrences
Total Fraction of Detectors cut =  0.441340782122905
Replacing Data for 358 Detectors
Reading in the file
Reading in network 12 from file:  /work/toltec/commissioning2025-test/2025-C1-COM-05/jgolec/MACS0717.5+3745/reduced_TODs/redu01/150134/raw/toltec_commissioning_science_150134_rtc_timestream.nc
ndet = 385  nsamp = 25039
Sample rate =  122.0703125
Finished reading in the file
##########################################
Gain Cut Fraction =  0.15064935064935064
Offset Cut Fraction =  0.13246753246753246
RMS Cut Fraction =  0.12987012987012986
Fraction of Detectors cut by CM cuts =  0.22857142857142856
##########################################
Running Spike Finder
Number of TODs with spike counts greater than 10.0 times the median =  104
Fraction of TODs =  0.2701298701298701
Spike Finder finished
Running Despiker
Time to despike =  1.1909656524658203
Fraction of Detectors cut in despiking =  0.33506493506493507
Fraction of Detectors with an incidence >10.0 seconds =  0.24415584415584415
Running jump detector
starting jump iter 1 of 1
have filtered data, now searching for jumps
Median number of jumps =  0.0
Fraction of Detectors Cut From Jumps =  0.34025974025974026
Computing PSDs
Fitting PSDs
Fraction of Detectors cut in PSD analysis=  0.05974025974025974
57.52 Hz: 56 occurrences
37.87 Hz: 41 occurrences
27.63 Hz: 35 occurrences
32.55 Hz: 23 occurrences
17.81 Hz: 16 occurrences
Total Fraction of Detectors cut =  0.5662337662337662
Replacing Data for 385 Detectors
Reading in the file
Reading in network 0 from file:  /work/toltec/commissioning2025-test/2025-C1-COM-05/jgolec/MACS0717.5+3745/reduced_TODs/redu01/150725/raw/toltec_commissioning_science_150725_rtc_timestream.nc
ndet = 478  nsamp = 25039
Sample rate =  122.0703125
Finished reading in the file
##########################################
Gain Cut Fraction =  0.09623430962343096
Offset Cut Fraction =  0.2510460251046025
RMS Cut Fraction =  0.26569037656903766
Fraction of Detectors cut by CM cuts =  0.3389121338912134
##########################################
Running Spike Finder
Number of TODs with spike counts greater than 10.0 times the median =  149
Fraction of TODs =  0.3117154811715481
Spike Finder finished
Running Despiker
Time to despike =  0.48476362228393555
Fraction of Detectors cut in despiking =  0.1506276150627615
Fraction of Detectors with an incidence >10.0 seconds =  0.14225941422594143
Running jump detector
starting jump iter 1 of 1
have filtered data, now searching for jumps
Median number of jumps =  0.0
Fraction of Detectors Cut From Jumps =  0.01882845188284519
Computing PSDs
Fitting PSDs
Fraction of Detectors cut in PSD analysis=  0.07112970711297072
29.27 Hz: 192 occurrences
58.34 Hz: 126 occurrences
46.88 Hz: 2 occurrences
Total Fraction of Detectors cut =  0.4602510460251046
Replacing Data for 478 Detectors
Reading in the file
Reading in network 1 from file:  /work/toltec/commissioning2025-test/2025-C1-COM-05/jgolec/MACS0717.5+3745/reduced_TODs/redu01/150725/raw/toltec_commissioning_science_150725_rtc_timestream.nc
ndet = 368  nsamp = 25039
Sample rate =  122.0703125
Finished reading in the file
##########################################
Gain Cut Fraction =  0.057065217391304345
Offset Cut Fraction =  0.1766304347826087
RMS Cut Fraction =  0.24728260869565216
Fraction of Detectors cut by CM cuts =  0.27717391304347827
##########################################
Running Spike Finder
Number of TODs with spike counts greater than 10.0 times the median =  124
Fraction of TODs =  0.33695652173913043
Spike Finder finished
Running Despiker
Time to despike =  0.32491016387939453
Fraction of Detectors cut in despiking =  0.03260869565217391
Fraction of Detectors with an incidence >10.0 seconds =  0.01358695652173913
Running jump detector
starting jump iter 1 of 1
have filtered data, now searching for jumps
Median number of jumps =  0.0
Fraction of Detectors Cut From Jumps =  0.005434782608695652
Computing PSDs
Fitting PSDs
Fraction of Detectors cut in PSD analysis=  0.07608695652173914
58.34 Hz: 186 occurrences
Total Fraction of Detectors cut =  0.5217391304347826
Replacing Data for 368 Detectors
Reading in the file
Reading in network 2 from file:  /work/toltec/commissioning2025-test/2025-C1-COM-05/jgolec/MACS0717.5+3745/reduced_TODs/redu01/150725/raw/toltec_commissioning_science_150725_rtc_timestream.nc
ndet = 415  nsamp = 25039
Sample rate =  122.0703125
Finished reading in the file
##########################################
Gain Cut Fraction =  0.05060240963855422
Offset Cut Fraction =  0.21204819277108433
RMS Cut Fraction =  0.2216867469879518
Fraction of Detectors cut by CM cuts =  0.25301204819277107
##########################################
Running Spike Finder
Number of TODs with spike counts greater than 10.0 times the median =  108
Fraction of TODs =  0.26024096385542167
Spike Finder finished
Running Despiker
Time to despike =  0.3179149627685547
Fraction of Detectors cut in despiking =  0.05542168674698795
Fraction of Detectors with an incidence >10.0 seconds =  0.00963855421686747
Running jump detector
starting jump iter 1 of 1
have filtered data, now searching for jumps
Median number of jumps =  0.0
Fraction of Detectors Cut From Jumps =  0.0024096385542168677
Computing PSDs
Fitting PSDs
Fraction of Detectors cut in PSD analysis=  0.033734939759036145
29.27 Hz: 83 occurrences
Total Fraction of Detectors cut =  0.4674698795180723
Replacing Data for 415 Detectors
Reading in the file
Reading in network 3 from file:  /work/toltec/commissioning2025-test/2025-C1-COM-05/jgolec/MACS0717.5+3745/reduced_TODs/redu01/150725/raw/toltec_commissioning_science_150725_rtc_timestream.nc
ndet = 385  nsamp = 25039
Sample rate =  122.0703125
Finished reading in the file
##########################################
Gain Cut Fraction =  0.07532467532467532
Offset Cut Fraction =  0.2051948051948052
RMS Cut Fraction =  0.23376623376623376
Fraction of Detectors cut by CM cuts =  0.2909090909090909
##########################################
Running Spike Finder
Number of TODs with spike counts greater than 10.0 times the median =  133
Fraction of TODs =  0.34545454545454546
Spike Finder finished
Running Despiker
Time to despike =  0.8931701183319092
Fraction of Detectors cut in despiking =  0.24155844155844156
Fraction of Detectors with an incidence >10.0 seconds =  0.04155844155844156
Running jump detector
starting jump iter 1 of 1
have filtered data, now searching for jumps
Median number of jumps =  0.0
Fraction of Detectors Cut From Jumps =  0.005194805194805195
Computing PSDs
Fitting PSDs
Fraction of Detectors cut in PSD analysis=  0.05194805194805195
28.86 Hz: 84 occurrences
58.75 Hz: 37 occurrences
1.02 Hz: 6 occurrences
Total Fraction of Detectors cut =  0.5376623376623376
Replacing Data for 385 Detectors
Reading in the file
Reading in network 4 from file:  /work/toltec/commissioning2025-test/2025-C1-COM-05/jgolec/MACS0717.5+3745/reduced_TODs/redu01/150725/raw/toltec_commissioning_science_150725_rtc_timestream.nc
ndet = 362  nsamp = 25039
Sample rate =  122.0703125
Finished reading in the file
##########################################
Gain Cut Fraction =  0.10497237569060773
Offset Cut Fraction =  0.13812154696132597
RMS Cut Fraction =  0.19613259668508287
Fraction of Detectors cut by CM cuts =  0.287292817679558
##########################################
Running Spike Finder
Number of TODs with spike counts greater than 10.0 times the median =  137
Fraction of TODs =  0.3784530386740331
Spike Finder finished
Running Despiker
Time to despike =  0.942145824432373
Fraction of Detectors cut in despiking =  0.2955801104972376
Fraction of Detectors with an incidence >10.0 seconds =  0.11602209944751381
Running jump detector
starting jump iter 1 of 1
have filtered data, now searching for jumps
Median number of jumps =  0.0
Fraction of Detectors Cut From Jumps =  0.0027624309392265192
Computing PSDs
Fitting PSDs
Fraction of Detectors cut in PSD analysis=  0.07458563535911603
29.27 Hz: 136 occurrences
58.75 Hz: 52 occurrences
23.54 Hz: 4 occurrences
11.26 Hz: 1 occurrences
Total Fraction of Detectors cut =  0.574585635359116
Replacing Data for 362 Detectors
Reading in the file
Reading in network 5 from file:  /work/toltec/commissioning2025-test/2025-C1-COM-05/jgolec/MACS0717.5+3745/reduced_TODs/redu01/150725/raw/toltec_commissioning_science_150725_rtc_timestream.nc
ndet = 364  nsamp = 25039
Sample rate =  122.0703125
Finished reading in the file
##########################################
Gain Cut Fraction =  0.08241758241758242
Offset Cut Fraction =  0.25274725274725274
RMS Cut Fraction =  0.27197802197802196
Fraction of Detectors cut by CM cuts =  0.32142857142857145
##########################################
Running Spike Finder
Number of TODs with spike counts greater than 10.0 times the median =  108
Fraction of TODs =  0.2967032967032967
Spike Finder finished
Running Despiker
Time to despike =  0.7298524379730225
Fraction of Detectors cut in despiking =  0.15934065934065933
Fraction of Detectors with an incidence >10.0 seconds =  0.03296703296703297
Running jump detector
starting jump iter 1 of 1
have filtered data, now searching for jumps
Median number of jumps =  0.0
Fraction of Detectors Cut From Jumps =  0.016483516483516484
Computing PSDs
Fitting PSDs
Fraction of Detectors cut in PSD analysis=  0.10989010989010989
46.88 Hz: 36 occurrences
18.63 Hz: 7 occurrences
34.59 Hz: 3 occurrences
42.37 Hz: 1 occurrences
23.54 Hz: 1 occurrences
Total Fraction of Detectors cut =  0.5164835164835165
Replacing Data for 364 Detectors
Reading in the file
Reading in network 6 from file:  /work/toltec/commissioning2025-test/2025-C1-COM-05/jgolec/MACS0717.5+3745/reduced_TODs/redu01/150725/raw/toltec_commissioning_science_150725_rtc_timestream.nc
ndet = 0  nsamp = 1
Sample rate =  122.0703125
Finished reading in the file
Reading in the file
Reading in network 7 from file:  /work/toltec/commissioning2025-test/2025-C1-COM-05/jgolec/MACS0717.5+3745/reduced_TODs/redu01/150725/raw/toltec_commissioning_science_150725_rtc_timestream.nc
ndet = 192  nsamp = 25039
Sample rate =  122.0703125
Finished reading in the file
##########################################
Gain Cut Fraction =  0.052083333333333336
Offset Cut Fraction =  0.15104166666666666
RMS Cut Fraction =  0.18229166666666666
Fraction of Detectors cut by CM cuts =  0.21875
##########################################
Running Spike Finder
Number of TODs with spike counts greater than 10.0 times the median =  5
Fraction of TODs =  0.026041666666666668
Spike Finder finished
Running Despiker
Time to despike =  0.7792379856109619
Fraction of Detectors cut in despiking =  0.3489583333333333
Fraction of Detectors with an incidence >10.0 seconds =  0.057291666666666664
Running jump detector
starting jump iter 1 of 1
have filtered data, now searching for jumps
Median number of jumps =  0.0
Fraction of Detectors Cut From Jumps =  0.005208333333333333
Computing PSDs
Fitting PSDs
Fraction of Detectors cut in PSD analysis=  0.03125
Total Fraction of Detectors cut =  0.5104166666666666
Replacing Data for 192 Detectors
Reading in the file
Reading in network 8 from file:  /work/toltec/commissioning2025-test/2025-C1-COM-05/jgolec/MACS0717.5+3745/reduced_TODs/redu01/150725/raw/toltec_commissioning_science_150725_rtc_timestream.nc
ndet = 333  nsamp = 25039
Sample rate =  122.0703125
Finished reading in the file
##########################################
Gain Cut Fraction =  0.18018018018018017
Offset Cut Fraction =  0.21621621621621623
RMS Cut Fraction =  0.22822822822822822
Fraction of Detectors cut by CM cuts =  0.33933933933933935
##########################################
Running Spike Finder
Number of TODs with spike counts greater than 10.0 times the median =  79
Fraction of TODs =  0.23723723723723725
Spike Finder finished
Running Despiker
Time to despike =  0.19077849388122559
Fraction of Detectors cut in despiking =  0.018018018018018018
Fraction of Detectors with an incidence >10.0 seconds =  0.009009009009009009
Running jump detector
starting jump iter 1 of 1
have filtered data, now searching for jumps
Median number of jumps =  0.0
Fraction of Detectors Cut From Jumps =  0.003003003003003003
Computing PSDs
Fitting PSDs
Fraction of Detectors cut in PSD analysis=  0.05405405405405406
29.27 Hz: 246 occurrences
17.40 Hz: 53 occurrences
35.00 Hz: 40 occurrences
57.52 Hz: 2 occurrences
52.61 Hz: 1 occurrences
Total Fraction of Detectors cut =  0.5165165165165165
Replacing Data for 333 Detectors
Reading in the file
Reading in network 9 from file:  /work/toltec/commissioning2025-test/2025-C1-COM-05/jgolec/MACS0717.5+3745/reduced_TODs/redu01/150725/raw/toltec_commissioning_science_150725_rtc_timestream.nc
ndet = 241  nsamp = 25039
Sample rate =  122.0703125
Finished reading in the file
##########################################
Gain Cut Fraction =  0.08713692946058091
Offset Cut Fraction =  0.26141078838174275
RMS Cut Fraction =  0.26141078838174275
Fraction of Detectors cut by CM cuts =  0.3112033195020747
##########################################
Running Spike Finder
Number of TODs with spike counts greater than 10.0 times the median =  42
Fraction of TODs =  0.17427385892116182
Spike Finder finished
Running Despiker
Time to despike =  0.6127960681915283
Fraction of Detectors cut in despiking =  0.24896265560165975
Fraction of Detectors with an incidence >10.0 seconds =  0.1037344398340249
Running jump detector
starting jump iter 1 of 1
have filtered data, now searching for jumps
Median number of jumps =  0.0
Fraction of Detectors Cut From Jumps =  0.004149377593360996
Computing PSDs
Fitting PSDs
Fraction of Detectors cut in PSD analysis=  0.058091286307053944
29.27 Hz: 3 occurrences
Total Fraction of Detectors cut =  0.4854771784232365
Replacing Data for 241 Detectors
Reading in the file
Reading in network 11 from file:  /work/toltec/commissioning2025-test/2025-C1-COM-05/jgolec/MACS0717.5+3745/reduced_TODs/redu01/150725/raw/toltec_commissioning_science_150725_rtc_timestream.nc
ndet = 359  nsamp = 25039
Sample rate =  122.0703125
Finished reading in the file
##########################################
Gain Cut Fraction =  0.19498607242339833
Offset Cut Fraction =  0.2785515320334262
RMS Cut Fraction =  0.2785515320334262
Fraction of Detectors cut by CM cuts =  0.3426183844011142
##########################################
Running Spike Finder
Number of TODs with spike counts greater than 10.0 times the median =  64
Fraction of TODs =  0.17827298050139276
Spike Finder finished
Running Despiker
Time to despike =  1.2443485260009766
Fraction of Detectors cut in despiking =  0.27019498607242337
Fraction of Detectors with an incidence >10.0 seconds =  0.27019498607242337
Running jump detector
starting jump iter 1 of 1
have filtered data, now searching for jumps
Median number of jumps =  0.0
Fraction of Detectors Cut From Jumps =  0.18384401114206128
Computing PSDs
Fitting PSDs
Fraction of Detectors cut in PSD analysis=  0.08913649025069638
57.52 Hz: 82 occurrences
29.27 Hz: 1 occurrences
Total Fraction of Detectors cut =  0.40947075208913647
Replacing Data for 359 Detectors
Reading in the file
Reading in network 12 from file:  /work/toltec/commissioning2025-test/2025-C1-COM-05/jgolec/MACS0717.5+3745/reduced_TODs/redu01/150725/raw/toltec_commissioning_science_150725_rtc_timestream.nc
ndet = 376  nsamp = 25039
Sample rate =  122.0703125
Finished reading in the file
##########################################
Gain Cut Fraction =  0.11436170212765957
Offset Cut Fraction =  0.22340425531914893
RMS Cut Fraction =  0.18085106382978725
Fraction of Detectors cut by CM cuts =  0.26595744680851063
##########################################
Running Spike Finder
Number of TODs with spike counts greater than 10.0 times the median =  117
Fraction of TODs =  0.31117021276595747
Spike Finder finished
Running Despiker
Time to despike =  0.7455868721008301
Fraction of Detectors cut in despiking =  0.2579787234042553
Fraction of Detectors with an incidence >10.0 seconds =  0.19946808510638298
Running jump detector
starting jump iter 1 of 1
have filtered data, now searching for jumps
Median number of jumps =  0.0
Fraction of Detectors Cut From Jumps =  0.18617021276595744
Computing PSDs
Fitting PSDs
Fraction of Detectors cut in PSD analysis=  0.10106382978723404
57.52 Hz: 81 occurrences
44.42 Hz: 5 occurrences
1.84 Hz: 3 occurrences
46.88 Hz: 1 occurrences
28.04 Hz: 1 occurrences
Total Fraction of Detectors cut =  0.44148936170212766
Replacing Data for 376 Detectors
Reading in the file
Reading in network 0 from file:  /work/toltec/commissioning2025-test/2025-C1-COM-05/jgolec/MACS0717.5+3745/reduced_TODs/redu01/150727/raw/toltec_commissioning_science_150727_rtc_timestream.nc
ndet = 476  nsamp = 25039
Sample rate =  122.0703125
Finished reading in the file
##########################################
Gain Cut Fraction =  0.09453781512605042
Offset Cut Fraction =  0.2815126050420168
RMS Cut Fraction =  0.2647058823529412
Fraction of Detectors cut by CM cuts =  0.32563025210084034
##########################################
Running Spike Finder
Number of TODs with spike counts greater than 10.0 times the median =  98
Fraction of TODs =  0.20588235294117646
Spike Finder finished
Running Despiker
Time to despike =  0.8187220096588135
Fraction of Detectors cut in despiking =  0.226890756302521
Fraction of Detectors with an incidence >10.0 seconds =  0.19117647058823528
Running jump detector
starting jump iter 1 of 1
have filtered data, now searching for jumps
Median number of jumps =  0.0
Fraction of Detectors Cut From Jumps =  0.004201680672268907
Computing PSDs
Fitting PSDs
Fraction of Detectors cut in PSD analysis=  0.06722689075630252
58.75 Hz: 238 occurrences
29.27 Hz: 232 occurrences
Total Fraction of Detectors cut =  0.3949579831932773
Replacing Data for 476 Detectors
Reading in the file
Reading in network 1 from file:  /work/toltec/commissioning2025-test/2025-C1-COM-05/jgolec/MACS0717.5+3745/reduced_TODs/redu01/150727/raw/toltec_commissioning_science_150727_rtc_timestream.nc
ndet = 364  nsamp = 25039
Sample rate =  122.0703125
Finished reading in the file
##########################################
Gain Cut Fraction =  0.027472527472527472
Offset Cut Fraction =  0.2802197802197802
RMS Cut Fraction =  0.2802197802197802
Fraction of Detectors cut by CM cuts =  0.29395604395604397
##########################################
Running Spike Finder
Number of TODs with spike counts greater than 10.0 times the median =  68
Fraction of TODs =  0.18681318681318682
Spike Finder finished
Running Despiker
Time to despike =  0.5775766372680664
Fraction of Detectors cut in despiking =  0.10989010989010989
Fraction of Detectors with an incidence >10.0 seconds =  0.03571428571428571
Running jump detector
starting jump iter 1 of 1
have filtered data, now searching for jumps
Median number of jumps =  0.0
Fraction of Detectors Cut From Jumps =  0.0
Computing PSDs
Fitting PSDs
Fraction of Detectors cut in PSD analysis=  0.07142857142857142
58.34 Hz: 219 occurrences
Total Fraction of Detectors cut =  0.4423076923076923
Replacing Data for 364 Detectors
Reading in the file
Reading in network 2 from file:  /work/toltec/commissioning2025-test/2025-C1-COM-05/jgolec/MACS0717.5+3745/reduced_TODs/redu01/150727/raw/toltec_commissioning_science_150727_rtc_timestream.nc
ndet = 417  nsamp = 25039
Sample rate =  122.0703125
Finished reading in the file
##########################################
Gain Cut Fraction =  0.05275779376498801
Offset Cut Fraction =  0.19664268585131894
RMS Cut Fraction =  0.21342925659472423
Fraction of Detectors cut by CM cuts =  0.23980815347721823
##########################################
Running Spike Finder
Number of TODs with spike counts greater than 10.0 times the median =  164
Fraction of TODs =  0.3932853717026379
Spike Finder finished
Running Despiker
Time to despike =  0.45895838737487793
Fraction of Detectors cut in despiking =  0.05755395683453238
Fraction of Detectors with an incidence >10.0 seconds =  0.026378896882494004
Running jump detector
starting jump iter 1 of 1
have filtered data, now searching for jumps
Median number of jumps =  0.0
Fraction of Detectors Cut From Jumps =  0.004796163069544364
Computing PSDs
Fitting PSDs
Fraction of Detectors cut in PSD analysis=  0.023980815347721823
29.27 Hz: 85 occurrences
Total Fraction of Detectors cut =  0.5275779376498801
Replacing Data for 417 Detectors
Reading in the file
Reading in network 3 from file:  /work/toltec/commissioning2025-test/2025-C1-COM-05/jgolec/MACS0717.5+3745/reduced_TODs/redu01/150727/raw/toltec_commissioning_science_150727_rtc_timestream.nc
ndet = 384  nsamp = 25039
Sample rate =  122.0703125
Finished reading in the file
##########################################
Gain Cut Fraction =  0.07291666666666667
Offset Cut Fraction =  0.19791666666666666
RMS Cut Fraction =  0.21354166666666666
Fraction of Detectors cut by CM cuts =  0.2552083333333333
##########################################
Running Spike Finder
Number of TODs with spike counts greater than 10.0 times the median =  71
Fraction of TODs =  0.18489583333333334
Spike Finder finished
Running Despiker
Time to despike =  1.2097904682159424
Fraction of Detectors cut in despiking =  0.296875
Fraction of Detectors with an incidence >10.0 seconds =  0.12760416666666666
Running jump detector
starting jump iter 1 of 1
have filtered data, now searching for jumps
Median number of jumps =  0.0
Fraction of Detectors Cut From Jumps =  0.005208333333333333
Computing PSDs
Fitting PSDs
Fraction of Detectors cut in PSD analysis=  0.041666666666666664
32.14 Hz: 1 occurrences
Total Fraction of Detectors cut =  0.4583333333333333
Replacing Data for 384 Detectors
Reading in the file
Reading in network 4 from file:  /work/toltec/commissioning2025-test/2025-C1-COM-05/jgolec/MACS0717.5+3745/reduced_TODs/redu01/150727/raw/toltec_commissioning_science_150727_rtc_timestream.nc
ndet = 366  nsamp = 25039
Sample rate =  122.0703125
Finished reading in the file
##########################################
Gain Cut Fraction =  0.09562841530054644
Offset Cut Fraction =  0.19672131147540983
RMS Cut Fraction =  0.22950819672131148
Fraction of Detectors cut by CM cuts =  0.31693989071038253
##########################################
Running Spike Finder
Number of TODs with spike counts greater than 10.0 times the median =  63
Fraction of TODs =  0.1721311475409836
Spike Finder finished
Running Despiker
Time to despike =  1.3250341415405273
Fraction of Detectors cut in despiking =  0.31693989071038253
Fraction of Detectors with an incidence >10.0 seconds =  0.226775956284153
Running jump detector
starting jump iter 1 of 1
have filtered data, now searching for jumps
Median number of jumps =  0.0
Fraction of Detectors Cut From Jumps =  0.01912568306010929
Computing PSDs
Fitting PSDs
Fraction of Detectors cut in PSD analysis=  0.06284153005464481
29.27 Hz: 87 occurrences
11.26 Hz: 3 occurrences
10.44 Hz: 3 occurrences
Total Fraction of Detectors cut =  0.505464480874317
Replacing Data for 366 Detectors
Reading in the file
Reading in network 5 from file:  /work/toltec/commissioning2025-test/2025-C1-COM-05/jgolec/MACS0717.5+3745/reduced_TODs/redu01/150727/raw/toltec_commissioning_science_150727_rtc_timestream.nc
ndet = 361  nsamp = 25039
Sample rate =  122.0703125
Finished reading in the file
##########################################
Gain Cut Fraction =  0.08033240997229917
Offset Cut Fraction =  0.2299168975069252
RMS Cut Fraction =  0.2299168975069252
Fraction of Detectors cut by CM cuts =  0.27146814404432135
##########################################
Running Spike Finder
Number of TODs with spike counts greater than 10.0 times the median =  56
Fraction of TODs =  0.15512465373961218
Spike Finder finished
Running Despiker
Time to despike =  1.0887360572814941
Fraction of Detectors cut in despiking =  0.33240997229916897
Fraction of Detectors with an incidence >10.0 seconds =  0.1745152354570637
Running jump detector
starting jump iter 1 of 1
have filtered data, now searching for jumps
Median number of jumps =  0.0
Fraction of Detectors Cut From Jumps =  0.002770083102493075
Computing PSDs
Fitting PSDs
Fraction of Detectors cut in PSD analysis=  0.09418282548476455
29.27 Hz: 70 occurrences
18.63 Hz: 14 occurrences
46.88 Hz: 5 occurrences
11.26 Hz: 3 occurrences
Total Fraction of Detectors cut =  0.4986149584487535
Replacing Data for 361 Detectors
Reading in the file
Reading in network 6 from file:  /work/toltec/commissioning2025-test/2025-C1-COM-05/jgolec/MACS0717.5+3745/reduced_TODs/redu01/150727/raw/toltec_commissioning_science_150727_rtc_timestream.nc
ndet = 0  nsamp = 1
Sample rate =  122.0703125
Finished reading in the file
Reading in the file
Reading in network 7 from file:  /work/toltec/commissioning2025-test/2025-C1-COM-05/jgolec/MACS0717.5+3745/reduced_TODs/redu01/150727/raw/toltec_commissioning_science_150727_rtc_timestream.nc
ndet = 190  nsamp = 25039
Sample rate =  122.0703125
Finished reading in the file
##########################################
Gain Cut Fraction =  0.06842105263157895
Offset Cut Fraction =  0.15789473684210525
RMS Cut Fraction =  0.18421052631578946
Fraction of Detectors cut by CM cuts =  0.22105263157894736
##########################################
Running Spike Finder
Number of TODs with spike counts greater than 10.0 times the median =  1
Fraction of TODs =  0.005263157894736842
Spike Finder finished
Running Despiker
Time to despike =  0.8569386005401611
Fraction of Detectors cut in despiking =  0.12631578947368421
Fraction of Detectors with an incidence >10.0 seconds =  0.09473684210526316
Running jump detector
starting jump iter 1 of 1
have filtered data, now searching for jumps
Median number of jumps =  0.0
Fraction of Detectors Cut From Jumps =  0.0
Computing PSDs
Fitting PSDs
Fraction of Detectors cut in PSD analysis=  0.02631578947368421
29.27 Hz: 2 occurrences
Total Fraction of Detectors cut =  0.3105263157894737
Replacing Data for 190 Detectors
Reading in the file
Reading in network 8 from file:  /work/toltec/commissioning2025-test/2025-C1-COM-05/jgolec/MACS0717.5+3745/reduced_TODs/redu01/150727/raw/toltec_commissioning_science_150727_rtc_timestream.nc
ndet = 332  nsamp = 25039
Sample rate =  122.0703125
Finished reading in the file
##########################################
Gain Cut Fraction =  0.18373493975903615
Offset Cut Fraction =  0.18072289156626506
RMS Cut Fraction =  0.20180722891566266
Fraction of Detectors cut by CM cuts =  0.3253012048192771
##########################################
Running Spike Finder
Number of TODs with spike counts greater than 10.0 times the median =  104
Fraction of TODs =  0.3132530120481928
Spike Finder finished
Running Despiker
Time to despike =  0.2224440574645996
Fraction of Detectors cut in despiking =  0.012048192771084338
Fraction of Detectors with an incidence >10.0 seconds =  0.006024096385542169
Running jump detector
starting jump iter 1 of 1
have filtered data, now searching for jumps
Median number of jumps =  0.0
Fraction of Detectors Cut From Jumps =  0.0030120481927710845
Computing PSDs
Fitting PSDs
Fraction of Detectors cut in PSD analysis=  0.05421686746987952
29.27 Hz: 401 occurrences
17.40 Hz: 10 occurrences
35.00 Hz: 1 occurrences
23.54 Hz: 1 occurrences
Total Fraction of Detectors cut =  0.5602409638554217
Replacing Data for 332 Detectors
Reading in the file
Reading in network 9 from file:  /work/toltec/commissioning2025-test/2025-C1-COM-05/jgolec/MACS0717.5+3745/reduced_TODs/redu01/150727/raw/toltec_commissioning_science_150727_rtc_timestream.nc
ndet = 235  nsamp = 25039
Sample rate =  122.0703125
Finished reading in the file
##########################################
Gain Cut Fraction =  0.11914893617021277
Offset Cut Fraction =  0.2723404255319149
RMS Cut Fraction =  0.2765957446808511
Fraction of Detectors cut by CM cuts =  0.3148936170212766
##########################################
Running Spike Finder
Number of TODs with spike counts greater than 10.0 times the median =  50
Fraction of TODs =  0.2127659574468085
Spike Finder finished
Running Despiker
Time to despike =  0.6467728614807129
Fraction of Detectors cut in despiking =  0.2680851063829787
Fraction of Detectors with an incidence >10.0 seconds =  0.10212765957446808
Running jump detector
starting jump iter 1 of 1
have filtered data, now searching for jumps
Median number of jumps =  0.0
Fraction of Detectors Cut From Jumps =  0.02127659574468085
Computing PSDs
Fitting PSDs
Fraction of Detectors cut in PSD analysis=  0.05531914893617021
29.27 Hz: 2 occurrences
Total Fraction of Detectors cut =  0.4425531914893617
Replacing Data for 235 Detectors
Reading in the file
Reading in network 11 from file:  /work/toltec/commissioning2025-test/2025-C1-COM-05/jgolec/MACS0717.5+3745/reduced_TODs/redu01/150727/raw/toltec_commissioning_science_150727_rtc_timestream.nc
ndet = 358  nsamp = 25039
Sample rate =  122.0703125
Finished reading in the file
##########################################
Gain Cut Fraction =  0.13128491620111732
Offset Cut Fraction =  0.26536312849162014
RMS Cut Fraction =  0.27932960893854747
Fraction of Detectors cut by CM cuts =  0.33519553072625696
##########################################
Running Spike Finder
Number of TODs with spike counts greater than 10.0 times the median =  68
Fraction of TODs =  0.18994413407821228
Spike Finder finished
Running Despiker
Time to despike =  1.4013288021087646
Fraction of Detectors cut in despiking =  0.30446927374301674
Fraction of Detectors with an incidence >10.0 seconds =  0.22905027932960895
Running jump detector
starting jump iter 1 of 1
have filtered data, now searching for jumps
Median number of jumps =  0.0
Fraction of Detectors Cut From Jumps =  0.055865921787709494
Computing PSDs
Fitting PSDs
Fraction of Detectors cut in PSD analysis=  0.10335195530726257
57.52 Hz: 85 occurrences
Total Fraction of Detectors cut =  0.41620111731843573
Replacing Data for 358 Detectors
Reading in the file
Reading in network 12 from file:  /work/toltec/commissioning2025-test/2025-C1-COM-05/jgolec/MACS0717.5+3745/reduced_TODs/redu01/150727/raw/toltec_commissioning_science_150727_rtc_timestream.nc
ndet = 377  nsamp = 25039
Sample rate =  122.0703125
Finished reading in the file
##########################################
Gain Cut Fraction =  0.16976127320954906
Offset Cut Fraction =  0.26790450928381965
RMS Cut Fraction =  0.22546419098143236
Fraction of Detectors cut by CM cuts =  0.35543766578249336
##########################################
Running Spike Finder
Number of TODs with spike counts greater than 10.0 times the median =  112
Fraction of TODs =  0.29708222811671087
Spike Finder finished
Running Despiker
Time to despike =  0.8728177547454834
Fraction of Detectors cut in despiking =  0.23076923076923078
Fraction of Detectors with an incidence >10.0 seconds =  0.16976127320954906
Running jump detector
starting jump iter 1 of 1
have filtered data, now searching for jumps
Median number of jumps =  0.0
Fraction of Detectors Cut From Jumps =  0.021220159151193633
Computing PSDs
Fitting PSDs
Fraction of Detectors cut in PSD analysis=  0.07427055702917772
57.52 Hz: 89 occurrences
10.85 Hz: 22 occurrences
9.21 Hz: 19 occurrences
35.00 Hz: 13 occurrences
59.57 Hz: 4 occurrences
Total Fraction of Detectors cut =  0.4827586206896552
Replacing Data for 377 Detectors
Reading in the file
Reading in network 0 from file:  /work/toltec/commissioning2025-test/2025-C1-COM-05/jgolec/MACS0717.5+3745/reduced_TODs/redu01/150734/raw/toltec_commissioning_science_150734_rtc_timestream.nc
ndet = 478  nsamp = 25039
Sample rate =  122.0703125
Finished reading in the file
##########################################
Gain Cut Fraction =  0.07531380753138076
Offset Cut Fraction =  0.2196652719665272
RMS Cut Fraction =  0.22594142259414227
Fraction of Detectors cut by CM cuts =  0.2928870292887029
##########################################
Running Spike Finder
Number of TODs with spike counts greater than 10.0 times the median =  200
Fraction of TODs =  0.41841004184100417
Spike Finder finished
Running Despiker
Time to despike =  0.6076014041900635
Fraction of Detectors cut in despiking =  0.14644351464435146
Fraction of Detectors with an incidence >10.0 seconds =  0.13598326359832635
Running jump detector
starting jump iter 1 of 1
have filtered data, now searching for jumps
Median number of jumps =  0.0
Fraction of Detectors Cut From Jumps =  0.0502092050209205
Computing PSDs
Fitting PSDs
Fraction of Detectors cut in PSD analysis=  0.05230125523012552
58.34 Hz: 110 occurrences
29.27 Hz: 95 occurrences
Total Fraction of Detectors cut =  0.5062761506276151
Replacing Data for 478 Detectors
Reading in the file
Reading in network 1 from file:  /work/toltec/commissioning2025-test/2025-C1-COM-05/jgolec/MACS0717.5+3745/reduced_TODs/redu01/150734/raw/toltec_commissioning_science_150734_rtc_timestream.nc
ndet = 364  nsamp = 25039
Sample rate =  122.0703125
Finished reading in the file
##########################################
Gain Cut Fraction =  0.03296703296703297
Offset Cut Fraction =  0.17857142857142858
RMS Cut Fraction =  0.22527472527472528
Fraction of Detectors cut by CM cuts =  0.23901098901098902
##########################################
Running Spike Finder
Number of TODs with spike counts greater than 10.0 times the median =  95
Fraction of TODs =  0.260989010989011
Spike Finder finished
Running Despiker
Time to despike =  0.5326311588287354
Fraction of Detectors cut in despiking =  0.0521978021978022
Fraction of Detectors with an incidence >10.0 seconds =  0.013736263736263736
Running jump detector
starting jump iter 1 of 1
have filtered data, now searching for jumps
Median number of jumps =  0.0
Fraction of Detectors Cut From Jumps =  0.0
Computing PSDs
Fitting PSDs
Fraction of Detectors cut in PSD analysis=  0.06043956043956044
58.75 Hz: 318 occurrences
29.27 Hz: 87 occurrences
Total Fraction of Detectors cut =  0.45054945054945056
Replacing Data for 364 Detectors
Reading in the file
Reading in network 2 from file:  /work/toltec/commissioning2025-test/2025-C1-COM-05/jgolec/MACS0717.5+3745/reduced_TODs/redu01/150734/raw/toltec_commissioning_science_150734_rtc_timestream.nc
ndet = 414  nsamp = 25039
Sample rate =  122.0703125
Finished reading in the file
##########################################
Gain Cut Fraction =  0.05314009661835749
Offset Cut Fraction =  0.20772946859903382
RMS Cut Fraction =  0.23429951690821257
Fraction of Detectors cut by CM cuts =  0.26570048309178745
##########################################
Running Spike Finder
Number of TODs with spike counts greater than 10.0 times the median =  160
Fraction of TODs =  0.3864734299516908
Spike Finder finished
Running Despiker
Time to despike =  0.5375020503997803
Fraction of Detectors cut in despiking =  0.06280193236714976
Fraction of Detectors with an incidence >10.0 seconds =  0.016908212560386472
Running jump detector
starting jump iter 1 of 1
have filtered data, now searching for jumps
Median number of jumps =  0.0
Fraction of Detectors Cut From Jumps =  0.0
Computing PSDs
Fitting PSDs
Fraction of Detectors cut in PSD analysis=  0.07004830917874397
29.27 Hz: 84 occurrences
58.34 Hz: 4 occurrences
Total Fraction of Detectors cut =  0.606280193236715
Replacing Data for 414 Detectors
Reading in the file
Reading in network 3 from file:  /work/toltec/commissioning2025-test/2025-C1-COM-05/jgolec/MACS0717.5+3745/reduced_TODs/redu01/150734/raw/toltec_commissioning_science_150734_rtc_timestream.nc
ndet = 380  nsamp = 25039
Sample rate =  122.0703125
Finished reading in the file
##########################################
Gain Cut Fraction =  0.06315789473684211
Offset Cut Fraction =  0.21052631578947367
RMS Cut Fraction =  0.24210526315789474
Fraction of Detectors cut by CM cuts =  0.29210526315789476
##########################################
Running Spike Finder
Number of TODs with spike counts greater than 10.0 times the median =  80
Fraction of TODs =  0.21052631578947367
Spike Finder finished
Running Despiker
Time to despike =  1.0157907009124756
Fraction of Detectors cut in despiking =  0.3157894736842105
Fraction of Detectors with an incidence >10.0 seconds =  0.08421052631578947
Running jump detector
starting jump iter 1 of 1
have filtered data, now searching for jumps
Median number of jumps =  0.0
Fraction of Detectors Cut From Jumps =  0.005263157894736842
Computing PSDs
Fitting PSDs
Fraction of Detectors cut in PSD analysis=  0.06842105263157895
29.27 Hz: 44 occurrences
18.63 Hz: 4 occurrences
32.55 Hz: 1 occurrences
Total Fraction of Detectors cut =  0.49473684210526314
Replacing Data for 380 Detectors
Reading in the file
Reading in network 4 from file:  /work/toltec/commissioning2025-test/2025-C1-COM-05/jgolec/MACS0717.5+3745/reduced_TODs/redu01/150734/raw/toltec_commissioning_science_150734_rtc_timestream.nc
ndet = 364  nsamp = 25039
Sample rate =  122.0703125
Finished reading in the file
##########################################
Gain Cut Fraction =  0.11813186813186813
Offset Cut Fraction =  0.16758241758241757
RMS Cut Fraction =  0.18956043956043955
Fraction of Detectors cut by CM cuts =  0.29120879120879123
##########################################
Running Spike Finder
Number of TODs with spike counts greater than 10.0 times the median =  106
Fraction of TODs =  0.29120879120879123
Spike Finder finished
Running Despiker
Time to despike =  0.9200572967529297
Fraction of Detectors cut in despiking =  0.29120879120879123
Fraction of Detectors with an incidence >10.0 seconds =  0.08791208791208792
Running jump detector
starting jump iter 1 of 1
have filtered data, now searching for jumps
Median number of jumps =  0.0
Fraction of Detectors Cut From Jumps =  0.0027472527472527475
Computing PSDs
Fitting PSDs
Fraction of Detectors cut in PSD analysis=  0.07142857142857142
23.54 Hz: 9 occurrences
30.09 Hz: 2 occurrences
Total Fraction of Detectors cut =  0.5412087912087912
Replacing Data for 364 Detectors
Reading in the file
Reading in network 5 from file:  /work/toltec/commissioning2025-test/2025-C1-COM-05/jgolec/MACS0717.5+3745/reduced_TODs/redu01/150734/raw/toltec_commissioning_science_150734_rtc_timestream.nc
ndet = 358  nsamp = 25039
Sample rate =  122.0703125
Finished reading in the file
##########################################
Gain Cut Fraction =  0.07541899441340782
Offset Cut Fraction =  0.22905027932960895
RMS Cut Fraction =  0.24022346368715083
Fraction of Detectors cut by CM cuts =  0.27932960893854747
##########################################
Running Spike Finder
Number of TODs with spike counts greater than 10.0 times the median =  77
Fraction of TODs =  0.21508379888268156
Spike Finder finished
Running Despiker
Time to despike =  0.7510063648223877
Fraction of Detectors cut in despiking =  0.2122905027932961
Fraction of Detectors with an incidence >10.0 seconds =  0.11452513966480447
Running jump detector
starting jump iter 1 of 1
have filtered data, now searching for jumps
Median number of jumps =  0.0
Fraction of Detectors Cut From Jumps =  0.008379888268156424
Computing PSDs
Fitting PSDs
Fraction of Detectors cut in PSD analysis=  0.04748603351955307
18.63 Hz: 48 occurrences
34.59 Hz: 3 occurrences
30.09 Hz: 2 occurrences
27.22 Hz: 2 occurrences
7.16 Hz: 2 occurrences
Total Fraction of Detectors cut =  0.43854748603351956
Replacing Data for 358 Detectors
Reading in the file
Reading in network 6 from file:  /work/toltec/commissioning2025-test/2025-C1-COM-05/jgolec/MACS0717.5+3745/reduced_TODs/redu01/150734/raw/toltec_commissioning_science_150734_rtc_timestream.nc
ndet = 0  nsamp = 1
Sample rate =  122.0703125
Finished reading in the file
Reading in the file
Reading in network 7 from file:  /work/toltec/commissioning2025-test/2025-C1-COM-05/jgolec/MACS0717.5+3745/reduced_TODs/redu01/150734/raw/toltec_commissioning_science_150734_rtc_timestream.nc
ndet = 190  nsamp = 25039
Sample rate =  122.0703125
Finished reading in the file
##########################################
Gain Cut Fraction =  0.07368421052631578
Offset Cut Fraction =  0.17894736842105263
RMS Cut Fraction =  0.19473684210526315
Fraction of Detectors cut by CM cuts =  0.23157894736842105
##########################################
Running Spike Finder
Number of TODs with spike counts greater than 10.0 times the median =  0
Fraction of TODs =  0.0
Spike Finder finished
Running Despiker
Time to despike =  0.7143735885620117
Fraction of Detectors cut in despiking =  0.15263157894736842
Fraction of Detectors with an incidence >10.0 seconds =  0.15263157894736842
Running jump detector
starting jump iter 1 of 1
have filtered data, now searching for jumps
Median number of jumps =  0.0
Fraction of Detectors Cut From Jumps =  0.0
Computing PSDs
Fitting PSDs
Fraction of Detectors cut in PSD analysis=  0.03684210526315789
29.27 Hz: 51 occurrences
Total Fraction of Detectors cut =  0.37894736842105264
Replacing Data for 190 Detectors
Reading in the file
Reading in network 8 from file:  /work/toltec/commissioning2025-test/2025-C1-COM-05/jgolec/MACS0717.5+3745/reduced_TODs/redu01/150734/raw/toltec_commissioning_science_150734_rtc_timestream.nc
ndet = 333  nsamp = 25039
Sample rate =  122.0703125
Finished reading in the file
##########################################
Gain Cut Fraction =  0.13213213213213212
Offset Cut Fraction =  0.16516516516516516
RMS Cut Fraction =  0.19519519519519518
Fraction of Detectors cut by CM cuts =  0.29429429429429427
##########################################
Running Spike Finder
Number of TODs with spike counts greater than 10.0 times the median =  114
Fraction of TODs =  0.34234234234234234
Spike Finder finished
Running Despiker
Time to despike =  0.3165745735168457
Fraction of Detectors cut in despiking =  0.009009009009009009
Fraction of Detectors with an incidence >10.0 seconds =  0.006006006006006006
Running jump detector
starting jump iter 1 of 1
have filtered data, now searching for jumps
Median number of jumps =  0.0
Fraction of Detectors Cut From Jumps =  0.024024024024024024
Computing PSDs
Fitting PSDs
Fraction of Detectors cut in PSD analysis=  0.04504504504504504
29.27 Hz: 528 occurrences
58.34 Hz: 1 occurrences
Total Fraction of Detectors cut =  0.5735735735735735
Replacing Data for 333 Detectors
Reading in the file
Reading in network 9 from file:  /work/toltec/commissioning2025-test/2025-C1-COM-05/jgolec/MACS0717.5+3745/reduced_TODs/redu01/150734/raw/toltec_commissioning_science_150734_rtc_timestream.nc
ndet = 238  nsamp = 25039
Sample rate =  122.0703125
Finished reading in the file
##########################################
Gain Cut Fraction =  0.06722689075630252
Offset Cut Fraction =  0.25630252100840334
RMS Cut Fraction =  0.2647058823529412
Fraction of Detectors cut by CM cuts =  0.29411764705882354
##########################################
Running Spike Finder
Number of TODs with spike counts greater than 10.0 times the median =  5
Fraction of TODs =  0.02100840336134454
Spike Finder finished
Running Despiker
Time to despike =  0.6427280902862549
Fraction of Detectors cut in despiking =  0.2647058823529412
Fraction of Detectors with an incidence >10.0 seconds =  0.06302521008403361
Running jump detector
starting jump iter 1 of 1
have filtered data, now searching for jumps
Median number of jumps =  0.0
Fraction of Detectors Cut From Jumps =  0.012605042016806723
Computing PSDs
Fitting PSDs
Fraction of Detectors cut in PSD analysis=  0.029411764705882353
41.14 Hz: 2 occurrences
29.27 Hz: 1 occurrences
Total Fraction of Detectors cut =  0.5
Replacing Data for 238 Detectors
Reading in the file
Reading in network 11 from file:  /work/toltec/commissioning2025-test/2025-C1-COM-05/jgolec/MACS0717.5+3745/reduced_TODs/redu01/150734/raw/toltec_commissioning_science_150734_rtc_timestream.nc
ndet = 356  nsamp = 25039
Sample rate =  122.0703125
Finished reading in the file
##########################################
Gain Cut Fraction =  0.2696629213483146
Offset Cut Fraction =  0.28651685393258425
RMS Cut Fraction =  0.2808988764044944
Fraction of Detectors cut by CM cuts =  0.39325842696629215
##########################################
Running Spike Finder
Number of TODs with spike counts greater than 10.0 times the median =  63
Fraction of TODs =  0.17696629213483145
Spike Finder finished
Running Despiker
Time to despike =  1.1799538135528564
Fraction of Detectors cut in despiking =  0.29213483146067415
Fraction of Detectors with an incidence >10.0 seconds =  0.24157303370786518
Running jump detector
starting jump iter 1 of 1
have filtered data, now searching for jumps
Median number of jumps =  0.0
Fraction of Detectors Cut From Jumps =  0.20224719101123595
Computing PSDs
Fitting PSDs
Fraction of Detectors cut in PSD analysis=  0.1151685393258427
57.52 Hz: 225 occurrences
29.27 Hz: 60 occurrences
Total Fraction of Detectors cut =  0.449438202247191
Replacing Data for 356 Detectors
Reading in the file
Reading in network 12 from file:  /work/toltec/commissioning2025-test/2025-C1-COM-05/jgolec/MACS0717.5+3745/reduced_TODs/redu01/150734/raw/toltec_commissioning_science_150734_rtc_timestream.nc
ndet = 377  nsamp = 25039
Sample rate =  122.0703125
Finished reading in the file
##########################################
Gain Cut Fraction =  0.16976127320954906
Offset Cut Fraction =  0.2625994694960212
RMS Cut Fraction =  0.23872679045092837
Fraction of Detectors cut by CM cuts =  0.3421750663129973
##########################################
Running Spike Finder
Number of TODs with spike counts greater than 10.0 times the median =  181
Fraction of TODs =  0.48010610079575594
Spike Finder finished
Running Despiker
Time to despike =  0.7349660396575928
Fraction of Detectors cut in despiking =  0.22015915119363394
Fraction of Detectors with an incidence >10.0 seconds =  0.1856763925729443
Running jump detector
starting jump iter 1 of 1
have filtered data, now searching for jumps
Median number of jumps =  0.0
Fraction of Detectors Cut From Jumps =  0.19363395225464192
Computing PSDs
Fitting PSDs
Fraction of Detectors cut in PSD analysis=  0.10610079575596817
57.52 Hz: 67 occurrences
35.00 Hz: 26 occurrences
41.14 Hz: 1 occurrences
Total Fraction of Detectors cut =  0.6445623342175066
Replacing Data for 377 Detectors
Reading in the file
Reading in network 0 from file:  /work/toltec/commissioning2025-test/2025-C1-COM-05/jgolec/MACS0717.5+3745/reduced_TODs/redu01/150736/raw/toltec_commissioning_science_150736_rtc_timestream.nc
ndet = 475  nsamp = 25039
Sample rate =  122.0703125
Finished reading in the file
##########################################
Gain Cut Fraction =  0.08210526315789474
Offset Cut Fraction =  0.2505263157894737
RMS Cut Fraction =  0.24
Fraction of Detectors cut by CM cuts =  0.3094736842105263
##########################################
Running Spike Finder
Number of TODs with spike counts greater than 10.0 times the median =  107
Fraction of TODs =  0.22526315789473683
Spike Finder finished
Running Despiker
Time to despike =  0.7468810081481934
Fraction of Detectors cut in despiking =  0.2
Fraction of Detectors with an incidence >10.0 seconds =  0.17473684210526316
Running jump detector
starting jump iter 1 of 1
have filtered data, now searching for jumps
Median number of jumps =  0.0
Fraction of Detectors Cut From Jumps =  0.0
Computing PSDs
Fitting PSDs
Fraction of Detectors cut in PSD analysis=  0.09894736842105263
29.27 Hz: 135 occurrences
58.34 Hz: 59 occurrences
46.88 Hz: 1 occurrences
Total Fraction of Detectors cut =  0.4147368421052632
Replacing Data for 475 Detectors
Reading in the file
Reading in network 1 from file:  /work/toltec/commissioning2025-test/2025-C1-COM-05/jgolec/MACS0717.5+3745/reduced_TODs/redu01/150736/raw/toltec_commissioning_science_150736_rtc_timestream.nc
ndet = 362  nsamp = 25039
Sample rate =  122.0703125
Finished reading in the file
##########################################
Gain Cut Fraction =  0.04143646408839779
Offset Cut Fraction =  0.21823204419889503
RMS Cut Fraction =  0.20994475138121546
Fraction of Detectors cut by CM cuts =  0.24585635359116023
##########################################
Running Spike Finder
Number of TODs with spike counts greater than 10.0 times the median =  173
Fraction of TODs =  0.47790055248618785
Spike Finder finished
Running Despiker
Time to despike =  0.37807536125183105
Fraction of Detectors cut in despiking =  0.08011049723756906
Fraction of Detectors with an incidence >10.0 seconds =  0.055248618784530384
Running jump detector
starting jump iter 1 of 1
have filtered data, now searching for jumps
Median number of jumps =  0.0
Fraction of Detectors Cut From Jumps =  0.0
Computing PSDs
Fitting PSDs
Fraction of Detectors cut in PSD analysis=  0.07458563535911603
58.34 Hz: 134 occurrences
Total Fraction of Detectors cut =  0.5911602209944752
Replacing Data for 362 Detectors
Reading in the file
Reading in network 2 from file:  /work/toltec/commissioning2025-test/2025-C1-COM-05/jgolec/MACS0717.5+3745/reduced_TODs/redu01/150736/raw/toltec_commissioning_science_150736_rtc_timestream.nc
ndet = 414  nsamp = 25039
Sample rate =  122.0703125
Finished reading in the file
##########################################
Gain Cut Fraction =  0.043478260869565216
Offset Cut Fraction =  0.20048309178743962
RMS Cut Fraction =  0.2028985507246377
Fraction of Detectors cut by CM cuts =  0.22705314009661837
##########################################
Running Spike Finder
Number of TODs with spike counts greater than 10.0 times the median =  164
Fraction of TODs =  0.3961352657004831
Spike Finder finished
Running Despiker
Time to despike =  0.37842535972595215
Fraction of Detectors cut in despiking =  0.0821256038647343
Fraction of Detectors with an incidence >10.0 seconds =  0.06280193236714976
Running jump detector
starting jump iter 1 of 1
have filtered data, now searching for jumps
Median number of jumps =  0.0
Fraction of Detectors Cut From Jumps =  0.0024154589371980675
Computing PSDs
Fitting PSDs
Fraction of Detectors cut in PSD analysis=  0.06280193236714976
29.27 Hz: 3 occurrences
Total Fraction of Detectors cut =  0.48792270531400966
Replacing Data for 414 Detectors
Reading in the file
Reading in network 3 from file:  /work/toltec/commissioning2025-test/2025-C1-COM-05/jgolec/MACS0717.5+3745/reduced_TODs/redu01/150736/raw/toltec_commissioning_science_150736_rtc_timestream.nc
ndet = 381  nsamp = 25039
Sample rate =  122.0703125
Finished reading in the file
##########################################
Gain Cut Fraction =  0.07874015748031496
Offset Cut Fraction =  0.2020997375328084
RMS Cut Fraction =  0.2047244094488189
Fraction of Detectors cut by CM cuts =  0.24934383202099739
##########################################
Running Spike Finder
Number of TODs with spike counts greater than 10.0 times the median =  85
Fraction of TODs =  0.2230971128608924
Spike Finder finished
Running Despiker
Time to despike =  0.7027227878570557
Fraction of Detectors cut in despiking =  0.18635170603674542
Fraction of Detectors with an incidence >10.0 seconds =  0.11811023622047244
Running jump detector
starting jump iter 1 of 1
have filtered data, now searching for jumps
Median number of jumps =  0.0
Fraction of Detectors Cut From Jumps =  0.0
Computing PSDs
Fitting PSDs
Fraction of Detectors cut in PSD analysis=  0.07086614173228346
29.27 Hz: 141 occurrences
Total Fraction of Detectors cut =  0.4068241469816273
Replacing Data for 381 Detectors
Reading in the file
Reading in network 4 from file:  /work/toltec/commissioning2025-test/2025-C1-COM-05/jgolec/MACS0717.5+3745/reduced_TODs/redu01/150736/raw/toltec_commissioning_science_150736_rtc_timestream.nc
ndet = 365  nsamp = 25039
Sample rate =  122.0703125
Finished reading in the file
##########################################
Gain Cut Fraction =  0.06301369863013699
Offset Cut Fraction =  0.20273972602739726
RMS Cut Fraction =  0.2
Fraction of Detectors cut by CM cuts =  0.2547945205479452
##########################################
Running Spike Finder
Number of TODs with spike counts greater than 10.0 times the median =  65
Fraction of TODs =  0.1780821917808219
Spike Finder finished
Running Despiker
Time to despike =  0.8345780372619629
Fraction of Detectors cut in despiking =  0.38904109589041097
Fraction of Detectors with an incidence >10.0 seconds =  0.3041095890410959
Running jump detector
starting jump iter 1 of 1
have filtered data, now searching for jumps
Median number of jumps =  0.0
Fraction of Detectors Cut From Jumps =  0.0
Computing PSDs
Fitting PSDs
Fraction of Detectors cut in PSD analysis=  0.10684931506849316
29.27 Hz: 38 occurrences
Total Fraction of Detectors cut =  0.536986301369863
Replacing Data for 365 Detectors
Reading in the file
Reading in network 5 from file:  /work/toltec/commissioning2025-test/2025-C1-COM-05/jgolec/MACS0717.5+3745/reduced_TODs/redu01/150736/raw/toltec_commissioning_science_150736_rtc_timestream.nc
ndet = 363  nsamp = 25039
Sample rate =  122.0703125
Finished reading in the file
##########################################
Gain Cut Fraction =  0.08264462809917356
Offset Cut Fraction =  0.18457300275482094
RMS Cut Fraction =  0.1763085399449036
Fraction of Detectors cut by CM cuts =  0.23415977961432508
##########################################
Running Spike Finder
Number of TODs with spike counts greater than 10.0 times the median =  77
Fraction of TODs =  0.21212121212121213
Spike Finder finished
Running Despiker
Time to despike =  0.5120203495025635
Fraction of Detectors cut in despiking =  0.12947658402203857
Fraction of Detectors with an incidence >10.0 seconds =  0.09366391184573003
Running jump detector
starting jump iter 1 of 1
have filtered data, now searching for jumps
Median number of jumps =  0.0
Fraction of Detectors Cut From Jumps =  0.0027548209366391185
Computing PSDs
Fitting PSDs
Fraction of Detectors cut in PSD analysis=  0.10743801652892562
18.63 Hz: 18 occurrences
29.27 Hz: 18 occurrences
46.88 Hz: 4 occurrences
30.09 Hz: 2 occurrences
34.59 Hz: 2 occurrences
Total Fraction of Detectors cut =  0.38016528925619836
Replacing Data for 363 Detectors
Reading in the file
Reading in network 6 from file:  /work/toltec/commissioning2025-test/2025-C1-COM-05/jgolec/MACS0717.5+3745/reduced_TODs/redu01/150736/raw/toltec_commissioning_science_150736_rtc_timestream.nc
ndet = 0  nsamp = 1
Sample rate =  122.0703125
Finished reading in the file
Reading in the file
Reading in network 7 from file:  /work/toltec/commissioning2025-test/2025-C1-COM-05/jgolec/MACS0717.5+3745/reduced_TODs/redu01/150736/raw/toltec_commissioning_science_150736_rtc_timestream.nc
ndet = 192  nsamp = 25039
Sample rate =  122.0703125
Finished reading in the file
##########################################
Gain Cut Fraction =  0.06770833333333333
Offset Cut Fraction =  0.19270833333333334
RMS Cut Fraction =  0.19270833333333334
Fraction of Detectors cut by CM cuts =  0.24479166666666666
##########################################
Running Spike Finder
Number of TODs with spike counts greater than 10.0 times the median =  11
Fraction of TODs =  0.057291666666666664
Spike Finder finished
Running Despiker
Time to despike =  0.5090303421020508
Fraction of Detectors cut in despiking =  0.19791666666666666
Fraction of Detectors with an incidence >10.0 seconds =  0.09375
Running jump detector
starting jump iter 1 of 1
have filtered data, now searching for jumps
Median number of jumps =  0.0
Fraction of Detectors Cut From Jumps =  0.0
Computing PSDs
Fitting PSDs
Fraction of Detectors cut in PSD analysis=  0.041666666666666664
29.27 Hz: 13 occurrences
Total Fraction of Detectors cut =  0.34375
Replacing Data for 192 Detectors
Reading in the file
Reading in network 8 from file:  /work/toltec/commissioning2025-test/2025-C1-COM-05/jgolec/MACS0717.5+3745/reduced_TODs/redu01/150736/raw/toltec_commissioning_science_150736_rtc_timestream.nc
ndet = 333  nsamp = 25039
Sample rate =  122.0703125
Finished reading in the file
##########################################
Gain Cut Fraction =  0.16816816816816818
Offset Cut Fraction =  0.16816816816816818
RMS Cut Fraction =  0.1891891891891892
Fraction of Detectors cut by CM cuts =  0.3063063063063063
##########################################
Running Spike Finder
Number of TODs with spike counts greater than 10.0 times the median =  138
Fraction of TODs =  0.4144144144144144
Spike Finder finished
Running Despiker
Time to despike =  0.21881318092346191
Fraction of Detectors cut in despiking =  0.03903903903903904
Fraction of Detectors with an incidence >10.0 seconds =  0.03003003003003003
Running jump detector
starting jump iter 1 of 1
have filtered data, now searching for jumps
Median number of jumps =  0.0
Fraction of Detectors Cut From Jumps =  0.003003003003003003
Computing PSDs
Fitting PSDs
Fraction of Detectors cut in PSD analysis=  0.04504504504504504
29.27 Hz: 488 occurrences
17.40 Hz: 22 occurrences
58.34 Hz: 12 occurrences
35.00 Hz: 4 occurrences
Total Fraction of Detectors cut =  0.6006006006006006
Replacing Data for 333 Detectors
Reading in the file
Reading in network 9 from file:  /work/toltec/commissioning2025-test/2025-C1-COM-05/jgolec/MACS0717.5+3745/reduced_TODs/redu01/150736/raw/toltec_commissioning_science_150736_rtc_timestream.nc
ndet = 238  nsamp = 25039
Sample rate =  122.0703125
Finished reading in the file
##########################################
Gain Cut Fraction =  0.0546218487394958
Offset Cut Fraction =  0.27310924369747897
RMS Cut Fraction =  0.2605042016806723
Fraction of Detectors cut by CM cuts =  0.2857142857142857
##########################################
Running Spike Finder
Number of TODs with spike counts greater than 10.0 times the median =  42
Fraction of TODs =  0.17647058823529413
Spike Finder finished
Running Despiker
Time to despike =  0.5188236236572266
Fraction of Detectors cut in despiking =  0.2857142857142857
Fraction of Detectors with an incidence >10.0 seconds =  0.21428571428571427
Running jump detector
starting jump iter 1 of 1
have filtered data, now searching for jumps
Median number of jumps =  0.0
Fraction of Detectors Cut From Jumps =  0.008403361344537815
Computing PSDs
Fitting PSDs
Fraction of Detectors cut in PSD analysis=  0.07983193277310924
29.27 Hz: 12 occurrences
23.54 Hz: 2 occurrences
Total Fraction of Detectors cut =  0.42016806722689076
Replacing Data for 238 Detectors
Reading in the file
Reading in network 11 from file:  /work/toltec/commissioning2025-test/2025-C1-COM-05/jgolec/MACS0717.5+3745/reduced_TODs/redu01/150736/raw/toltec_commissioning_science_150736_rtc_timestream.nc
ndet = 357  nsamp = 25039
Sample rate =  122.0703125
Finished reading in the file
##########################################
Gain Cut Fraction =  0.23249299719887956
Offset Cut Fraction =  0.2661064425770308
RMS Cut Fraction =  0.25770308123249297
Fraction of Detectors cut by CM cuts =  0.4005602240896359
##########################################
Running Spike Finder
Number of TODs with spike counts greater than 10.0 times the median =  76
Fraction of TODs =  0.21288515406162464
Spike Finder finished
Running Despiker
Time to despike =  1.0615952014923096
Fraction of Detectors cut in despiking =  0.26330532212885155
Fraction of Detectors with an incidence >10.0 seconds =  0.22128851540616246
Running jump detector
starting jump iter 1 of 1
have filtered data, now searching for jumps
Median number of jumps =  0.0
Fraction of Detectors Cut From Jumps =  0.028011204481792718
Computing PSDs
Fitting PSDs
Fraction of Detectors cut in PSD analysis=  0.04481792717086835
57.52 Hz: 225 occurrences
29.27 Hz: 28 occurrences
35.00 Hz: 3 occurrences
3.07 Hz: 2 occurrences
Total Fraction of Detectors cut =  0.43137254901960786
Replacing Data for 357 Detectors
Reading in the file
Reading in network 12 from file:  /work/toltec/commissioning2025-test/2025-C1-COM-05/jgolec/MACS0717.5+3745/reduced_TODs/redu01/150736/raw/toltec_commissioning_science_150736_rtc_timestream.nc
ndet = 378  nsamp = 25039
Sample rate =  122.0703125
Finished reading in the file
##########################################
Gain Cut Fraction =  0.15873015873015872
Offset Cut Fraction =  0.25925925925925924
RMS Cut Fraction =  0.22486772486772486
Fraction of Detectors cut by CM cuts =  0.37566137566137564
##########################################
Running Spike Finder
Number of TODs with spike counts greater than 10.0 times the median =  155
Fraction of TODs =  0.41005291005291006
Spike Finder finished
Running Despiker
Time to despike =  0.7150781154632568
Fraction of Detectors cut in despiking =  0.1931216931216931
Fraction of Detectors with an incidence >10.0 seconds =  0.13756613756613756
Running jump detector
starting jump iter 1 of 1
have filtered data, now searching for jumps
Median number of jumps =  0.0
Fraction of Detectors Cut From Jumps =  0.005291005291005291
Computing PSDs
Fitting PSDs
Fraction of Detectors cut in PSD analysis=  0.06878306878306878
57.52 Hz: 30 occurrences
41.14 Hz: 21 occurrences
46.88 Hz: 9 occurrences
37.46 Hz: 3 occurrences
3.07 Hz: 2 occurrences
Total Fraction of Detectors cut =  0.5793650793650794
Replacing Data for 378 Detectors
Reading in the file
Reading in network 0 from file:  /work/toltec/commissioning2025-test/2025-C1-COM-05/jgolec/MACS0717.5+3745/reduced_TODs/redu01/150744/raw/toltec_commissioning_science_150744_rtc_timestream.nc
ndet = 480  nsamp = 25039
Sample rate =  122.0703125
Finished reading in the file
##########################################
Gain Cut Fraction =  0.08958333333333333
Offset Cut Fraction =  0.28958333333333336
RMS Cut Fraction =  0.28958333333333336
Fraction of Detectors cut by CM cuts =  0.34375
##########################################
Running Spike Finder
Number of TODs with spike counts greater than 10.0 times the median =  108
Fraction of TODs =  0.225
Spike Finder finished
Running Despiker
Time to despike =  0.5985367298126221
Fraction of Detectors cut in despiking =  0.20625
Fraction of Detectors with an incidence >10.0 seconds =  0.19583333333333333
Running jump detector
starting jump iter 1 of 1
have filtered data, now searching for jumps
Median number of jumps =  0.0
Fraction of Detectors Cut From Jumps =  0.0
Computing PSDs
Fitting PSDs
Fraction of Detectors cut in PSD analysis=  0.09166666666666666
58.34 Hz: 60 occurrences
30.09 Hz: 9 occurrences
29.27 Hz: 3 occurrences
Total Fraction of Detectors cut =  0.4083333333333333
Replacing Data for 480 Detectors
Reading in the file
Reading in network 1 from file:  /work/toltec/commissioning2025-test/2025-C1-COM-05/jgolec/MACS0717.5+3745/reduced_TODs/redu01/150744/raw/toltec_commissioning_science_150744_rtc_timestream.nc
ndet = 358  nsamp = 25039
Sample rate =  122.0703125
Finished reading in the file
##########################################
Gain Cut Fraction =  0.055865921787709494
Offset Cut Fraction =  0.18994413407821228
RMS Cut Fraction =  0.20949720670391062
Fraction of Detectors cut by CM cuts =  0.2430167597765363
##########################################
Running Spike Finder
Number of TODs with spike counts greater than 10.0 times the median =  102
Fraction of TODs =  0.2849162011173184
Spike Finder finished
Running Despiker
Time to despike =  0.16262173652648926
Fraction of Detectors cut in despiking =  0.0335195530726257
Fraction of Detectors with an incidence >10.0 seconds =  0.036312849162011177
Running jump detector
starting jump iter 1 of 1
have filtered data, now searching for jumps
Median number of jumps =  0.0
Fraction of Detectors Cut From Jumps =  0.0
Computing PSDs
Fitting PSDs
Fraction of Detectors cut in PSD analysis=  0.05865921787709497
58.34 Hz: 85 occurrences
29.27 Hz: 3 occurrences
Total Fraction of Detectors cut =  0.4273743016759777
Replacing Data for 358 Detectors
Reading in the file
Reading in network 2 from file:  /work/toltec/commissioning2025-test/2025-C1-COM-05/jgolec/MACS0717.5+3745/reduced_TODs/redu01/150744/raw/toltec_commissioning_science_150744_rtc_timestream.nc
ndet = 414  nsamp = 25039
Sample rate =  122.0703125
Finished reading in the file
##########################################
Gain Cut Fraction =  0.057971014492753624
Offset Cut Fraction =  0.21497584541062803
RMS Cut Fraction =  0.2246376811594203
Fraction of Detectors cut by CM cuts =  0.24879227053140096
##########################################
Running Spike Finder
Number of TODs with spike counts greater than 10.0 times the median =  146
Fraction of TODs =  0.3526570048309179
Spike Finder finished
Running Despiker
Time to despike =  0.23156213760375977
Fraction of Detectors cut in despiking =  0.06038647342995169
Fraction of Detectors with an incidence >10.0 seconds =  0.05555555555555555
Running jump detector
starting jump iter 1 of 1
have filtered data, now searching for jumps
Median number of jumps =  0.0
Fraction of Detectors Cut From Jumps =  0.0
Computing PSDs
Fitting PSDs
Fraction of Detectors cut in PSD analysis=  0.09178743961352658
29.27 Hz: 83 occurrences
58.75 Hz: 43 occurrences
Total Fraction of Detectors cut =  0.47342995169082125
Replacing Data for 414 Detectors
Reading in the file
Reading in network 3 from file:  /work/toltec/commissioning2025-test/2025-C1-COM-05/jgolec/MACS0717.5+3745/reduced_TODs/redu01/150744/raw/toltec_commissioning_science_150744_rtc_timestream.nc
ndet = 379  nsamp = 25039
Sample rate =  122.0703125
Finished reading in the file
##########################################
Gain Cut Fraction =  0.07387862796833773
Offset Cut Fraction =  0.19261213720316622
RMS Cut Fraction =  0.21372031662269128
Fraction of Detectors cut by CM cuts =  0.2559366754617414
##########################################
Running Spike Finder
Number of TODs with spike counts greater than 10.0 times the median =  62
Fraction of TODs =  0.16358839050131926
Spike Finder finished
Running Despiker
Time to despike =  0.42479753494262695
Fraction of Detectors cut in despiking =  0.08970976253298153
Fraction of Detectors with an incidence >10.0 seconds =  0.06860158311345646
Running jump detector
starting jump iter 1 of 1
have filtered data, now searching for jumps
Median number of jumps =  0.0
Fraction of Detectors Cut From Jumps =  0.0
Computing PSDs
Fitting PSDs
Fraction of Detectors cut in PSD analysis=  0.07387862796833773
30.09 Hz: 26 occurrences
42.37 Hz: 2 occurrences
Total Fraction of Detectors cut =  0.36675461741424803
Replacing Data for 379 Detectors
Reading in the file
Reading in network 4 from file:  /work/toltec/commissioning2025-test/2025-C1-COM-05/jgolec/MACS0717.5+3745/reduced_TODs/redu01/150744/raw/toltec_commissioning_science_150744_rtc_timestream.nc
ndet = 363  nsamp = 25039
Sample rate =  122.0703125
Finished reading in the file
##########################################
Gain Cut Fraction =  0.08539944903581267
Offset Cut Fraction =  0.21212121212121213
RMS Cut Fraction =  0.22589531680440772
Fraction of Detectors cut by CM cuts =  0.27823691460055094
##########################################
Running Spike Finder
Number of TODs with spike counts greater than 10.0 times the median =  45
Fraction of TODs =  0.12396694214876033
Spike Finder finished
Running Despiker
Time to despike =  0.636103630065918
Fraction of Detectors cut in despiking =  0.18181818181818182
Fraction of Detectors with an incidence >10.0 seconds =  0.13774104683195593
Running jump detector
starting jump iter 1 of 1
have filtered data, now searching for jumps
Median number of jumps =  0.0
Fraction of Detectors Cut From Jumps =  0.0
Computing PSDs
Fitting PSDs
Fraction of Detectors cut in PSD analysis=  0.0881542699724518
30.09 Hz: 38 occurrences
29.27 Hz: 3 occurrences
Total Fraction of Detectors cut =  0.38016528925619836
Replacing Data for 363 Detectors
Reading in the file
Reading in network 5 from file:  /work/toltec/commissioning2025-test/2025-C1-COM-05/jgolec/MACS0717.5+3745/reduced_TODs/redu01/150744/raw/toltec_commissioning_science_150744_rtc_timestream.nc
ndet = 361  nsamp = 25039
Sample rate =  122.0703125
Finished reading in the file
##########################################
Gain Cut Fraction =  0.08033240997229917
Offset Cut Fraction =  0.24376731301939059
RMS Cut Fraction =  0.23545706371191136
Fraction of Detectors cut by CM cuts =  0.2742382271468144
##########################################
Running Spike Finder
Number of TODs with spike counts greater than 10.0 times the median =  175
Fraction of TODs =  0.48476454293628807
Spike Finder finished
Running Despiker
Time to despike =  0.26311659812927246
Fraction of Detectors cut in despiking =  0.055401662049861494
Fraction of Detectors with an incidence >10.0 seconds =  0.04986149584487535
Running jump detector
starting jump iter 1 of 1
have filtered data, now searching for jumps
Median number of jumps =  0.0
Fraction of Detectors Cut From Jumps =  0.002770083102493075
Computing PSDs
Fitting PSDs
Fraction of Detectors cut in PSD analysis=  0.08587257617728532
30.09 Hz: 38 occurrences
34.59 Hz: 6 occurrences
18.63 Hz: 5 occurrences
42.37 Hz: 4 occurrences
29.27 Hz: 3 occurrences
Total Fraction of Detectors cut =  0.5678670360110804
Replacing Data for 361 Detectors
Reading in the file
Reading in network 6 from file:  /work/toltec/commissioning2025-test/2025-C1-COM-05/jgolec/MACS0717.5+3745/reduced_TODs/redu01/150744/raw/toltec_commissioning_science_150744_rtc_timestream.nc
ndet = 0  nsamp = 1
Sample rate =  122.0703125
Finished reading in the file
Reading in the file
Reading in network 7 from file:  /work/toltec/commissioning2025-test/2025-C1-COM-05/jgolec/MACS0717.5+3745/reduced_TODs/redu01/150744/raw/toltec_commissioning_science_150744_rtc_timestream.nc
ndet = 189  nsamp = 25039
Sample rate =  122.0703125
Finished reading in the file
##########################################
Gain Cut Fraction =  0.07936507936507936
Offset Cut Fraction =  0.1746031746031746
RMS Cut Fraction =  0.20105820105820105
Fraction of Detectors cut by CM cuts =  0.23809523809523808
##########################################
Running Spike Finder
Number of TODs with spike counts greater than 10.0 times the median =  14
Fraction of TODs =  0.07407407407407407
Spike Finder finished
Running Despiker
Time to despike =  0.3333699703216553
Fraction of Detectors cut in despiking =  0.20634920634920634
Fraction of Detectors with an incidence >10.0 seconds =  0.17989417989417988
Running jump detector
starting jump iter 1 of 1
have filtered data, now searching for jumps
Median number of jumps =  0.0
Fraction of Detectors Cut From Jumps =  0.0
Computing PSDs
Fitting PSDs
Fraction of Detectors cut in PSD analysis=  0.08994708994708994
Total Fraction of Detectors cut =  0.3439153439153439
Replacing Data for 189 Detectors
Reading in the file
Reading in network 8 from file:  /work/toltec/commissioning2025-test/2025-C1-COM-05/jgolec/MACS0717.5+3745/reduced_TODs/redu01/150744/raw/toltec_commissioning_science_150744_rtc_timestream.nc
ndet = 333  nsamp = 25039
Sample rate =  122.0703125
Finished reading in the file
##########################################
Gain Cut Fraction =  0.21921921921921922
Offset Cut Fraction =  0.21921921921921922
RMS Cut Fraction =  0.2222222222222222
Fraction of Detectors cut by CM cuts =  0.33933933933933935
##########################################
Running Spike Finder
Number of TODs with spike counts greater than 10.0 times the median =  27
Fraction of TODs =  0.08108108108108109
Spike Finder finished
Running Despiker
Time to despike =  0.3843872547149658
Fraction of Detectors cut in despiking =  0.22522522522522523
Fraction of Detectors with an incidence >10.0 seconds =  0.1981981981981982
Running jump detector
starting jump iter 1 of 1
have filtered data, now searching for jumps
Median number of jumps =  0.0
Fraction of Detectors Cut From Jumps =  0.015015015015015015
Computing PSDs
Fitting PSDs
Fraction of Detectors cut in PSD analysis=  0.057057057057057055
29.27 Hz: 348 occurrences
17.40 Hz: 65 occurrences
35.00 Hz: 11 occurrences
27.63 Hz: 9 occurrences
19.04 Hz: 6 occurrences
Total Fraction of Detectors cut =  0.4954954954954955
Replacing Data for 333 Detectors
Reading in the file
Reading in network 9 from file:  /work/toltec/commissioning2025-test/2025-C1-COM-05/jgolec/MACS0717.5+3745/reduced_TODs/redu01/150744/raw/toltec_commissioning_science_150744_rtc_timestream.nc
ndet = 233  nsamp = 25039
Sample rate =  122.0703125
Finished reading in the file
##########################################
Gain Cut Fraction =  0.09871244635193133
Offset Cut Fraction =  0.27896995708154504
RMS Cut Fraction =  0.27896995708154504
Fraction of Detectors cut by CM cuts =  0.296137339055794
##########################################
Running Spike Finder
Number of TODs with spike counts greater than 10.0 times the median =  28
Fraction of TODs =  0.12017167381974249
Spike Finder finished
Running Despiker
Time to despike =  0.35042357444763184
Fraction of Detectors cut in despiking =  0.18454935622317598
Fraction of Detectors with an incidence >10.0 seconds =  0.1759656652360515
Running jump detector
starting jump iter 1 of 1
have filtered data, now searching for jumps
Median number of jumps =  0.0
Fraction of Detectors Cut From Jumps =  0.004291845493562232
Computing PSDs
Fitting PSDs
Fraction of Detectors cut in PSD analysis=  0.060085836909871244
29.27 Hz: 100 occurrences
0.61 Hz: 2 occurrences
23.54 Hz: 1 occurrences
Total Fraction of Detectors cut =  0.3605150214592275
Replacing Data for 233 Detectors
Reading in the file
Reading in network 11 from file:  /work/toltec/commissioning2025-test/2025-C1-COM-05/jgolec/MACS0717.5+3745/reduced_TODs/redu01/150744/raw/toltec_commissioning_science_150744_rtc_timestream.nc
ndet = 352  nsamp = 25039
Sample rate =  122.0703125
Finished reading in the file
##########################################
Gain Cut Fraction =  0.21875
Offset Cut Fraction =  0.23011363636363635
RMS Cut Fraction =  0.22443181818181818
Fraction of Detectors cut by CM cuts =  0.35511363636363635
##########################################
Running Spike Finder
Number of TODs with spike counts greater than 10.0 times the median =  103
Fraction of TODs =  0.29261363636363635
Spike Finder finished
Running Despiker
Time to despike =  0.981539249420166
Fraction of Detectors cut in despiking =  0.30113636363636365
Fraction of Detectors with an incidence >10.0 seconds =  0.23579545454545456
Running jump detector
starting jump iter 1 of 1
have filtered data, now searching for jumps
Median number of jumps =  0.0
Fraction of Detectors Cut From Jumps =  0.056818181818181816
Computing PSDs
Fitting PSDs
Fraction of Detectors cut in PSD analysis=  0.05113636363636364
57.52 Hz: 9 occurrences
29.27 Hz: 3 occurrences
37.46 Hz: 2 occurrences
Total Fraction of Detectors cut =  0.45454545454545453
Replacing Data for 352 Detectors
Reading in the file
Reading in network 12 from file:  /work/toltec/commissioning2025-test/2025-C1-COM-05/jgolec/MACS0717.5+3745/reduced_TODs/redu01/150744/raw/toltec_commissioning_science_150744_rtc_timestream.nc
ndet = 377  nsamp = 25039
Sample rate =  122.0703125
Finished reading in the file
##########################################
Gain Cut Fraction =  0.14854111405835543
Offset Cut Fraction =  0.22811671087533156
RMS Cut Fraction =  0.19363395225464192
Fraction of Detectors cut by CM cuts =  0.32360742705570295
##########################################
Running Spike Finder
Number of TODs with spike counts greater than 10.0 times the median =  150
Fraction of TODs =  0.3978779840848806
Spike Finder finished
Running Despiker
Time to despike =  0.7230930328369141
Fraction of Detectors cut in despiking =  0.23607427055702918
Fraction of Detectors with an incidence >10.0 seconds =  0.20424403183023873
Running jump detector
starting jump iter 1 of 1
have filtered data, now searching for jumps
Median number of jumps =  0.0
Fraction of Detectors Cut From Jumps =  0.023872679045092837
Computing PSDs
Fitting PSDs
Fraction of Detectors cut in PSD analysis=  0.042440318302387266
57.52 Hz: 74 occurrences
35.00 Hz: 7 occurrences
29.68 Hz: 3 occurrences
37.46 Hz: 2 occurrences
Total Fraction of Detectors cut =  0.5172413793103449
Replacing Data for 377 Detectors
Reading in the file
Reading in network 0 from file:  /work/toltec/commissioning2025-test/2025-C1-COM-05/jgolec/MACS0717.5+3745/reduced_TODs/redu01/150761/raw/toltec_commissioning_science_150761_rtc_timestream.nc
ndet = 472  nsamp = 25039
Sample rate =  122.0703125
Finished reading in the file
##########################################
Gain Cut Fraction =  0.04025423728813559
Offset Cut Fraction =  0.2309322033898305
RMS Cut Fraction =  0.2457627118644068
Fraction of Detectors cut by CM cuts =  0.2669491525423729
##########################################
Running Spike Finder
Number of TODs with spike counts greater than 10.0 times the median =  101
Fraction of TODs =  0.21398305084745764
Spike Finder finished
Running Despiker
Time to despike =  0.26012587547302246
Fraction of Detectors cut in despiking =  0.0614406779661017
Fraction of Detectors with an incidence >10.0 seconds =  0.05296610169491525
Running jump detector
starting jump iter 1 of 1
have filtered data, now searching for jumps
Median number of jumps =  0.0
Fraction of Detectors Cut From Jumps =  0.00211864406779661
Computing PSDs
Fitting PSDs
Fraction of Detectors cut in PSD analysis=  0.0614406779661017
58.75 Hz: 274 occurrences
29.27 Hz: 164 occurrences
30.09 Hz: 76 occurrences
42.37 Hz: 22 occurrences
23.13 Hz: 7 occurrences
Total Fraction of Detectors cut =  0.3792372881355932
Replacing Data for 472 Detectors
Reading in the file
Reading in network 1 from file:  /work/toltec/commissioning2025-test/2025-C1-COM-05/jgolec/MACS0717.5+3745/reduced_TODs/redu01/150761/raw/toltec_commissioning_science_150761_rtc_timestream.nc
ndet = 354  nsamp = 25039
Sample rate =  122.0703125
Finished reading in the file
##########################################
Gain Cut Fraction =  0.025423728813559324
Offset Cut Fraction =  0.12429378531073447
RMS Cut Fraction =  0.2175141242937853
Fraction of Detectors cut by CM cuts =  0.22598870056497175
##########################################
Running Spike Finder
Number of TODs with spike counts greater than 10.0 times the median =  44
Fraction of TODs =  0.12429378531073447
Spike Finder finished
Running Despiker
Time to despike =  0.13709449768066406
Fraction of Detectors cut in despiking =  0.01977401129943503
Fraction of Detectors with an incidence >10.0 seconds =  0.01977401129943503
Running jump detector
starting jump iter 1 of 1
have filtered data, now searching for jumps
Median number of jumps =  0.0
Fraction of Detectors Cut From Jumps =  0.0
Computing PSDs
Fitting PSDs
Fraction of Detectors cut in PSD analysis=  0.03672316384180791
58.34 Hz: 319 occurrences
30.09 Hz: 25 occurrences
22.31 Hz: 10 occurrences
52.61 Hz: 4 occurrences
46.88 Hz: 2 occurrences
Total Fraction of Detectors cut =  0.3220338983050847
Replacing Data for 354 Detectors
Reading in the file
Reading in network 2 from file:  /work/toltec/commissioning2025-test/2025-C1-COM-05/jgolec/MACS0717.5+3745/reduced_TODs/redu01/150761/raw/toltec_commissioning_science_150761_rtc_timestream.nc
ndet = 409  nsamp = 25039
Sample rate =  122.0703125
Finished reading in the file
##########################################
Gain Cut Fraction =  0.05134474327628362
Offset Cut Fraction =  0.17603911980440098
RMS Cut Fraction =  0.19559902200489
Fraction of Detectors cut by CM cuts =  0.21515892420537897
##########################################
Running Spike Finder
Number of TODs with spike counts greater than 10.0 times the median =  155
Fraction of TODs =  0.37897310513447435
Spike Finder finished
Running Despiker
Time to despike =  0.5980691909790039
Fraction of Detectors cut in despiking =  0.10268948655256724
Fraction of Detectors with an incidence >10.0 seconds =  0.039119804400977995
Running jump detector
starting jump iter 1 of 1
have filtered data, now searching for jumps
Median number of jumps =  0.0
Fraction of Detectors Cut From Jumps =  0.004889975550122249
Computing PSDs
Fitting PSDs
Fraction of Detectors cut in PSD analysis=  0.044009779951100246
30.09 Hz: 42 occurrences
29.27 Hz: 35 occurrences
9.21 Hz: 3 occurrences
Total Fraction of Detectors cut =  0.5501222493887531
Replacing Data for 409 Detectors
Reading in the file
Reading in network 3 from file:  /work/toltec/commissioning2025-test/2025-C1-COM-05/jgolec/MACS0717.5+3745/reduced_TODs/redu01/150761/raw/toltec_commissioning_science_150761_rtc_timestream.nc
ndet = 375  nsamp = 25039
Sample rate =  122.0703125
Finished reading in the file
##########################################
Gain Cut Fraction =  0.07466666666666667
Offset Cut Fraction =  0.19733333333333333
RMS Cut Fraction =  0.19733333333333333
Fraction of Detectors cut by CM cuts =  0.25066666666666665
##########################################
Running Spike Finder
Number of TODs with spike counts greater than 10.0 times the median =  53
Fraction of TODs =  0.14133333333333334
Spike Finder finished
Running Despiker
Time to despike =  1.4040498733520508
Fraction of Detectors cut in despiking =  0.31466666666666665
Fraction of Detectors with an incidence >10.0 seconds =  0.224
Running jump detector
starting jump iter 1 of 1
have filtered data, now searching for jumps
Median number of jumps =  0.0
Fraction of Detectors Cut From Jumps =  0.0
Computing PSDs
Fitting PSDs
Fraction of Detectors cut in PSD analysis=  0.048
30.09 Hz: 99 occurrences
29.27 Hz: 79 occurrences
11.26 Hz: 6 occurrences
1.02 Hz: 3 occurrences
22.31 Hz: 2 occurrences
Total Fraction of Detectors cut =  0.45866666666666667
Replacing Data for 375 Detectors
Reading in the file
Reading in network 4 from file:  /work/toltec/commissioning2025-test/2025-C1-COM-05/jgolec/MACS0717.5+3745/reduced_TODs/redu01/150761/raw/toltec_commissioning_science_150761_rtc_timestream.nc
ndet = 359  nsamp = 25039
Sample rate =  122.0703125
Finished reading in the file
##########################################
Gain Cut Fraction =  0.052924791086350974
Offset Cut Fraction =  0.18662952646239556
RMS Cut Fraction =  0.20891364902506965
Fraction of Detectors cut by CM cuts =  0.24512534818941503
##########################################
Running Spike Finder
Number of TODs with spike counts greater than 10.0 times the median =  72
Fraction of TODs =  0.20055710306406685
Spike Finder finished
Running Despiker
Time to despike =  0.7234086990356445
Fraction of Detectors cut in despiking =  0.15877437325905291
Fraction of Detectors with an incidence >10.0 seconds =  0.09192200557103064
Running jump detector
starting jump iter 1 of 1
have filtered data, now searching for jumps
Median number of jumps =  0.0
Fraction of Detectors Cut From Jumps =  0.0
Computing PSDs
Fitting PSDs
Fraction of Detectors cut in PSD analysis=  0.04735376044568245
30.09 Hz: 81 occurrences
29.27 Hz: 39 occurrences
50.56 Hz: 9 occurrences
23.54 Hz: 6 occurrences
11.26 Hz: 3 occurrences
Total Fraction of Detectors cut =  0.3871866295264624
Replacing Data for 359 Detectors
Reading in the file
Reading in network 5 from file:  /work/toltec/commissioning2025-test/2025-C1-COM-05/jgolec/MACS0717.5+3745/reduced_TODs/redu01/150761/raw/toltec_commissioning_science_150761_rtc_timestream.nc
ndet = 354  nsamp = 25039
Sample rate =  122.0703125
Finished reading in the file
##########################################
Gain Cut Fraction =  0.059322033898305086
Offset Cut Fraction =  0.23728813559322035
RMS Cut Fraction =  0.2401129943502825
Fraction of Detectors cut by CM cuts =  0.268361581920904
##########################################
Running Spike Finder
Number of TODs with spike counts greater than 10.0 times the median =  125
Fraction of TODs =  0.3531073446327684
Spike Finder finished
Running Despiker
Time to despike =  0.2344982624053955
Fraction of Detectors cut in despiking =  0.0480225988700565
Fraction of Detectors with an incidence >10.0 seconds =  0.031073446327683617
Running jump detector
starting jump iter 1 of 1
have filtered data, now searching for jumps
Median number of jumps =  0.0
Fraction of Detectors Cut From Jumps =  0.0
Computing PSDs
Fitting PSDs
Fraction of Detectors cut in PSD analysis=  0.07344632768361582
30.09 Hz: 160 occurrences
34.59 Hz: 17 occurrences
11.26 Hz: 15 occurrences
18.63 Hz: 14 occurrences
51.38 Hz: 10 occurrences
Total Fraction of Detectors cut =  0.5028248587570622
Replacing Data for 354 Detectors
Reading in the file
Reading in network 6 from file:  /work/toltec/commissioning2025-test/2025-C1-COM-05/jgolec/MACS0717.5+3745/reduced_TODs/redu01/150761/raw/toltec_commissioning_science_150761_rtc_timestream.nc
ndet = 0  nsamp = 1
Sample rate =  122.0703125
Finished reading in the file
Reading in the file
Reading in network 7 from file:  /work/toltec/commissioning2025-test/2025-C1-COM-05/jgolec/MACS0717.5+3745/reduced_TODs/redu01/150761/raw/toltec_commissioning_science_150761_rtc_timestream.nc
ndet = 189  nsamp = 25039
Sample rate =  122.0703125
Finished reading in the file
##########################################
Gain Cut Fraction =  0.07407407407407407
Offset Cut Fraction =  0.23809523809523808
RMS Cut Fraction =  0.25925925925925924
Fraction of Detectors cut by CM cuts =  0.2804232804232804
##########################################
Running Spike Finder
Number of TODs with spike counts greater than 10.0 times the median =  93
Fraction of TODs =  0.49206349206349204
Spike Finder finished
Running Despiker
Time to despike =  0.17079496383666992
Fraction of Detectors cut in despiking =  0.037037037037037035
Fraction of Detectors with an incidence >10.0 seconds =  0.031746031746031744
Running jump detector
starting jump iter 1 of 1
have filtered data, now searching for jumps
Median number of jumps =  0.0
Fraction of Detectors Cut From Jumps =  0.005291005291005291
Computing PSDs
Fitting PSDs
Fraction of Detectors cut in PSD analysis=  0.047619047619047616
29.27 Hz: 65 occurrences
10.03 Hz: 17 occurrences
19.04 Hz: 9 occurrences
12.08 Hz: 4 occurrences
Total Fraction of Detectors cut =  0.6349206349206349
Replacing Data for 189 Detectors
Reading in the file
Reading in network 8 from file:  /work/toltec/commissioning2025-test/2025-C1-COM-05/jgolec/MACS0717.5+3745/reduced_TODs/redu01/150761/raw/toltec_commissioning_science_150761_rtc_timestream.nc
ndet = 305  nsamp = 25039
Sample rate =  122.0703125
Finished reading in the file
##########################################
Gain Cut Fraction =  0.07868852459016394
Offset Cut Fraction =  0.25901639344262295
RMS Cut Fraction =  0.2098360655737705
Fraction of Detectors cut by CM cuts =  0.30491803278688523
##########################################
Running Spike Finder
Number of TODs with spike counts greater than 10.0 times the median =  57
Fraction of TODs =  0.18688524590163935
Spike Finder finished
Running Despiker
Time to despike =  0.17661070823669434
Fraction of Detectors cut in despiking =  0.022950819672131147
Fraction of Detectors with an incidence >10.0 seconds =  0.01639344262295082
Running jump detector
starting jump iter 1 of 1
have filtered data, now searching for jumps
Median number of jumps =  0.0
Fraction of Detectors Cut From Jumps =  0.006557377049180328
Computing PSDs
Fitting PSDs
Fraction of Detectors cut in PSD analysis=  0.1180327868852459
29.27 Hz: 811 occurrences
18.22 Hz: 24 occurrences
17.40 Hz: 21 occurrences
19.45 Hz: 11 occurrences
58.34 Hz: 6 occurrences
Total Fraction of Detectors cut =  0.47540983606557374
Replacing Data for 305 Detectors
Reading in the file
Reading in network 9 from file:  /work/toltec/commissioning2025-test/2025-C1-COM-05/jgolec/MACS0717.5+3745/reduced_TODs/redu01/150761/raw/toltec_commissioning_science_150761_rtc_timestream.nc
ndet = 229  nsamp = 25039
Sample rate =  122.0703125
Finished reading in the file
##########################################
Gain Cut Fraction =  0.16593886462882096
Offset Cut Fraction =  0.1965065502183406
RMS Cut Fraction =  0.20087336244541484
Fraction of Detectors cut by CM cuts =  0.24017467248908297
##########################################
Running Spike Finder
Number of TODs with spike counts greater than 10.0 times the median =  66
Fraction of TODs =  0.28820960698689957
Spike Finder finished
Running Despiker
Time to despike =  0.5059535503387451
Fraction of Detectors cut in despiking =  0.24890829694323144
Fraction of Detectors with an incidence >10.0 seconds =  0.13100436681222707
Running jump detector
starting jump iter 1 of 1
have filtered data, now searching for jumps
Median number of jumps =  0.0
Fraction of Detectors Cut From Jumps =  0.0
Computing PSDs
Fitting PSDs
Fraction of Detectors cut in PSD analysis=  0.0611353711790393
29.27 Hz: 9 occurrences
54.65 Hz: 2 occurrences
56.29 Hz: 1 occurrences
Total Fraction of Detectors cut =  0.48034934497816595
Replacing Data for 229 Detectors
Reading in the file
Reading in network 11 from file:  /work/toltec/commissioning2025-test/2025-C1-COM-05/jgolec/MACS0717.5+3745/reduced_TODs/redu01/150761/raw/toltec_commissioning_science_150761_rtc_timestream.nc
ndet = 353  nsamp = 25039
Sample rate =  122.0703125
Finished reading in the file
##########################################
Gain Cut Fraction =  0.21529745042492918
Offset Cut Fraction =  0.2747875354107649
RMS Cut Fraction =  0.24645892351274787
Fraction of Detectors cut by CM cuts =  0.38526912181303113
##########################################
Running Spike Finder
Number of TODs with spike counts greater than 10.0 times the median =  91
Fraction of TODs =  0.2577903682719547
Spike Finder finished
Running Despiker
Time to despike =  0.669468879699707
Fraction of Detectors cut in despiking =  0.17563739376770537
Fraction of Detectors with an incidence >10.0 seconds =  0.1529745042492918
Running jump detector
starting jump iter 1 of 1
have filtered data, now searching for jumps
Median number of jumps =  0.0
Fraction of Detectors Cut From Jumps =  0.09631728045325778
Computing PSDs
Fitting PSDs
Fraction of Detectors cut in PSD analysis=  0.0679886685552408
57.52 Hz: 203 occurrences
14.12 Hz: 5 occurrences
29.27 Hz: 1 occurrences
Total Fraction of Detectors cut =  0.45042492917847027
Replacing Data for 353 Detectors
Reading in the file
Reading in network 12 from file:  /work/toltec/commissioning2025-test/2025-C1-COM-05/jgolec/MACS0717.5+3745/reduced_TODs/redu01/150761/raw/toltec_commissioning_science_150761_rtc_timestream.nc
ndet = 378  nsamp = 25039
Sample rate =  122.0703125
Finished reading in the file
##########################################
Gain Cut Fraction =  0.1693121693121693
Offset Cut Fraction =  0.18518518518518517
RMS Cut Fraction =  0.15608465608465608
Fraction of Detectors cut by CM cuts =  0.2751322751322751
##########################################
Running Spike Finder
Number of TODs with spike counts greater than 10.0 times the median =  105
Fraction of TODs =  0.2777777777777778
Spike Finder finished
Running Despiker
Time to despike =  0.3887779712677002
Fraction of Detectors cut in despiking =  0.12169312169312169
Fraction of Detectors with an incidence >10.0 seconds =  0.10052910052910052
Running jump detector
starting jump iter 1 of 1
have filtered data, now searching for jumps
Median number of jumps =  0.0
Fraction of Detectors Cut From Jumps =  0.14285714285714285
Computing PSDs
Fitting PSDs
Fraction of Detectors cut in PSD analysis=  0.07142857142857142
57.52 Hz: 242 occurrences
21.49 Hz: 8 occurrences
32.55 Hz: 8 occurrences
8.80 Hz: 6 occurrences
35.00 Hz: 3 occurrences
Total Fraction of Detectors cut =  0.4656084656084656
Replacing Data for 378 Detectors
Reading in the file
Reading in network 0 from file:  /work/toltec/commissioning2025-test/2025-C1-COM-05/jgolec/MACS0717.5+3745/reduced_TODs/redu01/150852/raw/toltec_commissioning_science_150852_rtc_timestream.nc
ndet = 472  nsamp = 25039
Sample rate =  122.0703125
Finished reading in the file
##########################################
Gain Cut Fraction =  0.05508474576271186
Offset Cut Fraction =  0.21398305084745764
RMS Cut Fraction =  0.2266949152542373
Fraction of Detectors cut by CM cuts =  0.2605932203389831
##########################################
Running Spike Finder
Number of TODs with spike counts greater than 10.0 times the median =  215
Fraction of TODs =  0.4555084745762712
Spike Finder finished
Running Despiker
Time to despike =  0.5810117721557617
Fraction of Detectors cut in despiking =  0.11864406779661017
Fraction of Detectors with an incidence >10.0 seconds =  0.1059322033898305
Running jump detector
starting jump iter 1 of 1
have filtered data, now searching for jumps
Median number of jumps =  0.0
Fraction of Detectors Cut From Jumps =  0.029661016949152543
Computing PSDs
Fitting PSDs
Fraction of Detectors cut in PSD analysis=  0.09322033898305085
29.27 Hz: 221 occurrences
58.75 Hz: 62 occurrences
Total Fraction of Detectors cut =  0.5423728813559322
Replacing Data for 472 Detectors
Reading in the file
Reading in network 1 from file:  /work/toltec/commissioning2025-test/2025-C1-COM-05/jgolec/MACS0717.5+3745/reduced_TODs/redu01/150852/raw/toltec_commissioning_science_150852_rtc_timestream.nc
ndet = 368  nsamp = 25039
Sample rate =  122.0703125
Finished reading in the file
##########################################
Gain Cut Fraction =  0.02717391304347826
Offset Cut Fraction =  0.20108695652173914
RMS Cut Fraction =  0.21467391304347827
Fraction of Detectors cut by CM cuts =  0.22554347826086957
##########################################
Running Spike Finder
Number of TODs with spike counts greater than 10.0 times the median =  103
Fraction of TODs =  0.2798913043478261
Spike Finder finished
Running Despiker
Time to despike =  0.537571907043457
Fraction of Detectors cut in despiking =  0.03804347826086957
Fraction of Detectors with an incidence >10.0 seconds =  0.02717391304347826
Running jump detector
starting jump iter 1 of 1
have filtered data, now searching for jumps
Median number of jumps =  0.0
Fraction of Detectors Cut From Jumps =  0.0
Computing PSDs
Fitting PSDs
Fraction of Detectors cut in PSD analysis=  0.08152173913043478
58.34 Hz: 160 occurrences
Total Fraction of Detectors cut =  0.4782608695652174
Replacing Data for 368 Detectors
Reading in the file
Reading in network 2 from file:  /work/toltec/commissioning2025-test/2025-C1-COM-05/jgolec/MACS0717.5+3745/reduced_TODs/redu01/150852/raw/toltec_commissioning_science_150852_rtc_timestream.nc
ndet = 409  nsamp = 25039
Sample rate =  122.0703125
Finished reading in the file
##########################################
Gain Cut Fraction =  0.034229828850855744
Offset Cut Fraction =  0.2078239608801956
RMS Cut Fraction =  0.2200488997555012
Fraction of Detectors cut by CM cuts =  0.23227383863080683
##########################################
Running Spike Finder
Number of TODs with spike counts greater than 10.0 times the median =  155
Fraction of TODs =  0.37897310513447435
Spike Finder finished
Running Despiker
Time to despike =  0.4679837226867676
Fraction of Detectors cut in despiking =  0.044009779951100246
Fraction of Detectors with an incidence >10.0 seconds =  0.017114914425427872
Running jump detector
starting jump iter 1 of 1
have filtered data, now searching for jumps
Median number of jumps =  0.0
Fraction of Detectors Cut From Jumps =  0.0024449877750611247
Computing PSDs
Fitting PSDs
Fraction of Detectors cut in PSD analysis=  0.05378973105134474
9.21 Hz: 8 occurrences
23.54 Hz: 1 occurrences
Total Fraction of Detectors cut =  0.5403422982885085
Replacing Data for 409 Detectors
Reading in the file
Reading in network 3 from file:  /work/toltec/commissioning2025-test/2025-C1-COM-05/jgolec/MACS0717.5+3745/reduced_TODs/redu01/150852/raw/toltec_commissioning_science_150852_rtc_timestream.nc
ndet = 381  nsamp = 25039
Sample rate =  122.0703125
Finished reading in the file
##########################################
Gain Cut Fraction =  0.06299212598425197
Offset Cut Fraction =  0.25196850393700787
RMS Cut Fraction =  0.2650918635170604
Fraction of Detectors cut by CM cuts =  0.30446194225721784
##########################################
Running Spike Finder
Number of TODs with spike counts greater than 10.0 times the median =  67
Fraction of TODs =  0.17585301837270342
Spike Finder finished
Running Despiker
Time to despike =  0.9726898670196533
Fraction of Detectors cut in despiking =  0.2335958005249344
Fraction of Detectors with an incidence >10.0 seconds =  0.06561679790026247
Running jump detector
starting jump iter 1 of 1
have filtered data, now searching for jumps
Median number of jumps =  0.0
Fraction of Detectors Cut From Jumps =  0.010498687664041995
Computing PSDs
Fitting PSDs
Fraction of Detectors cut in PSD analysis=  0.08661417322834646
29.27 Hz: 6 occurrences
1.02 Hz: 1 occurrences
Total Fraction of Detectors cut =  0.48031496062992124
Replacing Data for 381 Detectors
Reading in the file
Reading in network 4 from file:  /work/toltec/commissioning2025-test/2025-C1-COM-05/jgolec/MACS0717.5+3745/reduced_TODs/redu01/150852/raw/toltec_commissioning_science_150852_rtc_timestream.nc
ndet = 360  nsamp = 25039
Sample rate =  122.0703125
Finished reading in the file
##########################################
Gain Cut Fraction =  0.08055555555555556
Offset Cut Fraction =  0.24166666666666667
RMS Cut Fraction =  0.26666666666666666
Fraction of Detectors cut by CM cuts =  0.33611111111111114
##########################################
Running Spike Finder
Number of TODs with spike counts greater than 10.0 times the median =  60
Fraction of TODs =  0.16666666666666666
Spike Finder finished
Running Despiker
Time to despike =  1.0130693912506104
Fraction of Detectors cut in despiking =  0.3194444444444444
Fraction of Detectors with an incidence >10.0 seconds =  0.20833333333333334
Running jump detector
starting jump iter 1 of 1
have filtered data, now searching for jumps
Median number of jumps =  0.0
Fraction of Detectors Cut From Jumps =  0.013888888888888888
Computing PSDs
Fitting PSDs
Fraction of Detectors cut in PSD analysis=  0.06666666666666667
29.27 Hz: 60 occurrences
9.21 Hz: 11 occurrences
30.09 Hz: 5 occurrences
46.88 Hz: 4 occurrences
34.59 Hz: 1 occurrences
Total Fraction of Detectors cut =  0.5277777777777778
Replacing Data for 360 Detectors
Reading in the file
Reading in network 5 from file:  /work/toltec/commissioning2025-test/2025-C1-COM-05/jgolec/MACS0717.5+3745/reduced_TODs/redu01/150852/raw/toltec_commissioning_science_150852_rtc_timestream.nc
ndet = 367  nsamp = 25039
Sample rate =  122.0703125
Finished reading in the file
##########################################
Gain Cut Fraction =  0.09264305177111716
Offset Cut Fraction =  0.23160762942779292
RMS Cut Fraction =  0.23978201634877383
Fraction of Detectors cut by CM cuts =  0.29155313351498635
##########################################
Running Spike Finder
Number of TODs with spike counts greater than 10.0 times the median =  57
Fraction of TODs =  0.1553133514986376
Spike Finder finished
Running Despiker
Time to despike =  0.689021110534668
Fraction of Detectors cut in despiking =  0.16893732970027248
Fraction of Detectors with an incidence >10.0 seconds =  0.09809264305177112
Running jump detector
starting jump iter 1 of 1
have filtered data, now searching for jumps
Median number of jumps =  0.0
Fraction of Detectors Cut From Jumps =  0.008174386920980926
Computing PSDs
Fitting PSDs
Fraction of Detectors cut in PSD analysis=  0.07901907356948229
29.27 Hz: 48 occurrences
34.59 Hz: 20 occurrences
18.63 Hz: 15 occurrences
30.09 Hz: 14 occurrences
33.78 Hz: 4 occurrences
Total Fraction of Detectors cut =  0.4359673024523161
Replacing Data for 367 Detectors
Reading in the file
Reading in network 6 from file:  /work/toltec/commissioning2025-test/2025-C1-COM-05/jgolec/MACS0717.5+3745/reduced_TODs/redu01/150852/raw/toltec_commissioning_science_150852_rtc_timestream.nc
ndet = 0  nsamp = 1
Sample rate =  122.0703125
Finished reading in the file
Reading in the file
Reading in network 7 from file:  /work/toltec/commissioning2025-test/2025-C1-COM-05/jgolec/MACS0717.5+3745/reduced_TODs/redu01/150852/raw/toltec_commissioning_science_150852_rtc_timestream.nc
ndet = 167  nsamp = 25039
Sample rate =  122.0703125
Finished reading in the file
##########################################
Gain Cut Fraction =  0.059880239520958084
Offset Cut Fraction =  0.2155688622754491
RMS Cut Fraction =  0.24550898203592814
Fraction of Detectors cut by CM cuts =  0.281437125748503
##########################################
Running Spike Finder
Number of TODs with spike counts greater than 10.0 times the median =  7
Fraction of TODs =  0.041916167664670656
Spike Finder finished
Running Despiker
Time to despike =  0.7371106147766113
Fraction of Detectors cut in despiking =  0.19760479041916168
Fraction of Detectors with an incidence >10.0 seconds =  0.17365269461077845
Running jump detector
starting jump iter 1 of 1
have filtered data, now searching for jumps
Median number of jumps =  0.0
Fraction of Detectors Cut From Jumps =  0.0
Computing PSDs
Fitting PSDs
Fraction of Detectors cut in PSD analysis=  0.0718562874251497
29.27 Hz: 84 occurrences
Total Fraction of Detectors cut =  0.4311377245508982
Replacing Data for 167 Detectors
Reading in the file
Reading in network 8 from file:  /work/toltec/commissioning2025-test/2025-C1-COM-05/jgolec/MACS0717.5+3745/reduced_TODs/redu01/150852/raw/toltec_commissioning_science_150852_rtc_timestream.nc
ndet = 318  nsamp = 25039
Sample rate =  122.0703125
Finished reading in the file
##########################################
Gain Cut Fraction =  0.13836477987421383
Offset Cut Fraction =  0.16352201257861634
RMS Cut Fraction =  0.1761006289308176
Fraction of Detectors cut by CM cuts =  0.279874213836478
##########################################
Running Spike Finder
Number of TODs with spike counts greater than 10.0 times the median =  129
Fraction of TODs =  0.4056603773584906
Spike Finder finished
Running Despiker
Time to despike =  0.22132349014282227
Fraction of Detectors cut in despiking =  0.006289308176100629
Fraction of Detectors with an incidence >10.0 seconds =  0.006289308176100629
Running jump detector
starting jump iter 1 of 1
have filtered data, now searching for jumps
Median number of jumps =  0.0
Fraction of Detectors Cut From Jumps =  0.012578616352201259
Computing PSDs
Fitting PSDs
Fraction of Detectors cut in PSD analysis=  0.0440251572327044
29.27 Hz: 357 occurrences
23.54 Hz: 2 occurrences
Total Fraction of Detectors cut =  0.5817610062893082
Replacing Data for 318 Detectors
Reading in the file
Reading in network 9 from file:  /work/toltec/commissioning2025-test/2025-C1-COM-05/jgolec/MACS0717.5+3745/reduced_TODs/redu01/150852/raw/toltec_commissioning_science_150852_rtc_timestream.nc
ndet = 208  nsamp = 25039
Sample rate =  122.0703125
Finished reading in the file
##########################################
Gain Cut Fraction =  0.15384615384615385
Offset Cut Fraction =  0.3125
RMS Cut Fraction =  0.27884615384615385
Fraction of Detectors cut by CM cuts =  0.36538461538461536
##########################################
Running Spike Finder
Number of TODs with spike counts greater than 10.0 times the median =  13
Fraction of TODs =  0.0625
Spike Finder finished
Running Despiker
Time to despike =  0.6208939552307129
Fraction of Detectors cut in despiking =  0.2644230769230769
Fraction of Detectors with an incidence >10.0 seconds =  0.1346153846153846
Running jump detector
starting jump iter 1 of 1
have filtered data, now searching for jumps
Median number of jumps =  0.0
Fraction of Detectors Cut From Jumps =  0.014423076923076924
Computing PSDs
Fitting PSDs
Fraction of Detectors cut in PSD analysis=  0.09134615384615384
29.27 Hz: 48 occurrences
Total Fraction of Detectors cut =  0.5336538461538461
Replacing Data for 208 Detectors
Reading in the file
Reading in network 11 from file:  /work/toltec/commissioning2025-test/2025-C1-COM-05/jgolec/MACS0717.5+3745/reduced_TODs/redu01/150852/raw/toltec_commissioning_science_150852_rtc_timestream.nc
ndet = 357  nsamp = 25039
Sample rate =  122.0703125
Finished reading in the file
##########################################
Gain Cut Fraction =  0.13445378151260504
Offset Cut Fraction =  0.2184873949579832
RMS Cut Fraction =  0.23529411764705882
Fraction of Detectors cut by CM cuts =  0.2549019607843137
##########################################
Running Spike Finder
Number of TODs with spike counts greater than 10.0 times the median =  46
Fraction of TODs =  0.12885154061624648
Spike Finder finished
Running Despiker
Time to despike =  1.5101301670074463
Fraction of Detectors cut in despiking =  0.27170868347338933
Fraction of Detectors with an incidence >10.0 seconds =  0.2801120448179272
Running jump detector
starting jump iter 1 of 1
have filtered data, now searching for jumps
Median number of jumps =  1.0
Fraction of Detectors Cut From Jumps =  0.24929971988795518
Computing PSDs
Fitting PSDs
Fraction of Detectors cut in PSD analysis=  0.08123249299719888
57.52 Hz: 29 occurrences
35.00 Hz: 4 occurrences
29.27 Hz: 3 occurrences
23.54 Hz: 3 occurrences
Total Fraction of Detectors cut =  0.4677871148459384
Replacing Data for 357 Detectors
Reading in the file
Reading in network 12 from file:  /work/toltec/commissioning2025-test/2025-C1-COM-05/jgolec/MACS0717.5+3745/reduced_TODs/redu01/150852/raw/toltec_commissioning_science_150852_rtc_timestream.nc
ndet = 368  nsamp = 25039
Sample rate =  122.0703125
Finished reading in the file
##########################################
Gain Cut Fraction =  0.19021739130434784
Offset Cut Fraction =  0.21467391304347827
RMS Cut Fraction =  0.1875
Fraction of Detectors cut by CM cuts =  0.28532608695652173
##########################################
Running Spike Finder
Number of TODs with spike counts greater than 10.0 times the median =  105
Fraction of TODs =  0.28532608695652173
Spike Finder finished
Running Despiker
Time to despike =  0.9678854942321777
Fraction of Detectors cut in despiking =  0.33152173913043476
Fraction of Detectors with an incidence >10.0 seconds =  0.25
Running jump detector
starting jump iter 1 of 1
have filtered data, now searching for jumps
Median number of jumps =  0.0
Fraction of Detectors Cut From Jumps =  0.15760869565217392
Computing PSDs
Fitting PSDs
Fraction of Detectors cut in PSD analysis=  0.10869565217391304
57.52 Hz: 24 occurrences
41.14 Hz: 9 occurrences
28.45 Hz: 3 occurrences
Total Fraction of Detectors cut =  0.5135869565217391
Replacing Data for 368 Detectors
Reading in the file
Reading in network 0 from file:  /work/toltec/commissioning2025-test/2025-C1-COM-05/jgolec/MACS0717.5+3745/reduced_TODs/redu01/150864/raw/toltec_commissioning_science_150864_rtc_timestream.nc
ndet = 474  nsamp = 25039
Sample rate =  122.0703125
Finished reading in the file
##########################################
Gain Cut Fraction =  0.05485232067510549
Offset Cut Fraction =  0.17721518987341772
RMS Cut Fraction =  0.19198312236286919
Fraction of Detectors cut by CM cuts =  0.23839662447257384
##########################################
Running Spike Finder
Number of TODs with spike counts greater than 10.0 times the median =  188
Fraction of TODs =  0.39662447257383965
Spike Finder finished
Running Despiker
Time to despike =  0.6416618824005127
Fraction of Detectors cut in despiking =  0.14767932489451477
Fraction of Detectors with an incidence >10.0 seconds =  0.12236286919831224
Running jump detector
starting jump iter 1 of 1
have filtered data, now searching for jumps
Median number of jumps =  0.0
Fraction of Detectors Cut From Jumps =  0.0
Computing PSDs
Fitting PSDs
Fraction of Detectors cut in PSD analysis=  0.04852320675105485
29.27 Hz: 173 occurrences
30.09 Hz: 120 occurrences
58.34 Hz: 103 occurrences
57.52 Hz: 23 occurrences
Total Fraction of Detectors cut =  0.47257383966244726
Replacing Data for 474 Detectors
Reading in the file
Reading in network 1 from file:  /work/toltec/commissioning2025-test/2025-C1-COM-05/jgolec/MACS0717.5+3745/reduced_TODs/redu01/150864/raw/toltec_commissioning_science_150864_rtc_timestream.nc
ndet = 363  nsamp = 25039
Sample rate =  122.0703125
Finished reading in the file
##########################################
Gain Cut Fraction =  0.02203856749311295
Offset Cut Fraction =  0.13774104683195593
RMS Cut Fraction =  0.17355371900826447
Fraction of Detectors cut by CM cuts =  0.18457300275482094
##########################################
Running Spike Finder
Number of TODs with spike counts greater than 10.0 times the median =  178
Fraction of TODs =  0.4903581267217631
Spike Finder finished
Running Despiker
Time to despike =  0.5465972423553467
Fraction of Detectors cut in despiking =  0.03305785123966942
Fraction of Detectors with an incidence >10.0 seconds =  0.011019283746556474
Running jump detector
starting jump iter 1 of 1
have filtered data, now searching for jumps
Median number of jumps =  0.0
Fraction of Detectors Cut From Jumps =  0.0
Computing PSDs
Fitting PSDs
Fraction of Detectors cut in PSD analysis=  0.08539944903581267
58.34 Hz: 269 occurrences
30.09 Hz: 59 occurrences
23.54 Hz: 44 occurrences
Total Fraction of Detectors cut =  0.5922865013774105
Replacing Data for 363 Detectors
Reading in the file
Reading in network 2 from file:  /work/toltec/commissioning2025-test/2025-C1-COM-05/jgolec/MACS0717.5+3745/reduced_TODs/redu01/150864/raw/toltec_commissioning_science_150864_rtc_timestream.nc
ndet = 413  nsamp = 25039
Sample rate =  122.0703125
Finished reading in the file
##########################################
Gain Cut Fraction =  0.043583535108958835
Offset Cut Fraction =  0.19612590799031476
RMS Cut Fraction =  0.2106537530266344
Fraction of Detectors cut by CM cuts =  0.2324455205811138
##########################################
Running Spike Finder
Number of TODs with spike counts greater than 10.0 times the median =  140
Fraction of TODs =  0.3389830508474576
Spike Finder finished
Running Despiker
Time to despike =  0.46195387840270996
Fraction of Detectors cut in despiking =  0.012106537530266344
Fraction of Detectors with an incidence >10.0 seconds =  0.002421307506053269
Running jump detector
starting jump iter 1 of 1
have filtered data, now searching for jumps
Median number of jumps =  0.0
Fraction of Detectors Cut From Jumps =  0.0
Computing PSDs
Fitting PSDs
Fraction of Detectors cut in PSD analysis=  0.029055690072639227
30.09 Hz: 35 occurrences
29.27 Hz: 3 occurrences
1.02 Hz: 3 occurrences
Total Fraction of Detectors cut =  0.5302663438256658
Replacing Data for 413 Detectors
Reading in the file
Reading in network 3 from file:  /work/toltec/commissioning2025-test/2025-C1-COM-05/jgolec/MACS0717.5+3745/reduced_TODs/redu01/150864/raw/toltec_commissioning_science_150864_rtc_timestream.nc
ndet = 382  nsamp = 25039
Sample rate =  122.0703125
Finished reading in the file
##########################################
Gain Cut Fraction =  0.08638743455497382
Offset Cut Fraction =  0.17015706806282724
RMS Cut Fraction =  0.1806282722513089
Fraction of Detectors cut by CM cuts =  0.24607329842931938
##########################################
Running Spike Finder
Number of TODs with spike counts greater than 10.0 times the median =  94
Fraction of TODs =  0.24607329842931938
Spike Finder finished
Running Despiker
Time to despike =  1.112048864364624
Fraction of Detectors cut in despiking =  0.15706806282722513
Fraction of Detectors with an incidence >10.0 seconds =  0.06806282722513089
Running jump detector
starting jump iter 1 of 1
have filtered data, now searching for jumps
Median number of jumps =  0.0
Fraction of Detectors Cut From Jumps =  0.0
Computing PSDs
Fitting PSDs
Fraction of Detectors cut in PSD analysis=  0.04450261780104712
29.27 Hz: 84 occurrences
58.75 Hz: 74 occurrences
30.09 Hz: 67 occurrences
32.14 Hz: 5 occurrences
46.88 Hz: 1 occurrences
Total Fraction of Detectors cut =  0.41361256544502617
Replacing Data for 382 Detectors
Reading in the file
Reading in network 4 from file:  /work/toltec/commissioning2025-test/2025-C1-COM-05/jgolec/MACS0717.5+3745/reduced_TODs/redu01/150864/raw/toltec_commissioning_science_150864_rtc_timestream.nc
ndet = 356  nsamp = 25039
Sample rate =  122.0703125
Finished reading in the file
##########################################
Gain Cut Fraction =  0.08707865168539326
Offset Cut Fraction =  0.13764044943820225
RMS Cut Fraction =  0.14325842696629212
Fraction of Detectors cut by CM cuts =  0.21910112359550563
##########################################
Running Spike Finder
Number of TODs with spike counts greater than 10.0 times the median =  99
Fraction of TODs =  0.27808988764044945
Spike Finder finished
Running Despiker
Time to despike =  0.9970986843109131
Fraction of Detectors cut in despiking =  0.12921348314606743
Fraction of Detectors with an incidence >10.0 seconds =  0.05056179775280899
Running jump detector
starting jump iter 1 of 1
have filtered data, now searching for jumps
Median number of jumps =  0.0
Fraction of Detectors Cut From Jumps =  0.0
Computing PSDs
Fitting PSDs
Fraction of Detectors cut in PSD analysis=  0.047752808988764044
30.09 Hz: 116 occurrences
1.02 Hz: 9 occurrences
15.76 Hz: 2 occurrences
Total Fraction of Detectors cut =  0.47752808988764045
Replacing Data for 356 Detectors
Reading in the file
Reading in network 5 from file:  /work/toltec/commissioning2025-test/2025-C1-COM-05/jgolec/MACS0717.5+3745/reduced_TODs/redu01/150864/raw/toltec_commissioning_science_150864_rtc_timestream.nc
ndet = 362  nsamp = 25039
Sample rate =  122.0703125
Finished reading in the file
##########################################
Gain Cut Fraction =  0.0718232044198895
Offset Cut Fraction =  0.2569060773480663
RMS Cut Fraction =  0.2541436464088398
Fraction of Detectors cut by CM cuts =  0.2955801104972376
##########################################
Running Spike Finder
Number of TODs with spike counts greater than 10.0 times the median =  94
Fraction of TODs =  0.2596685082872928
Spike Finder finished
Running Despiker
Time to despike =  0.775444746017456
Fraction of Detectors cut in despiking =  0.09116022099447514
Fraction of Detectors with an incidence >10.0 seconds =  0.06629834254143646
Running jump detector
starting jump iter 1 of 1
have filtered data, now searching for jumps
Median number of jumps =  0.0
Fraction of Detectors Cut From Jumps =  0.0027624309392265192
Computing PSDs
Fitting PSDs
Fraction of Detectors cut in PSD analysis=  0.055248618784530384
30.09 Hz: 135 occurrences
18.63 Hz: 20 occurrences
34.59 Hz: 5 occurrences
46.88 Hz: 4 occurrences
1.02 Hz: 2 occurrences
Total Fraction of Detectors cut =  0.45027624309392267
Replacing Data for 362 Detectors
Reading in the file
Reading in network 6 from file:  /work/toltec/commissioning2025-test/2025-C1-COM-05/jgolec/MACS0717.5+3745/reduced_TODs/redu01/150864/raw/toltec_commissioning_science_150864_rtc_timestream.nc
ndet = 0  nsamp = 1
Sample rate =  122.0703125
Finished reading in the file
Reading in the file
Reading in network 7 from file:  /work/toltec/commissioning2025-test/2025-C1-COM-05/jgolec/MACS0717.5+3745/reduced_TODs/redu01/150864/raw/toltec_commissioning_science_150864_rtc_timestream.nc
ndet = 169  nsamp = 25039
Sample rate =  122.0703125
Finished reading in the file
##########################################
Gain Cut Fraction =  0.0650887573964497
Offset Cut Fraction =  0.1834319526627219
RMS Cut Fraction =  0.22485207100591717
Fraction of Detectors cut by CM cuts =  0.27218934911242604
##########################################
Running Spike Finder
Number of TODs with spike counts greater than 10.0 times the median =  0
Fraction of TODs =  0.0
Spike Finder finished
Running Despiker
Time to despike =  0.7570900917053223
Fraction of Detectors cut in despiking =  0.14792899408284024
Fraction of Detectors with an incidence >10.0 seconds =  0.029585798816568046
Running jump detector
starting jump iter 1 of 1
have filtered data, now searching for jumps
Median number of jumps =  0.0
Fraction of Detectors Cut From Jumps =  0.0
Computing PSDs
Fitting PSDs
Fraction of Detectors cut in PSD analysis=  0.03550295857988166
Total Fraction of Detectors cut =  0.38461538461538464
Replacing Data for 169 Detectors
Reading in the file
Reading in network 8 from file:  /work/toltec/commissioning2025-test/2025-C1-COM-05/jgolec/MACS0717.5+3745/reduced_TODs/redu01/150864/raw/toltec_commissioning_science_150864_rtc_timestream.nc
ndet = 312  nsamp = 25039
Sample rate =  122.0703125
Finished reading in the file
##########################################
Gain Cut Fraction =  0.16025641025641027
Offset Cut Fraction =  0.15064102564102563
RMS Cut Fraction =  0.16666666666666666
Fraction of Detectors cut by CM cuts =  0.2948717948717949
##########################################
Running Spike Finder
Number of TODs with spike counts greater than 10.0 times the median =  79
Fraction of TODs =  0.2532051282051282
Spike Finder finished
Running Despiker
Time to despike =  0.19135642051696777
Fraction of Detectors cut in despiking =  0.003205128205128205
Fraction of Detectors with an incidence >10.0 seconds =  0.003205128205128205
Running jump detector
starting jump iter 1 of 1
have filtered data, now searching for jumps
Median number of jumps =  0.0
Fraction of Detectors Cut From Jumps =  0.0
Computing PSDs
Fitting PSDs
Fraction of Detectors cut in PSD analysis=  0.0641025641025641
29.27 Hz: 323 occurrences
58.34 Hz: 3 occurrences
Total Fraction of Detectors cut =  0.49038461538461536
Replacing Data for 312 Detectors
Reading in the file
Reading in network 9 from file:  /work/toltec/commissioning2025-test/2025-C1-COM-05/jgolec/MACS0717.5+3745/reduced_TODs/redu01/150864/raw/toltec_commissioning_science_150864_rtc_timestream.nc
ndet = 206  nsamp = 25039
Sample rate =  122.0703125
Finished reading in the file
##########################################
Gain Cut Fraction =  0.1650485436893204
Offset Cut Fraction =  0.2961165048543689
RMS Cut Fraction =  0.25728155339805825
Fraction of Detectors cut by CM cuts =  0.3640776699029126
##########################################
Running Spike Finder
Number of TODs with spike counts greater than 10.0 times the median =  7
Fraction of TODs =  0.03398058252427184
Spike Finder finished
Running Despiker
Time to despike =  0.7907042503356934
Fraction of Detectors cut in despiking =  0.2815533980582524
Fraction of Detectors with an incidence >10.0 seconds =  0.2815533980582524
Running jump detector
starting jump iter 1 of 1
have filtered data, now searching for jumps
Median number of jumps =  0.0
Fraction of Detectors Cut From Jumps =  0.0
Computing PSDs
Fitting PSDs
Fraction of Detectors cut in PSD analysis=  0.03398058252427184
29.27 Hz: 5 occurrences
Total Fraction of Detectors cut =  0.5
Replacing Data for 206 Detectors
Reading in the file
Reading in network 11 from file:  /work/toltec/commissioning2025-test/2025-C1-COM-05/jgolec/MACS0717.5+3745/reduced_TODs/redu01/150864/raw/toltec_commissioning_science_150864_rtc_timestream.nc
ndet = 353  nsamp = 25039
Sample rate =  122.0703125
Finished reading in the file
##########################################
Gain Cut Fraction =  0.21813031161473087
Offset Cut Fraction =  0.3031161473087819
RMS Cut Fraction =  0.3031161473087819
Fraction of Detectors cut by CM cuts =  0.38526912181303113
##########################################
Running Spike Finder
Number of TODs with spike counts greater than 10.0 times the median =  57
Fraction of TODs =  0.16147308781869688
Spike Finder finished
Running Despiker
Time to despike =  1.2285630702972412
Fraction of Detectors cut in despiking =  0.23512747875354106
Fraction of Detectors with an incidence >10.0 seconds =  0.1813031161473088
Running jump detector
starting jump iter 1 of 1
have filtered data, now searching for jumps
Median number of jumps =  0.0
Fraction of Detectors Cut From Jumps =  0.12464589235127478
Computing PSDs
Fitting PSDs
Fraction of Detectors cut in PSD analysis=  0.0764872521246459
29.27 Hz: 37 occurrences
57.52 Hz: 3 occurrences
Total Fraction of Detectors cut =  0.39943342776203966
Replacing Data for 353 Detectors
Reading in the file
Reading in network 12 from file:  /work/toltec/commissioning2025-test/2025-C1-COM-05/jgolec/MACS0717.5+3745/reduced_TODs/redu01/150864/raw/toltec_commissioning_science_150864_rtc_timestream.nc
ndet = 364  nsamp = 25039
Sample rate =  122.0703125
Finished reading in the file
##########################################
Gain Cut Fraction =  0.16758241758241757
Offset Cut Fraction =  0.2967032967032967
RMS Cut Fraction =  0.2967032967032967
Fraction of Detectors cut by CM cuts =  0.38186813186813184
##########################################
Running Spike Finder
Number of TODs with spike counts greater than 10.0 times the median =  99
Fraction of TODs =  0.27197802197802196
Spike Finder finished
Running Despiker
Time to despike =  1.032050371170044
Fraction of Detectors cut in despiking =  0.25
Fraction of Detectors with an incidence >10.0 seconds =  0.18681318681318682
Running jump detector
starting jump iter 1 of 1
have filtered data, now searching for jumps
Median number of jumps =  0.0
Fraction of Detectors Cut From Jumps =  0.08241758241758242
Computing PSDs
Fitting PSDs
Fraction of Detectors cut in PSD analysis=  0.06593406593406594
57.52 Hz: 2 occurrences
Total Fraction of Detectors cut =  0.45879120879120877
Replacing Data for 364 Detectors
Reading in the file
Reading in network 0 from file:  /work/toltec/commissioning2025-test/2025-C1-COM-05/jgolec/MACS0717.5+3745/reduced_TODs/redu01/151070/raw/toltec_commissioning_science_151070_rtc_timestream.nc
ndet = 490  nsamp = 25039
Sample rate =  122.0703125
Finished reading in the file
##########################################
Gain Cut Fraction =  0.06326530612244897
Offset Cut Fraction =  0.17346938775510204
RMS Cut Fraction =  0.18775510204081633
Fraction of Detectors cut by CM cuts =  0.24081632653061225
##########################################
Running Spike Finder
Number of TODs with spike counts greater than 10.0 times the median =  92
Fraction of TODs =  0.18775510204081633
Spike Finder finished
Running Despiker
Time to despike =  0.9819591045379639
Fraction of Detectors cut in despiking =  0.15510204081632653
Fraction of Detectors with an incidence >10.0 seconds =  0.10612244897959183
Running jump detector
starting jump iter 1 of 1
have filtered data, now searching for jumps
Median number of jumps =  0.0
Fraction of Detectors Cut From Jumps =  0.026530612244897958
Computing PSDs
Fitting PSDs
Fraction of Detectors cut in PSD analysis=  0.044897959183673466
29.27 Hz: 192 occurrences
58.75 Hz: 88 occurrences
0.61 Hz: 35 occurrences
30.09 Hz: 21 occurrences
Total Fraction of Detectors cut =  0.3346938775510204
Replacing Data for 490 Detectors
Reading in the file
Reading in network 1 from file:  /work/toltec/commissioning2025-test/2025-C1-COM-05/jgolec/MACS0717.5+3745/reduced_TODs/redu01/151070/raw/toltec_commissioning_science_151070_rtc_timestream.nc
ndet = 357  nsamp = 25039
Sample rate =  122.0703125
Finished reading in the file
##########################################
Gain Cut Fraction =  0.03361344537815126
Offset Cut Fraction =  0.2184873949579832
RMS Cut Fraction =  0.22969187675070027
Fraction of Detectors cut by CM cuts =  0.24929971988795518
##########################################
Running Spike Finder
Number of TODs with spike counts greater than 10.0 times the median =  68
Fraction of TODs =  0.19047619047619047
Spike Finder finished
Running Despiker
Time to despike =  1.2954981327056885
Fraction of Detectors cut in despiking =  0.35294117647058826
Fraction of Detectors with an incidence >10.0 seconds =  0.11204481792717087
Running jump detector
starting jump iter 1 of 1
have filtered data, now searching for jumps
Median number of jumps =  0.0
Fraction of Detectors Cut From Jumps =  0.03361344537815126
Computing PSDs
Fitting PSDs
Fraction of Detectors cut in PSD analysis=  0.04201680672268908
58.75 Hz: 224 occurrences
30.09 Hz: 5 occurrences
0.61 Hz: 4 occurrences
4.30 Hz: 3 occurrences
Total Fraction of Detectors cut =  0.48179271708683474
Replacing Data for 357 Detectors
Reading in the file
Reading in network 2 from file:  /work/toltec/commissioning2025-test/2025-C1-COM-05/jgolec/MACS0717.5+3745/reduced_TODs/redu01/151070/raw/toltec_commissioning_science_151070_rtc_timestream.nc
ndet = 413  nsamp = 25039
Sample rate =  122.0703125
Finished reading in the file
##########################################
Gain Cut Fraction =  0.026634382566585957
Offset Cut Fraction =  0.20823244552058112
RMS Cut Fraction =  0.22518159806295399
Fraction of Detectors cut by CM cuts =  0.24455205811138014
##########################################
Running Spike Finder
Number of TODs with spike counts greater than 10.0 times the median =  29
Fraction of TODs =  0.07021791767554479
Spike Finder finished
Running Despiker
Time to despike =  1.6829118728637695
Fraction of Detectors cut in despiking =  0.3486682808716707
Fraction of Detectors with an incidence >10.0 seconds =  0.1089588377723971
Running jump detector
starting jump iter 1 of 1
have filtered data, now searching for jumps
Median number of jumps =  0.0
Fraction of Detectors Cut From Jumps =  0.05569007263922518
Computing PSDs
Fitting PSDs
Fraction of Detectors cut in PSD analysis=  0.08232445520581114
29.27 Hz: 168 occurrences
58.75 Hz: 50 occurrences
0.61 Hz: 4 occurrences
10.44 Hz: 1 occurrences
Total Fraction of Detectors cut =  0.5302663438256658
Replacing Data for 413 Detectors
Reading in the file
Reading in network 3 from file:  /work/toltec/commissioning2025-test/2025-C1-COM-05/jgolec/MACS0717.5+3745/reduced_TODs/redu01/151070/raw/toltec_commissioning_science_151070_rtc_timestream.nc
ndet = 384  nsamp = 25039
Sample rate =  122.0703125
Finished reading in the file
##########################################
Gain Cut Fraction =  0.046875
Offset Cut Fraction =  0.20572916666666666
RMS Cut Fraction =  0.2109375
Fraction of Detectors cut by CM cuts =  0.2421875
##########################################
Running Spike Finder
Number of TODs with spike counts greater than 10.0 times the median =  18
Fraction of TODs =  0.046875
Spike Finder finished
Running Despiker
Time to despike =  2.3971095085144043
Fraction of Detectors cut in despiking =  0.171875
Fraction of Detectors with an incidence >10.0 seconds =  0.2760416666666667
Running jump detector
starting jump iter 1 of 1
have filtered data, now searching for jumps
Median number of jumps =  0.0
Fraction of Detectors Cut From Jumps =  0.078125
Computing PSDs
Fitting PSDs
Fraction of Detectors cut in PSD analysis=  0.09375
0.61 Hz: 20 occurrences
30.09 Hz: 12 occurrences
Total Fraction of Detectors cut =  0.4427083333333333
Replacing Data for 384 Detectors
Reading in the file
Reading in network 4 from file:  /work/toltec/commissioning2025-test/2025-C1-COM-05/jgolec/MACS0717.5+3745/reduced_TODs/redu01/151070/raw/toltec_commissioning_science_151070_rtc_timestream.nc
ndet = 364  nsamp = 25039
Sample rate =  122.0703125
Finished reading in the file
##########################################
Gain Cut Fraction =  0.10714285714285714
Offset Cut Fraction =  0.25824175824175827
RMS Cut Fraction =  0.2774725274725275
Fraction of Detectors cut by CM cuts =  0.35714285714285715
##########################################
Running Spike Finder
Number of TODs with spike counts greater than 10.0 times the median =  25
Fraction of TODs =  0.06868131868131869
Spike Finder finished
Running Despiker
Time to despike =  1.9169692993164062
Fraction of Detectors cut in despiking =  0.2445054945054945
Fraction of Detectors with an incidence >10.0 seconds =  0.2087912087912088
Running jump detector
starting jump iter 1 of 1
have filtered data, now searching for jumps
Median number of jumps =  0.0
Fraction of Detectors Cut From Jumps =  0.06868131868131869
Computing PSDs
Fitting PSDs
Fraction of Detectors cut in PSD analysis=  0.07417582417582418
0.61 Hz: 61 occurrences
30.09 Hz: 41 occurrences
Total Fraction of Detectors cut =  0.5054945054945055
Replacing Data for 364 Detectors
Reading in the file
Reading in network 5 from file:  /work/toltec/commissioning2025-test/2025-C1-COM-05/jgolec/MACS0717.5+3745/reduced_TODs/redu01/151070/raw/toltec_commissioning_science_151070_rtc_timestream.nc
ndet = 361  nsamp = 25039
Sample rate =  122.0703125
Finished reading in the file
##########################################
Gain Cut Fraction =  0.05263157894736842
Offset Cut Fraction =  0.18282548476454294
RMS Cut Fraction =  0.18282548476454294
Fraction of Detectors cut by CM cuts =  0.2188365650969529
##########################################
Running Spike Finder
Number of TODs with spike counts greater than 10.0 times the median =  13
Fraction of TODs =  0.036011080332409975
Spike Finder finished
Running Despiker
Time to despike =  1.5167853832244873
Fraction of Detectors cut in despiking =  0.18005540166204986
Fraction of Detectors with an incidence >10.0 seconds =  0.11634349030470914
Running jump detector
starting jump iter 1 of 1
have filtered data, now searching for jumps
Median number of jumps =  0.0
Fraction of Detectors Cut From Jumps =  0.027700831024930747
Computing PSDs
Fitting PSDs
Fraction of Detectors cut in PSD analysis=  0.0664819944598338
30.09 Hz: 41 occurrences
0.61 Hz: 35 occurrences
15.76 Hz: 3 occurrences
30.91 Hz: 1 occurrences
10.44 Hz: 1 occurrences
Total Fraction of Detectors cut =  0.3407202216066482
Replacing Data for 361 Detectors
Reading in the file
Reading in network 6 from file:  /work/toltec/commissioning2025-test/2025-C1-COM-05/jgolec/MACS0717.5+3745/reduced_TODs/redu01/151070/raw/toltec_commissioning_science_151070_rtc_timestream.nc
ndet = 0  nsamp = 1
Sample rate =  122.0703125
Finished reading in the file
Reading in the file
Reading in network 7 from file:  /work/toltec/commissioning2025-test/2025-C1-COM-05/jgolec/MACS0717.5+3745/reduced_TODs/redu01/151070/raw/toltec_commissioning_science_151070_rtc_timestream.nc
ndet = 204  nsamp = 25039
Sample rate =  122.0703125
Finished reading in the file
##########################################
Gain Cut Fraction =  0.08333333333333333
Offset Cut Fraction =  0.15196078431372548
RMS Cut Fraction =  0.2107843137254902
Fraction of Detectors cut by CM cuts =  0.24509803921568626
##########################################
Running Spike Finder
Number of TODs with spike counts greater than 10.0 times the median =  6
Fraction of TODs =  0.029411764705882353
Spike Finder finished
Running Despiker
Time to despike =  1.6931884288787842
Fraction of Detectors cut in despiking =  0.029411764705882353
Fraction of Detectors with an incidence >10.0 seconds =  0.37745098039215685
Running jump detector
starting jump iter 1 of 1
have filtered data, now searching for jumps
Median number of jumps =  0.0
Fraction of Detectors Cut From Jumps =  0.12254901960784313
Computing PSDs
Fitting PSDs
Fraction of Detectors cut in PSD analysis=  0.049019607843137254
29.27 Hz: 3 occurrences
Total Fraction of Detectors cut =  0.553921568627451
Replacing Data for 204 Detectors
Reading in the file
Reading in network 8 from file:  /work/toltec/commissioning2025-test/2025-C1-COM-05/jgolec/MACS0717.5+3745/reduced_TODs/redu01/151070/raw/toltec_commissioning_science_151070_rtc_timestream.nc
ndet = 351  nsamp = 25039
Sample rate =  122.0703125
Finished reading in the file
##########################################
Gain Cut Fraction =  0.1225071225071225
Offset Cut Fraction =  0.18233618233618235
RMS Cut Fraction =  0.21367521367521367
Fraction of Detectors cut by CM cuts =  0.301994301994302
##########################################
Running Spike Finder
Number of TODs with spike counts greater than 10.0 times the median =  78
Fraction of TODs =  0.2222222222222222
Spike Finder finished
Running Despiker
Time to despike =  0.758094072341919
Fraction of Detectors cut in despiking =  0.08831908831908832
Fraction of Detectors with an incidence >10.0 seconds =  0.005698005698005698
Running jump detector
starting jump iter 1 of 1
have filtered data, now searching for jumps
Median number of jumps =  0.0
Fraction of Detectors Cut From Jumps =  0.19943019943019943
Computing PSDs
Fitting PSDs
Fraction of Detectors cut in PSD analysis=  0.05128205128205128
29.27 Hz: 709 occurrences
23.54 Hz: 3 occurrences
Total Fraction of Detectors cut =  0.5384615384615384
Replacing Data for 351 Detectors
Reading in the file
Reading in network 9 from file:  /work/toltec/commissioning2025-test/2025-C1-COM-05/jgolec/MACS0717.5+3745/reduced_TODs/redu01/151070/raw/toltec_commissioning_science_151070_rtc_timestream.nc
ndet = 273  nsamp = 25039
Sample rate =  122.0703125
Finished reading in the file
##########################################
Gain Cut Fraction =  0.10622710622710622
Offset Cut Fraction =  0.19413919413919414
RMS Cut Fraction =  0.19413919413919414
Fraction of Detectors cut by CM cuts =  0.26373626373626374
##########################################
Running Spike Finder
Number of TODs with spike counts greater than 10.0 times the median =  7
Fraction of TODs =  0.02564102564102564
Spike Finder finished
Running Despiker
Time to despike =  1.6841394901275635
Fraction of Detectors cut in despiking =  0.0989010989010989
Fraction of Detectors with an incidence >10.0 seconds =  0.17216117216117216
Running jump detector
starting jump iter 1 of 1
have filtered data, now searching for jumps
Median number of jumps =  0.0
Fraction of Detectors Cut From Jumps =  0.07692307692307693
Computing PSDs
Fitting PSDs
Fraction of Detectors cut in PSD analysis=  0.13186813186813187
29.27 Hz: 27 occurrences
Total Fraction of Detectors cut =  0.46153846153846156
Replacing Data for 273 Detectors
Reading in the file
Reading in network 11 from file:  /work/toltec/commissioning2025-test/2025-C1-COM-05/jgolec/MACS0717.5+3745/reduced_TODs/redu01/151070/raw/toltec_commissioning_science_151070_rtc_timestream.nc
ndet = 360  nsamp = 25039
Sample rate =  122.0703125
Finished reading in the file
##########################################
Gain Cut Fraction =  0.2222222222222222
Offset Cut Fraction =  0.2638888888888889
RMS Cut Fraction =  0.26666666666666666
Fraction of Detectors cut by CM cuts =  0.34444444444444444
##########################################
Running Spike Finder
Number of TODs with spike counts greater than 10.0 times the median =  45
Fraction of TODs =  0.125
Spike Finder finished
Running Despiker
Time to despike =  1.8033075332641602
Fraction of Detectors cut in despiking =  0.26666666666666666
Fraction of Detectors with an incidence >10.0 seconds =  0.24166666666666667
Running jump detector
starting jump iter 1 of 1
have filtered data, now searching for jumps
Median number of jumps =  0.0
Fraction of Detectors Cut From Jumps =  0.26666666666666666
Computing PSDs
Fitting PSDs
Fraction of Detectors cut in PSD analysis=  0.06111111111111111
57.52 Hz: 86 occurrences
Total Fraction of Detectors cut =  0.5
Replacing Data for 360 Detectors
Reading in the file
Reading in network 12 from file:  /work/toltec/commissioning2025-test/2025-C1-COM-05/jgolec/MACS0717.5+3745/reduced_TODs/redu01/151070/raw/toltec_commissioning_science_151070_rtc_timestream.nc
ndet = 375  nsamp = 25039
Sample rate =  122.0703125
Finished reading in the file
##########################################
Gain Cut Fraction =  0.07733333333333334
Offset Cut Fraction =  0.136
RMS Cut Fraction =  0.13066666666666665
Fraction of Detectors cut by CM cuts =  0.14933333333333335
##########################################
Running Spike Finder
Number of TODs with spike counts greater than 10.0 times the median =  78
Fraction of TODs =  0.208
Spike Finder finished
Running Despiker
Time to despike =  1.1035473346710205
Fraction of Detectors cut in despiking =  0.216
Fraction of Detectors with an incidence >10.0 seconds =  0.128
Running jump detector
starting jump iter 1 of 1
have filtered data, now searching for jumps
Median number of jumps =  0.0
Fraction of Detectors Cut From Jumps =  0.208
Computing PSDs
Fitting PSDs
Fraction of Detectors cut in PSD analysis=  0.08
57.52 Hz: 98 occurrences
35.00 Hz: 4 occurrences
41.96 Hz: 2 occurrences
Total Fraction of Detectors cut =  0.41333333333333333
Replacing Data for 375 Detectors
Reading in the file
Reading in network 0 from file:  /work/toltec/commissioning2025-test/2025-C1-COM-05/jgolec/MACS0717.5+3745/reduced_TODs/redu01/151073/raw/toltec_commissioning_science_151073_rtc_timestream.nc
ndet = 487  nsamp = 25039
Sample rate =  122.0703125
Finished reading in the file
##########################################
Gain Cut Fraction =  0.061601642710472276
Offset Cut Fraction =  0.17659137577002054
RMS Cut Fraction =  0.2053388090349076
Fraction of Detectors cut by CM cuts =  0.25051334702258726
##########################################
Running Spike Finder
Number of TODs with spike counts greater than 10.0 times the median =  95
Fraction of TODs =  0.19507186858316222
Spike Finder finished
Running Despiker
Time to despike =  0.9486367702484131
Fraction of Detectors cut in despiking =  0.15811088295687886
Fraction of Detectors with an incidence >10.0 seconds =  0.11498973305954825
Running jump detector
starting jump iter 1 of 1
have filtered data, now searching for jumps
Median number of jumps =  0.0
Fraction of Detectors Cut From Jumps =  0.006160164271047228
Computing PSDs
Fitting PSDs
Fraction of Detectors cut in PSD analysis=  0.061601642710472276
29.27 Hz: 43 occurrences
30.09 Hz: 40 occurrences
58.34 Hz: 27 occurrences
0.61 Hz: 21 occurrences
15.76 Hz: 1 occurrences
Total Fraction of Detectors cut =  0.3408624229979466
Replacing Data for 487 Detectors
Reading in the file
Reading in network 1 from file:  /work/toltec/commissioning2025-test/2025-C1-COM-05/jgolec/MACS0717.5+3745/reduced_TODs/redu01/151073/raw/toltec_commissioning_science_151073_rtc_timestream.nc
ndet = 361  nsamp = 25039
Sample rate =  122.0703125
Finished reading in the file
##########################################
Gain Cut Fraction =  0.027700831024930747
Offset Cut Fraction =  0.2077562326869806
RMS Cut Fraction =  0.22437673130193905
Fraction of Detectors cut by CM cuts =  0.24930747922437674
##########################################
Running Spike Finder
Number of TODs with spike counts greater than 10.0 times the median =  53
Fraction of TODs =  0.14681440443213298
Spike Finder finished
Running Despiker
Time to despike =  1.102553367614746
Fraction of Detectors cut in despiking =  0.32132963988919666
Fraction of Detectors with an incidence >10.0 seconds =  0.0886426592797784
Running jump detector
starting jump iter 1 of 1
have filtered data, now searching for jumps
Median number of jumps =  0.0
Fraction of Detectors Cut From Jumps =  0.00554016620498615
Computing PSDs
Fitting PSDs
Fraction of Detectors cut in PSD analysis=  0.0332409972299169
58.34 Hz: 115 occurrences
30.09 Hz: 10 occurrences
0.61 Hz: 2 occurrences
Total Fraction of Detectors cut =  0.45429362880886426
Replacing Data for 361 Detectors
Reading in the file
Reading in network 2 from file:  /work/toltec/commissioning2025-test/2025-C1-COM-05/jgolec/MACS0717.5+3745/reduced_TODs/redu01/151073/raw/toltec_commissioning_science_151073_rtc_timestream.nc
ndet = 417  nsamp = 25039
Sample rate =  122.0703125
Finished reading in the file
##########################################
Gain Cut Fraction =  0.03357314148681055
Offset Cut Fraction =  0.19904076738609114
RMS Cut Fraction =  0.2038369304556355
Fraction of Detectors cut by CM cuts =  0.2158273381294964
##########################################
Running Spike Finder
Number of TODs with spike counts greater than 10.0 times the median =  115
Fraction of TODs =  0.27577937649880097
Spike Finder finished
Running Despiker
Time to despike =  1.1397912502288818
Fraction of Detectors cut in despiking =  0.18944844124700239
Fraction of Detectors with an incidence >10.0 seconds =  0.02877697841726619
Running jump detector
starting jump iter 1 of 1
have filtered data, now searching for jumps
Median number of jumps =  0.0
Fraction of Detectors Cut From Jumps =  0.004796163069544364
Computing PSDs
Fitting PSDs
Fraction of Detectors cut in PSD analysis=  0.09592326139088729
30.09 Hz: 19 occurrences
1.02 Hz: 6 occurrences
29.27 Hz: 3 occurrences
Total Fraction of Detectors cut =  0.4940047961630695
Replacing Data for 417 Detectors
Reading in the file
Reading in network 3 from file:  /work/toltec/commissioning2025-test/2025-C1-COM-05/jgolec/MACS0717.5+3745/reduced_TODs/redu01/151073/raw/toltec_commissioning_science_151073_rtc_timestream.nc
ndet = 384  nsamp = 25039
Sample rate =  122.0703125
Finished reading in the file
##########################################
Gain Cut Fraction =  0.07552083333333333
Offset Cut Fraction =  0.13020833333333334
RMS Cut Fraction =  0.21614583333333334
Fraction of Detectors cut by CM cuts =  0.2552083333333333
##########################################
Running Spike Finder
Number of TODs with spike counts greater than 10.0 times the median =  7
Fraction of TODs =  0.018229166666666668
Spike Finder finished
Running Despiker
Time to despike =  1.7887911796569824
Fraction of Detectors cut in despiking =  0.3619791666666667
Fraction of Detectors with an incidence >10.0 seconds =  0.1328125
Running jump detector
starting jump iter 1 of 1
have filtered data, now searching for jumps
Median number of jumps =  0.0
Fraction of Detectors Cut From Jumps =  0.0026041666666666665
Computing PSDs
Fitting PSDs
Fraction of Detectors cut in PSD analysis=  0.046875
30.09 Hz: 57 occurrences
1.02 Hz: 7 occurrences
29.27 Hz: 3 occurrences
23.54 Hz: 1 occurrences
15.76 Hz: 1 occurrences
Total Fraction of Detectors cut =  0.5234375
Replacing Data for 384 Detectors
Reading in the file
Reading in network 4 from file:  /work/toltec/commissioning2025-test/2025-C1-COM-05/jgolec/MACS0717.5+3745/reduced_TODs/redu01/151073/raw/toltec_commissioning_science_151073_rtc_timestream.nc
ndet = 364  nsamp = 25039
Sample rate =  122.0703125
Finished reading in the file
##########################################
Gain Cut Fraction =  0.0989010989010989
Offset Cut Fraction =  0.2445054945054945
RMS Cut Fraction =  0.28846153846153844
Fraction of Detectors cut by CM cuts =  0.34615384615384615
##########################################
Running Spike Finder
Number of TODs with spike counts greater than 10.0 times the median =  31
Fraction of TODs =  0.08516483516483517
Spike Finder finished
Running Despiker
Time to despike =  1.5312328338623047
Fraction of Detectors cut in despiking =  0.28846153846153844
Fraction of Detectors with an incidence >10.0 seconds =  0.18956043956043955
Running jump detector
starting jump iter 1 of 1
have filtered data, now searching for jumps
Median number of jumps =  0.0
Fraction of Detectors Cut From Jumps =  0.019230769230769232
Computing PSDs
Fitting PSDs
Fraction of Detectors cut in PSD analysis=  0.06043956043956044
30.09 Hz: 54 occurrences
1.02 Hz: 42 occurrences
29.27 Hz: 10 occurrences
15.76 Hz: 5 occurrences
Total Fraction of Detectors cut =  0.5302197802197802
Replacing Data for 364 Detectors
Reading in the file
Reading in network 5 from file:  /work/toltec/commissioning2025-test/2025-C1-COM-05/jgolec/MACS0717.5+3745/reduced_TODs/redu01/151073/raw/toltec_commissioning_science_151073_rtc_timestream.nc
ndet = 362  nsamp = 25039
Sample rate =  122.0703125
Finished reading in the file
##########################################
Gain Cut Fraction =  0.06353591160220995
Offset Cut Fraction =  0.17955801104972377
RMS Cut Fraction =  0.20718232044198895
Fraction of Detectors cut by CM cuts =  0.24861878453038674
##########################################
Running Spike Finder
Number of TODs with spike counts greater than 10.0 times the median =  19
Fraction of TODs =  0.052486187845303865
Spike Finder finished
Running Despiker
Time to despike =  1.1853644847869873
Fraction of Detectors cut in despiking =  0.17679558011049723
Fraction of Detectors with an incidence >10.0 seconds =  0.058011049723756904
Running jump detector
starting jump iter 1 of 1
have filtered data, now searching for jumps
Median number of jumps =  0.0
Fraction of Detectors Cut From Jumps =  0.019337016574585635
Computing PSDs
Fitting PSDs
Fraction of Detectors cut in PSD analysis=  0.07734806629834254
30.09 Hz: 77 occurrences
1.02 Hz: 59 occurrences
15.76 Hz: 9 occurrences
10.03 Hz: 6 occurrences
18.63 Hz: 2 occurrences
Total Fraction of Detectors cut =  0.3701657458563536
Replacing Data for 362 Detectors
Reading in the file
Reading in network 6 from file:  /work/toltec/commissioning2025-test/2025-C1-COM-05/jgolec/MACS0717.5+3745/reduced_TODs/redu01/151073/raw/toltec_commissioning_science_151073_rtc_timestream.nc
ndet = 0  nsamp = 1
Sample rate =  122.0703125
Finished reading in the file
Reading in the file
Reading in network 7 from file:  /work/toltec/commissioning2025-test/2025-C1-COM-05/jgolec/MACS0717.5+3745/reduced_TODs/redu01/151073/raw/toltec_commissioning_science_151073_rtc_timestream.nc
ndet = 202  nsamp = 25039
Sample rate =  122.0703125
Finished reading in the file
##########################################
Gain Cut Fraction =  0.034653465346534656
Offset Cut Fraction =  0.15841584158415842
RMS Cut Fraction =  0.21287128712871287
Fraction of Detectors cut by CM cuts =  0.2376237623762376
##########################################
Running Spike Finder
Number of TODs with spike counts greater than 10.0 times the median =  7
Fraction of TODs =  0.034653465346534656
Spike Finder finished
Running Despiker
Time to despike =  1.2633147239685059
Fraction of Detectors cut in despiking =  0.054455445544554455
Fraction of Detectors with an incidence >10.0 seconds =  0.08415841584158416
Running jump detector
starting jump iter 1 of 1
have filtered data, now searching for jumps
Median number of jumps =  0.0
Fraction of Detectors Cut From Jumps =  0.0
Computing PSDs
Fitting PSDs
Fraction of Detectors cut in PSD analysis=  0.06435643564356436
29.27 Hz: 4 occurrences
Total Fraction of Detectors cut =  0.2722772277227723
Replacing Data for 202 Detectors
Reading in the file
Reading in network 8 from file:  /work/toltec/commissioning2025-test/2025-C1-COM-05/jgolec/MACS0717.5+3745/reduced_TODs/redu01/151073/raw/toltec_commissioning_science_151073_rtc_timestream.nc
ndet = 352  nsamp = 25039
Sample rate =  122.0703125
Finished reading in the file
##########################################
Gain Cut Fraction =  0.13636363636363635
Offset Cut Fraction =  0.14204545454545456
RMS Cut Fraction =  0.16477272727272727
Fraction of Detectors cut by CM cuts =  0.26704545454545453
##########################################
Running Spike Finder
Number of TODs with spike counts greater than 10.0 times the median =  161
Fraction of TODs =  0.45738636363636365
Spike Finder finished
Running Despiker
Time to despike =  0.5832760334014893
Fraction of Detectors cut in despiking =  0.022727272727272728
Fraction of Detectors with an incidence >10.0 seconds =  0.002840909090909091
Running jump detector
starting jump iter 1 of 1
have filtered data, now searching for jumps
Median number of jumps =  0.0
Fraction of Detectors Cut From Jumps =  0.036931818181818184
Computing PSDs
Fitting PSDs
Fraction of Detectors cut in PSD analysis=  0.036931818181818184
29.27 Hz: 589 occurrences
58.34 Hz: 6 occurrences
23.54 Hz: 4 occurrences
17.40 Hz: 3 occurrences
Total Fraction of Detectors cut =  0.6363636363636364
Replacing Data for 352 Detectors
Reading in the file
Reading in network 9 from file:  /work/toltec/commissioning2025-test/2025-C1-COM-05/jgolec/MACS0717.5+3745/reduced_TODs/redu01/151073/raw/toltec_commissioning_science_151073_rtc_timestream.nc
ndet = 268  nsamp = 25039
Sample rate =  122.0703125
Finished reading in the file
##########################################
Gain Cut Fraction =  0.07462686567164178
Offset Cut Fraction =  0.13805970149253732
RMS Cut Fraction =  0.1828358208955224
Fraction of Detectors cut by CM cuts =  0.2126865671641791
##########################################
Running Spike Finder
Number of TODs with spike counts greater than 10.0 times the median =  3
Fraction of TODs =  0.011194029850746268
Spike Finder finished
Running Despiker
Time to despike =  1.2810249328613281
Fraction of Detectors cut in despiking =  0.30970149253731344
Fraction of Detectors with an incidence >10.0 seconds =  0.08955223880597014
Running jump detector
starting jump iter 1 of 1
have filtered data, now searching for jumps
Median number of jumps =  0.0
Fraction of Detectors Cut From Jumps =  0.0037313432835820895
Computing PSDs
Fitting PSDs
Fraction of Detectors cut in PSD analysis=  0.05223880597014925
29.27 Hz: 30 occurrences
Total Fraction of Detectors cut =  0.4552238805970149
Replacing Data for 268 Detectors
Reading in the file
Reading in network 11 from file:  /work/toltec/commissioning2025-test/2025-C1-COM-05/jgolec/MACS0717.5+3745/reduced_TODs/redu01/151073/raw/toltec_commissioning_science_151073_rtc_timestream.nc
ndet = 361  nsamp = 25039
Sample rate =  122.0703125
Finished reading in the file
##########################################
Gain Cut Fraction =  0.11357340720221606
Offset Cut Fraction =  0.21329639889196675
RMS Cut Fraction =  0.21606648199445982
Fraction of Detectors cut by CM cuts =  0.2548476454293629
##########################################
Running Spike Finder
Number of TODs with spike counts greater than 10.0 times the median =  20
Fraction of TODs =  0.055401662049861494
Spike Finder finished
Running Despiker
Time to despike =  1.9696226119995117
Fraction of Detectors cut in despiking =  0.1994459833795014
Fraction of Detectors with an incidence >10.0 seconds =  0.2742382271468144
Running jump detector
starting jump iter 1 of 1
have filtered data, now searching for jumps
Median number of jumps =  0.0
Fraction of Detectors Cut From Jumps =  0.08033240997229917
Computing PSDs
Fitting PSDs
Fraction of Detectors cut in PSD analysis=  0.08587257617728532
57.52 Hz: 109 occurrences
Total Fraction of Detectors cut =  0.3462603878116344
Replacing Data for 361 Detectors
Reading in the file
Reading in network 12 from file:  /work/toltec/commissioning2025-test/2025-C1-COM-05/jgolec/MACS0717.5+3745/reduced_TODs/redu01/151073/raw/toltec_commissioning_science_151073_rtc_timestream.nc
ndet = 375  nsamp = 25039
Sample rate =  122.0703125
Finished reading in the file
##########################################
Gain Cut Fraction =  0.11466666666666667
Offset Cut Fraction =  0.14133333333333334
RMS Cut Fraction =  0.11466666666666667
Fraction of Detectors cut by CM cuts =  0.19733333333333333
##########################################
Running Spike Finder
Number of TODs with spike counts greater than 10.0 times the median =  177
Fraction of TODs =  0.472
Spike Finder finished
Running Despiker
Time to despike =  0.8217415809631348
Fraction of Detectors cut in despiking =  0.18133333333333335
Fraction of Detectors with an incidence >10.0 seconds =  0.11466666666666667
Running jump detector
starting jump iter 1 of 1
have filtered data, now searching for jumps
Median number of jumps =  0.0
Fraction of Detectors Cut From Jumps =  0.16266666666666665
Computing PSDs
Fitting PSDs
Fraction of Detectors cut in PSD analysis=  0.06933333333333333
57.52 Hz: 209 occurrences
41.14 Hz: 67 occurrences
14.53 Hz: 5 occurrences
35.00 Hz: 4 occurrences
Total Fraction of Detectors cut =  0.6106666666666667
Replacing Data for 375 Detectors
Reading in the file
Reading in network 0 from file:  /work/toltec/commissioning2025-test/2025-C1-COM-05/jgolec/MACS0717.5+3745/reduced_TODs/redu01/151080/raw/toltec_commissioning_science_151080_rtc_timestream.nc
ndet = 482  nsamp = 25039
Sample rate =  122.0703125
Finished reading in the file
##########################################
Gain Cut Fraction =  0.08298755186721991
Offset Cut Fraction =  0.23236514522821577
RMS Cut Fraction =  0.23236514522821577
Fraction of Detectors cut by CM cuts =  0.2883817427385892
##########################################
Running Spike Finder
Number of TODs with spike counts greater than 10.0 times the median =  202
Fraction of TODs =  0.4190871369294606
Spike Finder finished
Running Despiker
Time to despike =  0.48477625846862793
Fraction of Detectors cut in despiking =  0.13485477178423236
Fraction of Detectors with an incidence >10.0 seconds =  0.13070539419087138
Running jump detector
starting jump iter 1 of 1
have filtered data, now searching for jumps
Median number of jumps =  0.0
Fraction of Detectors Cut From Jumps =  0.08298755186721991
Computing PSDs
Fitting PSDs
Fraction of Detectors cut in PSD analysis=  0.09336099585062241
58.34 Hz: 101 occurrences
30.09 Hz: 32 occurrences
29.27 Hz: 30 occurrences
30.91 Hz: 8 occurrences
Total Fraction of Detectors cut =  0.553941908713693
Replacing Data for 482 Detectors
Reading in the file
Reading in network 1 from file:  /work/toltec/commissioning2025-test/2025-C1-COM-05/jgolec/MACS0717.5+3745/reduced_TODs/redu01/151080/raw/toltec_commissioning_science_151080_rtc_timestream.nc
ndet = 357  nsamp = 25039
Sample rate =  122.0703125
Finished reading in the file
##########################################
Gain Cut Fraction =  0.058823529411764705
Offset Cut Fraction =  0.20168067226890757
RMS Cut Fraction =  0.21288515406162464
Fraction of Detectors cut by CM cuts =  0.2549019607843137
##########################################
Running Spike Finder
Number of TODs with spike counts greater than 10.0 times the median =  164
Fraction of TODs =  0.45938375350140054
Spike Finder finished
Running Despiker
Time to despike =  0.40282368659973145
Fraction of Detectors cut in despiking =  0.047619047619047616
Fraction of Detectors with an incidence >10.0 seconds =  0.022408963585434174
Running jump detector
starting jump iter 1 of 1
have filtered data, now searching for jumps
Median number of jumps =  0.0
Fraction of Detectors Cut From Jumps =  0.1092436974789916
Computing PSDs
Fitting PSDs
Fraction of Detectors cut in PSD analysis=  0.06442577030812324
58.34 Hz: 173 occurrences
30.09 Hz: 17 occurrences
Total Fraction of Detectors cut =  0.6218487394957983
Replacing Data for 357 Detectors
Reading in the file
Reading in network 2 from file:  /work/toltec/commissioning2025-test/2025-C1-COM-05/jgolec/MACS0717.5+3745/reduced_TODs/redu01/151080/raw/toltec_commissioning_science_151080_rtc_timestream.nc
ndet = 415  nsamp = 25039
Sample rate =  122.0703125
Finished reading in the file
##########################################
Gain Cut Fraction =  0.05301204819277108
Offset Cut Fraction =  0.1855421686746988
RMS Cut Fraction =  0.1927710843373494
Fraction of Detectors cut by CM cuts =  0.2216867469879518
##########################################
Running Spike Finder
Number of TODs with spike counts greater than 10.0 times the median =  206
Fraction of TODs =  0.4963855421686747
Spike Finder finished
Running Despiker
Time to despike =  0.6093225479125977
Fraction of Detectors cut in despiking =  0.08674698795180723
Fraction of Detectors with an incidence >10.0 seconds =  0.03855421686746988
Running jump detector
starting jump iter 1 of 1
have filtered data, now searching for jumps
Median number of jumps =  0.0
Fraction of Detectors Cut From Jumps =  0.05542168674698795
Computing PSDs
Fitting PSDs
Fraction of Detectors cut in PSD analysis=  0.05301204819277108
29.27 Hz: 164 occurrences
58.34 Hz: 5 occurrences
Total Fraction of Detectors cut =  0.6072289156626506
Replacing Data for 415 Detectors
Reading in the file
Reading in network 3 from file:  /work/toltec/commissioning2025-test/2025-C1-COM-05/jgolec/MACS0717.5+3745/reduced_TODs/redu01/151080/raw/toltec_commissioning_science_151080_rtc_timestream.nc
ndet = 381  nsamp = 25039
Sample rate =  122.0703125
Finished reading in the file
##########################################
Gain Cut Fraction =  0.07349081364829396
Offset Cut Fraction =  0.2152230971128609
RMS Cut Fraction =  0.2178477690288714
Fraction of Detectors cut by CM cuts =  0.2755905511811024
##########################################
Running Spike Finder
Number of TODs with spike counts greater than 10.0 times the median =  36
Fraction of TODs =  0.09448818897637795
Spike Finder finished
Running Despiker
Time to despike =  1.1526689529418945
Fraction of Detectors cut in despiking =  0.33070866141732286
Fraction of Detectors with an incidence >10.0 seconds =  0.15223097112860892
Running jump detector
starting jump iter 1 of 1
have filtered data, now searching for jumps
Median number of jumps =  0.0
Fraction of Detectors Cut From Jumps =  0.026246719160104987
Computing PSDs
Fitting PSDs
Fraction of Detectors cut in PSD analysis=  0.07874015748031496
30.09 Hz: 64 occurrences
30.91 Hz: 19 occurrences
27.63 Hz: 7 occurrences
29.27 Hz: 4 occurrences
18.63 Hz: 1 occurrences
Total Fraction of Detectors cut =  0.48031496062992124
Replacing Data for 381 Detectors
Reading in the file
Reading in network 4 from file:  /work/toltec/commissioning2025-test/2025-C1-COM-05/jgolec/MACS0717.5+3745/reduced_TODs/redu01/151080/raw/toltec_commissioning_science_151080_rtc_timestream.nc
ndet = 363  nsamp = 25039
Sample rate =  122.0703125
Finished reading in the file
##########################################
Gain Cut Fraction =  0.09366391184573003
Offset Cut Fraction =  0.19834710743801653
RMS Cut Fraction =  0.20110192837465565
Fraction of Detectors cut by CM cuts =  0.2727272727272727
##########################################
Running Spike Finder
Number of TODs with spike counts greater than 10.0 times the median =  93
Fraction of TODs =  0.256198347107438
Spike Finder finished
Running Despiker
Time to despike =  0.7127854824066162
Fraction of Detectors cut in despiking =  0.14049586776859505
Fraction of Detectors with an incidence >10.0 seconds =  0.06336088154269973
Running jump detector
starting jump iter 1 of 1
have filtered data, now searching for jumps
Median number of jumps =  0.0
Fraction of Detectors Cut From Jumps =  0.10743801652892562
Computing PSDs
Fitting PSDs
Fraction of Detectors cut in PSD analysis=  0.07988980716253444
30.09 Hz: 61 occurrences
30.91 Hz: 24 occurrences
1.02 Hz: 1 occurrences
Total Fraction of Detectors cut =  0.5206611570247934
Replacing Data for 363 Detectors
Reading in the file
Reading in network 5 from file:  /work/toltec/commissioning2025-test/2025-C1-COM-05/jgolec/MACS0717.5+3745/reduced_TODs/redu01/151080/raw/toltec_commissioning_science_151080_rtc_timestream.nc
ndet = 358  nsamp = 25039
Sample rate =  122.0703125
Finished reading in the file
##########################################
Gain Cut Fraction =  0.055865921787709494
Offset Cut Fraction =  0.23743016759776536
RMS Cut Fraction =  0.2346368715083799
Fraction of Detectors cut by CM cuts =  0.2737430167597765
##########################################
Running Spike Finder
Number of TODs with spike counts greater than 10.0 times the median =  76
Fraction of TODs =  0.2122905027932961
Spike Finder finished
Running Despiker
Time to despike =  0.463029146194458
Fraction of Detectors cut in despiking =  0.0782122905027933
Fraction of Detectors with an incidence >10.0 seconds =  0.0446927374301676
Running jump detector
starting jump iter 1 of 1
have filtered data, now searching for jumps
Median number of jumps =  0.0
Fraction of Detectors Cut From Jumps =  0.055865921787709494
Computing PSDs
Fitting PSDs
Fraction of Detectors cut in PSD analysis=  0.08100558659217877
30.09 Hz: 78 occurrences
30.91 Hz: 25 occurrences
23.54 Hz: 3 occurrences
18.63 Hz: 3 occurrences
Total Fraction of Detectors cut =  0.39664804469273746
Replacing Data for 358 Detectors
Reading in the file
Reading in network 6 from file:  /work/toltec/commissioning2025-test/2025-C1-COM-05/jgolec/MACS0717.5+3745/reduced_TODs/redu01/151080/raw/toltec_commissioning_science_151080_rtc_timestream.nc
ndet = 0  nsamp = 1
Sample rate =  122.0703125
Finished reading in the file
Reading in the file
Reading in network 7 from file:  /work/toltec/commissioning2025-test/2025-C1-COM-05/jgolec/MACS0717.5+3745/reduced_TODs/redu01/151080/raw/toltec_commissioning_science_151080_rtc_timestream.nc
ndet = 203  nsamp = 25039
Sample rate =  122.0703125
Finished reading in the file
##########################################
Gain Cut Fraction =  0.04926108374384237
Offset Cut Fraction =  0.16748768472906403
RMS Cut Fraction =  0.1921182266009852
Fraction of Detectors cut by CM cuts =  0.2315270935960591
##########################################
Running Spike Finder
Number of TODs with spike counts greater than 10.0 times the median =  7
Fraction of TODs =  0.034482758620689655
Spike Finder finished
Running Despiker
Time to despike =  0.5835397243499756
Fraction of Detectors cut in despiking =  0.12807881773399016
Fraction of Detectors with an incidence >10.0 seconds =  0.04433497536945813
Running jump detector
starting jump iter 1 of 1
have filtered data, now searching for jumps
Median number of jumps =  0.0
Fraction of Detectors Cut From Jumps =  0.0
Computing PSDs
Fitting PSDs
Fraction of Detectors cut in PSD analysis=  0.059113300492610835
Total Fraction of Detectors cut =  0.31527093596059114
Replacing Data for 203 Detectors
Reading in the file
Reading in network 8 from file:  /work/toltec/commissioning2025-test/2025-C1-COM-05/jgolec/MACS0717.5+3745/reduced_TODs/redu01/151080/raw/toltec_commissioning_science_151080_rtc_timestream.nc
ndet = 351  nsamp = 25039
Sample rate =  122.0703125
Finished reading in the file
##########################################
Gain Cut Fraction =  0.14245014245014245
Offset Cut Fraction =  0.150997150997151
RMS Cut Fraction =  0.18803418803418803
Fraction of Detectors cut by CM cuts =  0.2934472934472934
##########################################
Running Spike Finder
Number of TODs with spike counts greater than 10.0 times the median =  105
Fraction of TODs =  0.29914529914529914
Spike Finder finished
Running Despiker
Time to despike =  0.22964262962341309
Fraction of Detectors cut in despiking =  0.008547008547008548
Fraction of Detectors with an incidence >10.0 seconds =  0.002849002849002849
Running jump detector
starting jump iter 1 of 1
have filtered data, now searching for jumps
Median number of jumps =  0.0
Fraction of Detectors Cut From Jumps =  0.014245014245014245
Computing PSDs
Fitting PSDs
Fraction of Detectors cut in PSD analysis=  0.05982905982905983
29.27 Hz: 351 occurrences
17.40 Hz: 41 occurrences
46.88 Hz: 4 occurrences
Total Fraction of Detectors cut =  0.5128205128205128
Replacing Data for 351 Detectors
Reading in the file
Reading in network 9 from file:  /work/toltec/commissioning2025-test/2025-C1-COM-05/jgolec/MACS0717.5+3745/reduced_TODs/redu01/151080/raw/toltec_commissioning_science_151080_rtc_timestream.nc
ndet = 269  nsamp = 25039
Sample rate =  122.0703125
Finished reading in the file
##########################################
Gain Cut Fraction =  0.08550185873605948
Offset Cut Fraction =  0.20817843866171004
RMS Cut Fraction =  0.21933085501858737
Fraction of Detectors cut by CM cuts =  0.26022304832713755
##########################################
Running Spike Finder
Number of TODs with spike counts greater than 10.0 times the median =  13
Fraction of TODs =  0.048327137546468404
Spike Finder finished
Running Despiker
Time to despike =  0.7499651908874512
Fraction of Detectors cut in despiking =  0.1821561338289963
Fraction of Detectors with an incidence >10.0 seconds =  0.05204460966542751
Running jump detector
starting jump iter 1 of 1
have filtered data, now searching for jumps
Median number of jumps =  0.0
Fraction of Detectors Cut From Jumps =  0.026022304832713755
Computing PSDs
Fitting PSDs
Fraction of Detectors cut in PSD analysis=  0.08178438661710037
29.27 Hz: 48 occurrences
Total Fraction of Detectors cut =  0.3828996282527881
Replacing Data for 269 Detectors
Reading in the file
Reading in network 11 from file:  /work/toltec/commissioning2025-test/2025-C1-COM-05/jgolec/MACS0717.5+3745/reduced_TODs/redu01/151080/raw/toltec_commissioning_science_151080_rtc_timestream.nc
ndet = 361  nsamp = 25039
Sample rate =  122.0703125
Finished reading in the file
##########################################
Gain Cut Fraction =  0.19390581717451524
Offset Cut Fraction =  0.2631578947368421
RMS Cut Fraction =  0.2548476454293629
Fraction of Detectors cut by CM cuts =  0.39058171745152354
##########################################
Running Spike Finder
Number of TODs with spike counts greater than 10.0 times the median =  113
Fraction of TODs =  0.31301939058171746
Spike Finder finished
Running Despiker
Time to despike =  0.6204662322998047
Fraction of Detectors cut in despiking =  0.11634349030470914
Fraction of Detectors with an incidence >10.0 seconds =  0.06925207756232687
Running jump detector
starting jump iter 1 of 1
have filtered data, now searching for jumps
Median number of jumps =  1.0
Fraction of Detectors Cut From Jumps =  0.47368421052631576
Computing PSDs
Fitting PSDs
Fraction of Detectors cut in PSD analysis=  0.055401662049861494
57.52 Hz: 401 occurrences
23.54 Hz: 3 occurrences
Total Fraction of Detectors cut =  0.850415512465374
Replacing Data for 361 Detectors
Reading in the file
Reading in network 12 from file:  /work/toltec/commissioning2025-test/2025-C1-COM-05/jgolec/MACS0717.5+3745/reduced_TODs/redu01/151080/raw/toltec_commissioning_science_151080_rtc_timestream.nc
ndet = 376  nsamp = 25039
Sample rate =  122.0703125
Finished reading in the file
##########################################
Gain Cut Fraction =  0.15691489361702127
Offset Cut Fraction =  0.19946808510638298
RMS Cut Fraction =  0.18085106382978725
Fraction of Detectors cut by CM cuts =  0.32978723404255317
##########################################
Running Spike Finder
Number of TODs with spike counts greater than 10.0 times the median =  112
Fraction of TODs =  0.2978723404255319
Spike Finder finished
Running Despiker
Time to despike =  0.28366804122924805
Fraction of Detectors cut in despiking =  0.034574468085106384
Fraction of Detectors with an incidence >10.0 seconds =  0.018617021276595744
Running jump detector
starting jump iter 1 of 1
have filtered data, now searching for jumps
Median number of jumps =  2.0
Fraction of Detectors Cut From Jumps =  0.43351063829787234
Computing PSDs
Fitting PSDs
Fraction of Detectors cut in PSD analysis=  0.05585106382978723
57.52 Hz: 339 occurrences
23.54 Hz: 33 occurrences
51.38 Hz: 9 occurrences
35.00 Hz: 3 occurrences
18.63 Hz: 1 occurrences
Total Fraction of Detectors cut =  0.7712765957446809
Replacing Data for 376 Detectors
Reading in the file
Reading in network 0 from file:  /work/toltec/commissioning2025-test/2025-C1-COM-05/jgolec/MACS0717.5+3745/reduced_TODs/redu01/151903/raw/toltec_commissioning_science_151903_rtc_timestream.nc
ndet = 482  nsamp = 25039
Sample rate =  122.0703125
Finished reading in the file
##########################################
Gain Cut Fraction =  0.11410788381742738
Offset Cut Fraction =  0.26141078838174275
RMS Cut Fraction =  0.2883817427385892
Fraction of Detectors cut by CM cuts =  0.33195020746887965
##########################################
Running Spike Finder
Number of TODs with spike counts greater than 10.0 times the median =  133
Fraction of TODs =  0.27593360995850624
Spike Finder finished
Running Despiker
Time to despike =  0.2757389545440674
Fraction of Detectors cut in despiking =  0.058091286307053944
Fraction of Detectors with an incidence >10.0 seconds =  0.05394190871369295
Running jump detector
starting jump iter 1 of 1
have filtered data, now searching for jumps
Median number of jumps =  0.0
Fraction of Detectors Cut From Jumps =  0.002074688796680498
Computing PSDs
Fitting PSDs
Fraction of Detectors cut in PSD analysis=  0.03734439834024896
30.09 Hz: 1706 occurrences
29.27 Hz: 406 occurrences
58.75 Hz: 196 occurrences
15.76 Hz: 97 occurrences
8.39 Hz: 52 occurrences
Total Fraction of Detectors cut =  0.45228215767634855
Replacing Data for 482 Detectors
Reading in the file
Reading in network 1 from file:  /work/toltec/commissioning2025-test/2025-C1-COM-05/jgolec/MACS0717.5+3745/reduced_TODs/redu01/151903/raw/toltec_commissioning_science_151903_rtc_timestream.nc
ndet = 363  nsamp = 25039
Sample rate =  122.0703125
Finished reading in the file
##########################################
Gain Cut Fraction =  0.0881542699724518
Offset Cut Fraction =  0.17079889807162535
RMS Cut Fraction =  0.2892561983471074
Fraction of Detectors cut by CM cuts =  0.3305785123966942
##########################################
Running Spike Finder
Number of TODs with spike counts greater than 10.0 times the median =  137
Fraction of TODs =  0.3774104683195592
Spike Finder finished
Running Despiker
Time to despike =  0.30222082138061523
Fraction of Detectors cut in despiking =  0.0743801652892562
Fraction of Detectors with an incidence >10.0 seconds =  0.05785123966942149
Running jump detector
starting jump iter 1 of 1
have filtered data, now searching for jumps
Median number of jumps =  0.0
Fraction of Detectors Cut From Jumps =  0.0027548209366391185
Computing PSDs
Fitting PSDs
Fraction of Detectors cut in PSD analysis=  0.07988980716253444
30.09 Hz: 720 occurrences
58.34 Hz: 127 occurrences
15.76 Hz: 30 occurrences
8.39 Hz: 17 occurrences
Total Fraction of Detectors cut =  0.5316804407713499
Replacing Data for 363 Detectors
Reading in the file
Reading in network 2 from file:  /work/toltec/commissioning2025-test/2025-C1-COM-05/jgolec/MACS0717.5+3745/reduced_TODs/redu01/151903/raw/toltec_commissioning_science_151903_rtc_timestream.nc
ndet = 419  nsamp = 25039
Sample rate =  122.0703125
Finished reading in the file
##########################################
Gain Cut Fraction =  0.11455847255369929
Offset Cut Fraction =  0.2720763723150358
RMS Cut Fraction =  0.2744630071599045
Fraction of Detectors cut by CM cuts =  0.31026252983293556
##########################################
Running Spike Finder
Number of TODs with spike counts greater than 10.0 times the median =  164
Fraction of TODs =  0.3914081145584726
Spike Finder finished
Running Despiker
Time to despike =  0.37789320945739746
Fraction of Detectors cut in despiking =  0.10739856801909307
Fraction of Detectors with an incidence >10.0 seconds =  0.08591885441527446
Running jump detector
starting jump iter 1 of 1
have filtered data, now searching for jumps
Median number of jumps =  0.0
Fraction of Detectors Cut From Jumps =  0.00954653937947494
Computing PSDs
Fitting PSDs
Fraction of Detectors cut in PSD analysis=  0.045346062052505964
30.09 Hz: 612 occurrences
29.27 Hz: 47 occurrences
15.76 Hz: 23 occurrences
8.39 Hz: 13 occurrences
Total Fraction of Detectors cut =  0.5536992840095465
Replacing Data for 419 Detectors
Reading in the file
Reading in network 3 from file:  /work/toltec/commissioning2025-test/2025-C1-COM-05/jgolec/MACS0717.5+3745/reduced_TODs/redu01/151903/raw/toltec_commissioning_science_151903_rtc_timestream.nc
ndet = 388  nsamp = 25039
Sample rate =  122.0703125
Finished reading in the file
##########################################
Gain Cut Fraction =  0.14690721649484537
Offset Cut Fraction =  0.19329896907216496
RMS Cut Fraction =  0.2345360824742268
Fraction of Detectors cut by CM cuts =  0.3324742268041237
##########################################
Running Spike Finder
Number of TODs with spike counts greater than 10.0 times the median =  113
Fraction of TODs =  0.2912371134020619
Spike Finder finished
Running Despiker
Time to despike =  0.6983222961425781
Fraction of Detectors cut in despiking =  0.15206185567010308
Fraction of Detectors with an incidence >10.0 seconds =  0.03608247422680412
Running jump detector
starting jump iter 1 of 1
have filtered data, now searching for jumps
Median number of jumps =  0.0
Fraction of Detectors Cut From Jumps =  0.0
Computing PSDs
Fitting PSDs
Fraction of Detectors cut in PSD analysis=  0.03350515463917526
30.09 Hz: 1478 occurrences
15.76 Hz: 86 occurrences
8.39 Hz: 56 occurrences
29.27 Hz: 50 occurrences
32.55 Hz: 3 occurrences
Total Fraction of Detectors cut =  0.520618556701031
Replacing Data for 388 Detectors
Reading in the file
Reading in network 4 from file:  /work/toltec/commissioning2025-test/2025-C1-COM-05/jgolec/MACS0717.5+3745/reduced_TODs/redu01/151903/raw/toltec_commissioning_science_151903_rtc_timestream.nc
ndet = 360  nsamp = 25039
Sample rate =  122.0703125
Finished reading in the file
##########################################
Gain Cut Fraction =  0.18888888888888888
Offset Cut Fraction =  0.23055555555555557
RMS Cut Fraction =  0.24444444444444444
Fraction of Detectors cut by CM cuts =  0.36666666666666664
##########################################
Running Spike Finder
Number of TODs with spike counts greater than 10.0 times the median =  115
Fraction of TODs =  0.3194444444444444
Spike Finder finished
Running Despiker
Time to despike =  0.9486093521118164
Fraction of Detectors cut in despiking =  0.3333333333333333
Fraction of Detectors with an incidence >10.0 seconds =  0.175
Running jump detector
starting jump iter 1 of 1
have filtered data, now searching for jumps
Median number of jumps =  0.0
Fraction of Detectors Cut From Jumps =  0.008333333333333333
Computing PSDs
Fitting PSDs
Fraction of Detectors cut in PSD analysis=  0.025
30.09 Hz: 1059 occurrences
15.76 Hz: 69 occurrences
8.39 Hz: 41 occurrences
50.97 Hz: 5 occurrences
37.46 Hz: 4 occurrences
Total Fraction of Detectors cut =  0.5638888888888889
Replacing Data for 360 Detectors
Reading in the file
Reading in network 5 from file:  /work/toltec/commissioning2025-test/2025-C1-COM-05/jgolec/MACS0717.5+3745/reduced_TODs/redu01/151903/raw/toltec_commissioning_science_151903_rtc_timestream.nc
ndet = 367  nsamp = 25039
Sample rate =  122.0703125
Finished reading in the file
##########################################
Gain Cut Fraction =  0.11716621253405994
Offset Cut Fraction =  0.19618528610354224
RMS Cut Fraction =  0.21525885558583105
Fraction of Detectors cut by CM cuts =  0.2888283378746594
##########################################
Running Spike Finder
Number of TODs with spike counts greater than 10.0 times the median =  122
Fraction of TODs =  0.33242506811989103
Spike Finder finished
Running Despiker
Time to despike =  0.996985912322998
Fraction of Detectors cut in despiking =  0.2888283378746594
Fraction of Detectors with an incidence >10.0 seconds =  0.06267029972752043
Running jump detector
starting jump iter 1 of 1
have filtered data, now searching for jumps
Median number of jumps =  0.0
Fraction of Detectors Cut From Jumps =  0.0
Computing PSDs
Fitting PSDs
Fraction of Detectors cut in PSD analysis=  0.03814713896457766
30.09 Hz: 1077 occurrences
15.76 Hz: 63 occurrences
8.39 Hz: 42 occurrences
50.97 Hz: 5 occurrences
29.27 Hz: 4 occurrences
Total Fraction of Detectors cut =  0.5231607629427792
Replacing Data for 367 Detectors
Reading in the file
Reading in network 6 from file:  /work/toltec/commissioning2025-test/2025-C1-COM-05/jgolec/MACS0717.5+3745/reduced_TODs/redu01/151903/raw/toltec_commissioning_science_151903_rtc_timestream.nc
ndet = 0  nsamp = 1
Sample rate =  122.0703125
Finished reading in the file
Reading in the file
Reading in network 7 from file:  /work/toltec/commissioning2025-test/2025-C1-COM-05/jgolec/MACS0717.5+3745/reduced_TODs/redu01/151903/raw/toltec_commissioning_science_151903_rtc_timestream.nc
ndet = 207  nsamp = 25039
Sample rate =  122.0703125
Finished reading in the file
##########################################
Gain Cut Fraction =  0.09178743961352658
Offset Cut Fraction =  0.18840579710144928
RMS Cut Fraction =  0.26570048309178745
Fraction of Detectors cut by CM cuts =  0.2946859903381642
##########################################
Running Spike Finder
Number of TODs with spike counts greater than 10.0 times the median =  14
Fraction of TODs =  0.06763285024154589
Spike Finder finished
Running Despiker
Time to despike =  0.7922289371490479
Fraction of Detectors cut in despiking =  0.28502415458937197
Fraction of Detectors with an incidence >10.0 seconds =  0.28019323671497587
Running jump detector
starting jump iter 1 of 1
have filtered data, now searching for jumps
Median number of jumps =  0.0
Fraction of Detectors Cut From Jumps =  0.0
Computing PSDs
Fitting PSDs
Fraction of Detectors cut in PSD analysis=  0.033816425120772944
29.27 Hz: 45 occurrences
Total Fraction of Detectors cut =  0.4782608695652174
Replacing Data for 207 Detectors
Reading in the file
Reading in network 8 from file:  /work/toltec/commissioning2025-test/2025-C1-COM-05/jgolec/MACS0717.5+3745/reduced_TODs/redu01/151903/raw/toltec_commissioning_science_151903_rtc_timestream.nc
ndet = 353  nsamp = 25039
Sample rate =  122.0703125
Finished reading in the file
##########################################
Gain Cut Fraction =  0.14447592067988668
Offset Cut Fraction =  0.18696883852691218
RMS Cut Fraction =  0.20113314447592068
Fraction of Detectors cut by CM cuts =  0.3002832861189802
##########################################
Running Spike Finder
Number of TODs with spike counts greater than 10.0 times the median =  148
Fraction of TODs =  0.4192634560906516
Spike Finder finished
Running Despiker
Time to despike =  0.5407922267913818
Fraction of Detectors cut in despiking =  0.09631728045325778
Fraction of Detectors with an incidence >10.0 seconds =  0.0113314447592068
Running jump detector
starting jump iter 1 of 1
have filtered data, now searching for jumps
Median number of jumps =  0.0
Fraction of Detectors Cut From Jumps =  0.0028328611898017
Computing PSDs
Fitting PSDs
Fraction of Detectors cut in PSD analysis=  0.053824362606232294
29.27 Hz: 555 occurrences
17.40 Hz: 40 occurrences
58.34 Hz: 9 occurrences
35.00 Hz: 5 occurrences
41.14 Hz: 3 occurrences
Total Fraction of Detectors cut =  0.6402266288951841
Replacing Data for 353 Detectors
Reading in the file
Reading in network 9 from file:  /work/toltec/commissioning2025-test/2025-C1-COM-05/jgolec/MACS0717.5+3745/reduced_TODs/redu01/151903/raw/toltec_commissioning_science_151903_rtc_timestream.nc
ndet = 265  nsamp = 25039
Sample rate =  122.0703125
Finished reading in the file
##########################################
Gain Cut Fraction =  0.22264150943396227
Offset Cut Fraction =  0.29056603773584905
RMS Cut Fraction =  0.2679245283018868
Fraction of Detectors cut by CM cuts =  0.36981132075471695
##########################################
Running Spike Finder
Number of TODs with spike counts greater than 10.0 times the median =  36
Fraction of TODs =  0.13584905660377358
Spike Finder finished
Running Despiker
Time to despike =  0.7718997001647949
Fraction of Detectors cut in despiking =  0.23018867924528302
Fraction of Detectors with an incidence >10.0 seconds =  0.32452830188679244
Running jump detector
starting jump iter 1 of 1
have filtered data, now searching for jumps
Median number of jumps =  0.0
Fraction of Detectors Cut From Jumps =  0.03773584905660377
Computing PSDs
Fitting PSDs
Fraction of Detectors cut in PSD analysis=  0.06792452830188679
29.27 Hz: 86 occurrences
58.75 Hz: 49 occurrences
41.14 Hz: 2 occurrences
Total Fraction of Detectors cut =  0.5622641509433962
Replacing Data for 265 Detectors
Reading in the file
Reading in network 11 from file:  /work/toltec/commissioning2025-test/2025-C1-COM-05/jgolec/MACS0717.5+3745/reduced_TODs/redu01/151903/raw/toltec_commissioning_science_151903_rtc_timestream.nc
ndet = 359  nsamp = 25039
Sample rate =  122.0703125
Finished reading in the file
##########################################
Gain Cut Fraction =  0.116991643454039
Offset Cut Fraction =  0.298050139275766
RMS Cut Fraction =  0.298050139275766
Fraction of Detectors cut by CM cuts =  0.3203342618384401
##########################################
Running Spike Finder
Number of TODs with spike counts greater than 10.0 times the median =  159
Fraction of TODs =  0.4428969359331476
Spike Finder finished
Running Despiker
Time to despike =  0.5406045913696289
Fraction of Detectors cut in despiking =  0.09749303621169916
Fraction of Detectors with an incidence >10.0 seconds =  0.052924791086350974
Running jump detector
starting jump iter 1 of 1
have filtered data, now searching for jumps
Median number of jumps =  0.0
Fraction of Detectors Cut From Jumps =  0.15598885793871867
Computing PSDs
Fitting PSDs
Fraction of Detectors cut in PSD analysis=  0.052924791086350974
57.52 Hz: 145 occurrences
1.43 Hz: 16 occurrences
32.14 Hz: 3 occurrences
32.96 Hz: 2 occurrences
29.27 Hz: 1 occurrences
Total Fraction of Detectors cut =  0.5877437325905293
Replacing Data for 359 Detectors
Reading in the file
Reading in network 12 from file:  /work/toltec/commissioning2025-test/2025-C1-COM-05/jgolec/MACS0717.5+3745/reduced_TODs/redu01/151903/raw/toltec_commissioning_science_151903_rtc_timestream.nc
ndet = 380  nsamp = 25039
Sample rate =  122.0703125
Finished reading in the file
##########################################
Gain Cut Fraction =  0.1
Offset Cut Fraction =  0.28421052631578947
RMS Cut Fraction =  0.27631578947368424
Fraction of Detectors cut by CM cuts =  0.32105263157894737
##########################################
Running Spike Finder
Number of TODs with spike counts greater than 10.0 times the median =  0
Fraction of TODs =  0.0
Spike Finder finished
Running Despiker
Time to despike =  1.4977521896362305
Fraction of Detectors cut in despiking =  0.002631578947368421
Fraction of Detectors with an incidence >10.0 seconds =  0.1868421052631579
Running jump detector
starting jump iter 1 of 1
have filtered data, now searching for jumps
Median number of jumps =  0.0
Fraction of Detectors Cut From Jumps =  0.24210526315789474
Computing PSDs
Fitting PSDs
Fraction of Detectors cut in PSD analysis=  0.07368421052631578
57.52 Hz: 119 occurrences
42.37 Hz: 5 occurrences
27.63 Hz: 4 occurrences
41.14 Hz: 3 occurrences
Total Fraction of Detectors cut =  0.5578947368421052
Replacing Data for 380 Detectors
Reading in the file
Reading in network 0 from file:  /work/toltec/commissioning2025-test/2025-C1-COM-05/jgolec/MACS0717.5+3745/reduced_TODs/redu01/151905/raw/toltec_commissioning_science_151905_rtc_timestream.nc
ndet = 483  nsamp = 25039
Sample rate =  122.0703125
Finished reading in the file
##########################################
Gain Cut Fraction =  0.041407867494824016
Offset Cut Fraction =  0.2360248447204969
RMS Cut Fraction =  0.2422360248447205
Fraction of Detectors cut by CM cuts =  0.2670807453416149
##########################################
Running Spike Finder
Number of TODs with spike counts greater than 10.0 times the median =  184
Fraction of TODs =  0.38095238095238093
Spike Finder finished
Running Despiker
Time to despike =  0.39623165130615234
Fraction of Detectors cut in despiking =  0.10351966873706005
Fraction of Detectors with an incidence >10.0 seconds =  0.07453416149068323
Running jump detector
starting jump iter 1 of 1
have filtered data, now searching for jumps
Median number of jumps =  0.0
Fraction of Detectors Cut From Jumps =  0.004140786749482402
Computing PSDs
Fitting PSDs
Fraction of Detectors cut in PSD analysis=  0.07453416149068323
30.09 Hz: 1509 occurrences
29.27 Hz: 301 occurrences
58.75 Hz: 236 occurrences
15.76 Hz: 43 occurrences
50.97 Hz: 13 occurrences
Total Fraction of Detectors cut =  0.4824016563146998
Replacing Data for 483 Detectors
Reading in the file
Reading in network 1 from file:  /work/toltec/commissioning2025-test/2025-C1-COM-05/jgolec/MACS0717.5+3745/reduced_TODs/redu01/151905/raw/toltec_commissioning_science_151905_rtc_timestream.nc
ndet = 361  nsamp = 25039
Sample rate =  122.0703125
Finished reading in the file
##########################################
Gain Cut Fraction =  0.07202216066481995
Offset Cut Fraction =  0.1329639889196676
RMS Cut Fraction =  0.1772853185595568
Fraction of Detectors cut by CM cuts =  0.22714681440443213
##########################################
Running Spike Finder
Number of TODs with spike counts greater than 10.0 times the median =  106
Fraction of TODs =  0.29362880886426596
Spike Finder finished
Running Despiker
Time to despike =  0.23157763481140137
Fraction of Detectors cut in despiking =  0.038781163434903045
Fraction of Detectors with an incidence >10.0 seconds =  0.024930747922437674
Running jump detector
starting jump iter 1 of 1
have filtered data, now searching for jumps
Median number of jumps =  0.0
Fraction of Detectors Cut From Jumps =  0.0
Computing PSDs
Fitting PSDs
Fraction of Detectors cut in PSD analysis=  0.08310249307479224
30.09 Hz: 673 occurrences
58.75 Hz: 302 occurrences
15.76 Hz: 13 occurrences
50.97 Hz: 3 occurrences
Total Fraction of Detectors cut =  0.44321329639889195
Replacing Data for 361 Detectors
Reading in the file
Reading in network 2 from file:  /work/toltec/commissioning2025-test/2025-C1-COM-05/jgolec/MACS0717.5+3745/reduced_TODs/redu01/151905/raw/toltec_commissioning_science_151905_rtc_timestream.nc
ndet = 421  nsamp = 25039
Sample rate =  122.0703125
Finished reading in the file
##########################################
Gain Cut Fraction =  0.07363420427553444
Offset Cut Fraction =  0.21377672209026127
RMS Cut Fraction =  0.21852731591448932
Fraction of Detectors cut by CM cuts =  0.2660332541567696
##########################################
Running Spike Finder
Number of TODs with spike counts greater than 10.0 times the median =  166
Fraction of TODs =  0.39429928741092635
Spike Finder finished
Running Despiker
Time to despike =  0.3542048931121826
Fraction of Detectors cut in despiking =  0.11401425178147269
Fraction of Detectors with an incidence >10.0 seconds =  0.0831353919239905
Running jump detector
starting jump iter 1 of 1
have filtered data, now searching for jumps
Median number of jumps =  0.0
Fraction of Detectors Cut From Jumps =  0.0023752969121140144
Computing PSDs
Fitting PSDs
Fraction of Detectors cut in PSD analysis=  0.028503562945368172
30.09 Hz: 464 occurrences
15.76 Hz: 7 occurrences
29.27 Hz: 5 occurrences
50.97 Hz: 1 occurrences
Total Fraction of Detectors cut =  0.5225653206650831
Replacing Data for 421 Detectors
Reading in the file
Reading in network 3 from file:  /work/toltec/commissioning2025-test/2025-C1-COM-05/jgolec/MACS0717.5+3745/reduced_TODs/redu01/151905/raw/toltec_commissioning_science_151905_rtc_timestream.nc
ndet = 388  nsamp = 25039
Sample rate =  122.0703125
Finished reading in the file
##########################################
Gain Cut Fraction =  0.13917525773195877
Offset Cut Fraction =  0.22164948453608246
RMS Cut Fraction =  0.21649484536082475
Fraction of Detectors cut by CM cuts =  0.2757731958762887
##########################################
Running Spike Finder
Number of TODs with spike counts greater than 10.0 times the median =  95
Fraction of TODs =  0.24484536082474226
Spike Finder finished
Running Despiker
Time to despike =  0.645801305770874
Fraction of Detectors cut in despiking =  0.2963917525773196
Fraction of Detectors with an incidence >10.0 seconds =  0.2190721649484536
Running jump detector
starting jump iter 1 of 1
have filtered data, now searching for jumps
Median number of jumps =  0.0
Fraction of Detectors Cut From Jumps =  0.002577319587628866
Computing PSDs
Fitting PSDs
Fraction of Detectors cut in PSD analysis=  0.09536082474226804
30.09 Hz: 1003 occurrences
29.27 Hz: 89 occurrences
58.75 Hz: 73 occurrences
15.76 Hz: 13 occurrences
50.97 Hz: 5 occurrences
Total Fraction of Detectors cut =  0.4484536082474227
Replacing Data for 388 Detectors
Reading in the file
Reading in network 4 from file:  /work/toltec/commissioning2025-test/2025-C1-COM-05/jgolec/MACS0717.5+3745/reduced_TODs/redu01/151905/raw/toltec_commissioning_science_151905_rtc_timestream.nc
ndet = 365  nsamp = 25039
Sample rate =  122.0703125
Finished reading in the file
##########################################
Gain Cut Fraction =  0.1178082191780822
Offset Cut Fraction =  0.2684931506849315
RMS Cut Fraction =  0.27945205479452057
Fraction of Detectors cut by CM cuts =  0.36712328767123287
##########################################
Running Spike Finder
Number of TODs with spike counts greater than 10.0 times the median =  43
Fraction of TODs =  0.1178082191780822
Spike Finder finished
Running Despiker
Time to despike =  0.8907754421234131
Fraction of Detectors cut in despiking =  0.32602739726027397
Fraction of Detectors with an incidence >10.0 seconds =  0.28493150684931506
Running jump detector
starting jump iter 1 of 1
have filtered data, now searching for jumps
Median number of jumps =  0.0
Fraction of Detectors Cut From Jumps =  0.01643835616438356
Computing PSDs
Fitting PSDs
Fraction of Detectors cut in PSD analysis=  0.0547945205479452
30.09 Hz: 1039 occurrences
29.27 Hz: 84 occurrences
58.75 Hz: 71 occurrences
15.76 Hz: 64 occurrences
50.97 Hz: 14 occurrences
Total Fraction of Detectors cut =  0.5534246575342465
Replacing Data for 365 Detectors
Reading in the file
Reading in network 5 from file:  /work/toltec/commissioning2025-test/2025-C1-COM-05/jgolec/MACS0717.5+3745/reduced_TODs/redu01/151905/raw/toltec_commissioning_science_151905_rtc_timestream.nc
ndet = 369  nsamp = 25039
Sample rate =  122.0703125
Finished reading in the file
##########################################
Gain Cut Fraction =  0.07859078590785908
Offset Cut Fraction =  0.2222222222222222
RMS Cut Fraction =  0.22764227642276422
Fraction of Detectors cut by CM cuts =  0.2682926829268293
##########################################
Running Spike Finder
Number of TODs with spike counts greater than 10.0 times the median =  118
Fraction of TODs =  0.31978319783197834
Spike Finder finished
Running Despiker
Time to despike =  0.7852425575256348
Fraction of Detectors cut in despiking =  0.3170731707317073
Fraction of Detectors with an incidence >10.0 seconds =  0.13550135501355012
Running jump detector
starting jump iter 1 of 1
have filtered data, now searching for jumps
Median number of jumps =  0.0
Fraction of Detectors Cut From Jumps =  0.0027100271002710027
Computing PSDs
Fitting PSDs
Fraction of Detectors cut in PSD analysis=  0.0948509485094851
30.09 Hz: 1071 occurrences
15.76 Hz: 49 occurrences
50.97 Hz: 23 occurrences
18.63 Hz: 5 occurrences
8.39 Hz: 1 occurrences
Total Fraction of Detectors cut =  0.48509485094850946
Replacing Data for 369 Detectors
Reading in the file
Reading in network 6 from file:  /work/toltec/commissioning2025-test/2025-C1-COM-05/jgolec/MACS0717.5+3745/reduced_TODs/redu01/151905/raw/toltec_commissioning_science_151905_rtc_timestream.nc
ndet = 0  nsamp = 1
Sample rate =  122.0703125
Finished reading in the file
Reading in the file
Reading in network 7 from file:  /work/toltec/commissioning2025-test/2025-C1-COM-05/jgolec/MACS0717.5+3745/reduced_TODs/redu01/151905/raw/toltec_commissioning_science_151905_rtc_timestream.nc
ndet = 207  nsamp = 25039
Sample rate =  122.0703125
Finished reading in the file
##########################################
Gain Cut Fraction =  0.04830917874396135
Offset Cut Fraction =  0.19806763285024154
RMS Cut Fraction =  0.21256038647342995
Fraction of Detectors cut by CM cuts =  0.2463768115942029
##########################################
Running Spike Finder
Number of TODs with spike counts greater than 10.0 times the median =  31
Fraction of TODs =  0.1497584541062802
Spike Finder finished
Running Despiker
Time to despike =  0.5697300434112549
Fraction of Detectors cut in despiking =  0.3285024154589372
Fraction of Detectors with an incidence >10.0 seconds =  0.10628019323671498
Running jump detector
starting jump iter 1 of 1
have filtered data, now searching for jumps
Median number of jumps =  0.0
Fraction of Detectors Cut From Jumps =  0.0
Computing PSDs
Fitting PSDs
Fraction of Detectors cut in PSD analysis=  0.057971014492753624
29.27 Hz: 17 occurrences
Total Fraction of Detectors cut =  0.45410628019323673
Replacing Data for 207 Detectors
Reading in the file
Reading in network 8 from file:  /work/toltec/commissioning2025-test/2025-C1-COM-05/jgolec/MACS0717.5+3745/reduced_TODs/redu01/151905/raw/toltec_commissioning_science_151905_rtc_timestream.nc
ndet = 352  nsamp = 25039
Sample rate =  122.0703125
Finished reading in the file
##########################################
Gain Cut Fraction =  0.15056818181818182
Offset Cut Fraction =  0.1846590909090909
RMS Cut Fraction =  0.1903409090909091
Fraction of Detectors cut by CM cuts =  0.30113636363636365
##########################################
Running Spike Finder
Number of TODs with spike counts greater than 10.0 times the median =  80
Fraction of TODs =  0.22727272727272727
Spike Finder finished
Running Despiker
Time to despike =  0.24021458625793457
Fraction of Detectors cut in despiking =  0.03125
Fraction of Detectors with an incidence >10.0 seconds =  0.002840909090909091
Running jump detector
starting jump iter 1 of 1
have filtered data, now searching for jumps
Median number of jumps =  0.0
Fraction of Detectors Cut From Jumps =  0.0
Computing PSDs
Fitting PSDs
Fraction of Detectors cut in PSD analysis=  0.05113636363636364
29.27 Hz: 512 occurrences
17.40 Hz: 116 occurrences
58.75 Hz: 80 occurrences
35.00 Hz: 30 occurrences
47.29 Hz: 5 occurrences
Total Fraction of Detectors cut =  0.4772727272727273
Replacing Data for 352 Detectors
Reading in the file
Reading in network 9 from file:  /work/toltec/commissioning2025-test/2025-C1-COM-05/jgolec/MACS0717.5+3745/reduced_TODs/redu01/151905/raw/toltec_commissioning_science_151905_rtc_timestream.nc
ndet = 266  nsamp = 25039
Sample rate =  122.0703125
Finished reading in the file
##########################################
Gain Cut Fraction =  0.20300751879699247
Offset Cut Fraction =  0.29699248120300753
RMS Cut Fraction =  0.2706766917293233
Fraction of Detectors cut by CM cuts =  0.3684210526315789
##########################################
Running Spike Finder
Number of TODs with spike counts greater than 10.0 times the median =  58
Fraction of TODs =  0.21804511278195488
Spike Finder finished
Running Despiker
Time to despike =  0.5652453899383545
Fraction of Detectors cut in despiking =  0.35714285714285715
Fraction of Detectors with an incidence >10.0 seconds =  0.2932330827067669
Running jump detector
starting jump iter 1 of 1
have filtered data, now searching for jumps
Median number of jumps =  0.0
Fraction of Detectors Cut From Jumps =  0.03007518796992481
Computing PSDs
Fitting PSDs
Fraction of Detectors cut in PSD analysis=  0.10526315789473684
29.27 Hz: 111 occurrences
Total Fraction of Detectors cut =  0.5676691729323309
Replacing Data for 266 Detectors
Reading in the file
Reading in network 11 from file:  /work/toltec/commissioning2025-test/2025-C1-COM-05/jgolec/MACS0717.5+3745/reduced_TODs/redu01/151905/raw/toltec_commissioning_science_151905_rtc_timestream.nc
ndet = 357  nsamp = 25039
Sample rate =  122.0703125
Finished reading in the file
##########################################
Gain Cut Fraction =  0.226890756302521
Offset Cut Fraction =  0.2605042016806723
RMS Cut Fraction =  0.2689075630252101
Fraction of Detectors cut by CM cuts =  0.36134453781512604
##########################################
Running Spike Finder
Number of TODs with spike counts greater than 10.0 times the median =  124
Fraction of TODs =  0.3473389355742297
Spike Finder finished
Running Despiker
Time to despike =  0.39891719818115234
Fraction of Detectors cut in despiking =  0.08123249299719888
Fraction of Detectors with an incidence >10.0 seconds =  0.022408963585434174
Running jump detector
starting jump iter 1 of 1
have filtered data, now searching for jumps
Median number of jumps =  0.0
Fraction of Detectors Cut From Jumps =  0.04201680672268908
Computing PSDs
Fitting PSDs
Fraction of Detectors cut in PSD analysis=  0.04481792717086835
57.52 Hz: 130 occurrences
1.43 Hz: 19 occurrences
30.09 Hz: 6 occurrences
41.96 Hz: 2 occurrences
42.78 Hz: 2 occurrences
Total Fraction of Detectors cut =  0.5126050420168067
Replacing Data for 357 Detectors
Reading in the file
Reading in network 12 from file:  /work/toltec/commissioning2025-test/2025-C1-COM-05/jgolec/MACS0717.5+3745/reduced_TODs/redu01/151905/raw/toltec_commissioning_science_151905_rtc_timestream.nc
ndet = 380  nsamp = 25039
Sample rate =  122.0703125
Finished reading in the file
##########################################
Gain Cut Fraction =  0.09736842105263158
Offset Cut Fraction =  0.25526315789473686
RMS Cut Fraction =  0.2710526315789474
Fraction of Detectors cut by CM cuts =  0.3131578947368421
##########################################
Running Spike Finder
Number of TODs with spike counts greater than 10.0 times the median =  57
Fraction of TODs =  0.15
Spike Finder finished
Running Despiker
Time to despike =  0.6834461688995361
Fraction of Detectors cut in despiking =  0.05789473684210526
Fraction of Detectors with an incidence >10.0 seconds =  0.010526315789473684
Running jump detector
starting jump iter 1 of 1
have filtered data, now searching for jumps
Median number of jumps =  0.0
Fraction of Detectors Cut From Jumps =  0.12894736842105264
Computing PSDs
Fitting PSDs
Fraction of Detectors cut in PSD analysis=  0.07368421052631578
57.52 Hz: 19 occurrences
35.00 Hz: 18 occurrences
41.14 Hz: 3 occurrences
50.97 Hz: 1 occurrences
41.96 Hz: 1 occurrences
Total Fraction of Detectors cut =  0.4605263157894737
Replacing Data for 380 Detectors
Reading in the file
Reading in network 0 from file:  /work/toltec/commissioning2025-test/2025-C1-COM-05/jgolec/MACS0717.5+3745/reduced_TODs/redu01/152258/raw/toltec_commissioning_science_152258_rtc_timestream.nc
ndet = 477  nsamp = 25039
Sample rate =  122.0703125
Finished reading in the file
##########################################
Gain Cut Fraction =  0.07337526205450734
Offset Cut Fraction =  0.1970649895178197
RMS Cut Fraction =  0.22012578616352202
Fraction of Detectors cut by CM cuts =  0.2830188679245283
##########################################
Running Spike Finder
Number of TODs with spike counts greater than 10.0 times the median =  65
Fraction of TODs =  0.13626834381551362
Spike Finder finished
Running Despiker
Time to despike =  0.8456366062164307
Fraction of Detectors cut in despiking =  0.13626834381551362
Fraction of Detectors with an incidence >10.0 seconds =  0.041928721174004195
Running jump detector
starting jump iter 1 of 1
have filtered data, now searching for jumps
Median number of jumps =  0.0
Fraction of Detectors Cut From Jumps =  0.0020964360587002098
Computing PSDs
Fitting PSDs
Fraction of Detectors cut in PSD analysis=  0.06708595387840671
58.75 Hz: 341 occurrences
30.09 Hz: 138 occurrences
29.27 Hz: 130 occurrences
16.17 Hz: 7 occurrences
51.38 Hz: 1 occurrences
Total Fraction of Detectors cut =  0.3689727463312369
Replacing Data for 477 Detectors
Reading in the file
Reading in network 1 from file:  /work/toltec/commissioning2025-test/2025-C1-COM-05/jgolec/MACS0717.5+3745/reduced_TODs/redu01/152258/raw/toltec_commissioning_science_152258_rtc_timestream.nc
ndet = 361  nsamp = 25039
Sample rate =  122.0703125
Finished reading in the file
##########################################
Gain Cut Fraction =  0.10803324099722991
Offset Cut Fraction =  0.26038781163434904
RMS Cut Fraction =  0.2631578947368421
Fraction of Detectors cut by CM cuts =  0.32409972299168976
##########################################
Running Spike Finder
Number of TODs with spike counts greater than 10.0 times the median =  9
Fraction of TODs =  0.024930747922437674
Spike Finder finished
Running Despiker
Time to despike =  0.9922661781311035
Fraction of Detectors cut in despiking =  0.10803324099722991
Fraction of Detectors with an incidence >10.0 seconds =  0.05263157894736842
Running jump detector
starting jump iter 1 of 1
have filtered data, now searching for jumps
Median number of jumps =  0.0
Fraction of Detectors Cut From Jumps =  0.01662049861495845
Computing PSDs
Fitting PSDs
Fraction of Detectors cut in PSD analysis=  0.060941828254847646
58.75 Hz: 259 occurrences
30.09 Hz: 87 occurrences
15.76 Hz: 1 occurrences
Total Fraction of Detectors cut =  0.3767313019390582
Replacing Data for 361 Detectors
Reading in the file
Reading in network 2 from file:  /work/toltec/commissioning2025-test/2025-C1-COM-05/jgolec/MACS0717.5+3745/reduced_TODs/redu01/152258/raw/toltec_commissioning_science_152258_rtc_timestream.nc
ndet = 418  nsamp = 25039
Sample rate =  122.0703125
Finished reading in the file
##########################################
Gain Cut Fraction =  0.07894736842105263
Offset Cut Fraction =  0.18181818181818182
RMS Cut Fraction =  0.18421052631578946
Fraction of Detectors cut by CM cuts =  0.23444976076555024
##########################################
Running Spike Finder
Number of TODs with spike counts greater than 10.0 times the median =  8
Fraction of TODs =  0.019138755980861243
Spike Finder finished
Running Despiker
Time to despike =  1.727193832397461
Fraction of Detectors cut in despiking =  0.18181818181818182
Fraction of Detectors with an incidence >10.0 seconds =  0.42105263157894735
Running jump detector
starting jump iter 1 of 1
have filtered data, now searching for jumps
Median number of jumps =  0.0
Fraction of Detectors Cut From Jumps =  0.045454545454545456
Computing PSDs
Fitting PSDs
Fraction of Detectors cut in PSD analysis=  0.0645933014354067
30.09 Hz: 66 occurrences
29.27 Hz: 48 occurrences
15.76 Hz: 3 occurrences
Total Fraction of Detectors cut =  0.5789473684210527
Replacing Data for 418 Detectors
Reading in the file
Reading in network 3 from file:  /work/toltec/commissioning2025-test/2025-C1-COM-05/jgolec/MACS0717.5+3745/reduced_TODs/redu01/152258/raw/toltec_commissioning_science_152258_rtc_timestream.nc
ndet = 385  nsamp = 25039
Sample rate =  122.0703125
Finished reading in the file
##########################################
Gain Cut Fraction =  0.07532467532467532
Offset Cut Fraction =  0.14285714285714285
RMS Cut Fraction =  0.16103896103896104
Fraction of Detectors cut by CM cuts =  0.21298701298701297
##########################################
Running Spike Finder
Number of TODs with spike counts greater than 10.0 times the median =  1
Fraction of TODs =  0.0025974025974025974
Spike Finder finished
Running Despiker
Time to despike =  2.263425827026367
Fraction of Detectors cut in despiking =  0.0
Fraction of Detectors with an incidence >10.0 seconds =  0.7298701298701299
Running jump detector
starting jump iter 1 of 1
have filtered data, now searching for jumps
Median number of jumps =  0.0
Fraction of Detectors Cut From Jumps =  0.02077922077922078
Computing PSDs
Fitting PSDs
Fraction of Detectors cut in PSD analysis=  0.04155844155844156
29.27 Hz: 109 occurrences
30.09 Hz: 84 occurrences
32.14 Hz: 6 occurrences
15.76 Hz: 6 occurrences
Total Fraction of Detectors cut =  0.7740259740259741
Replacing Data for 385 Detectors
Reading in the file
Reading in network 4 from file:  /work/toltec/commissioning2025-test/2025-C1-COM-05/jgolec/MACS0717.5+3745/reduced_TODs/redu01/152258/raw/toltec_commissioning_science_152258_rtc_timestream.nc
ndet = 361  nsamp = 25039
Sample rate =  122.0703125
Finished reading in the file
##########################################
Gain Cut Fraction =  0.09695290858725762
Offset Cut Fraction =  0.24653739612188366
RMS Cut Fraction =  0.25761772853185594
Fraction of Detectors cut by CM cuts =  0.32409972299168976
##########################################
Running Spike Finder
Number of TODs with spike counts greater than 10.0 times the median =  15
Fraction of TODs =  0.04155124653739612
Spike Finder finished
Running Despiker
Time to despike =  1.7856495380401611
Fraction of Detectors cut in despiking =  0.18559556786703602
Fraction of Detectors with an incidence >10.0 seconds =  0.40443213296398894
Running jump detector
starting jump iter 1 of 1
have filtered data, now searching for jumps
Median number of jumps =  0.0
Fraction of Detectors Cut From Jumps =  0.019390581717451522
Computing PSDs
Fitting PSDs
Fraction of Detectors cut in PSD analysis=  0.0221606648199446
30.09 Hz: 121 occurrences
15.76 Hz: 11 occurrences
23.54 Hz: 3 occurrences
50.97 Hz: 1 occurrences
Total Fraction of Detectors cut =  0.518005540166205
Replacing Data for 361 Detectors
Reading in the file
Reading in network 5 from file:  /work/toltec/commissioning2025-test/2025-C1-COM-05/jgolec/MACS0717.5+3745/reduced_TODs/redu01/152258/raw/toltec_commissioning_science_152258_rtc_timestream.nc
ndet = 372  nsamp = 25039
Sample rate =  122.0703125
Finished reading in the file
##########################################
Gain Cut Fraction =  0.05913978494623656
Offset Cut Fraction =  0.19623655913978494
RMS Cut Fraction =  0.20161290322580644
Fraction of Detectors cut by CM cuts =  0.2446236559139785
##########################################
Running Spike Finder
Number of TODs with spike counts greater than 10.0 times the median =  9
Fraction of TODs =  0.024193548387096774
Spike Finder finished
Running Despiker
Time to despike =  1.4813511371612549
Fraction of Detectors cut in despiking =  0.239247311827957
Fraction of Detectors with an incidence >10.0 seconds =  0.09408602150537634
Running jump detector
starting jump iter 1 of 1
have filtered data, now searching for jumps
Median number of jumps =  0.0
Fraction of Detectors Cut From Jumps =  0.002688172043010753
Computing PSDs
Fitting PSDs
Fraction of Detectors cut in PSD analysis=  0.021505376344086023
30.09 Hz: 222 occurrences
15.76 Hz: 22 occurrences
34.59 Hz: 5 occurrences
27.22 Hz: 5 occurrences
46.88 Hz: 4 occurrences
Total Fraction of Detectors cut =  0.3790322580645161
Replacing Data for 372 Detectors
Reading in the file
Reading in network 6 from file:  /work/toltec/commissioning2025-test/2025-C1-COM-05/jgolec/MACS0717.5+3745/reduced_TODs/redu01/152258/raw/toltec_commissioning_science_152258_rtc_timestream.nc
ndet = 0  nsamp = 1
Sample rate =  122.0703125
Finished reading in the file
Reading in the file
Reading in network 7 from file:  /work/toltec/commissioning2025-test/2025-C1-COM-05/jgolec/MACS0717.5+3745/reduced_TODs/redu01/152258/raw/toltec_commissioning_science_152258_rtc_timestream.nc
ndet = 210  nsamp = 25039
Sample rate =  122.0703125
Finished reading in the file
##########################################
Gain Cut Fraction =  0.09523809523809523
Offset Cut Fraction =  0.1761904761904762
RMS Cut Fraction =  0.21428571428571427
Fraction of Detectors cut by CM cuts =  0.2523809523809524
##########################################
Running Spike Finder
Number of TODs with spike counts greater than 10.0 times the median =  4
Fraction of TODs =  0.01904761904761905
Spike Finder finished
Running Despiker
Time to despike =  1.0779972076416016
Fraction of Detectors cut in despiking =  0.14761904761904762
Fraction of Detectors with an incidence >10.0 seconds =  0.10476190476190476
Running jump detector
starting jump iter 1 of 1
have filtered data, now searching for jumps
Median number of jumps =  0.0
Fraction of Detectors Cut From Jumps =  0.0
Computing PSDs
Fitting PSDs
Fraction of Detectors cut in PSD analysis=  0.0380952380952381
29.27 Hz: 55 occurrences
Total Fraction of Detectors cut =  0.3476190476190476
Replacing Data for 210 Detectors
Reading in the file
Reading in network 8 from file:  /work/toltec/commissioning2025-test/2025-C1-COM-05/jgolec/MACS0717.5+3745/reduced_TODs/redu01/152258/raw/toltec_commissioning_science_152258_rtc_timestream.nc
ndet = 357  nsamp = 25039
Sample rate =  122.0703125
Finished reading in the file
##########################################
Gain Cut Fraction =  0.03081232492997199
Offset Cut Fraction =  0.04201680672268908
RMS Cut Fraction =  0.12605042016806722
Fraction of Detectors cut by CM cuts =  0.14285714285714285
##########################################
Running Spike Finder
Number of TODs with spike counts greater than 10.0 times the median =  17
Fraction of TODs =  0.047619047619047616
Spike Finder finished
Running Despiker
Time to despike =  1.274510383605957
Fraction of Detectors cut in despiking =  0.22408963585434175
Fraction of Detectors with an incidence >10.0 seconds =  0.226890756302521
Running jump detector
starting jump iter 1 of 1
have filtered data, now searching for jumps
Median number of jumps =  0.0
Fraction of Detectors Cut From Jumps =  0.05322128851540616
Computing PSDs
Fitting PSDs
Fraction of Detectors cut in PSD analysis=  0.07282913165266107
29.27 Hz: 416 occurrences
17.40 Hz: 42 occurrences
35.00 Hz: 3 occurrences
58.34 Hz: 1 occurrences
22.31 Hz: 1 occurrences
Total Fraction of Detectors cut =  0.4061624649859944
Replacing Data for 357 Detectors
Reading in the file
Reading in network 9 from file:  /work/toltec/commissioning2025-test/2025-C1-COM-05/jgolec/MACS0717.5+3745/reduced_TODs/redu01/152258/raw/toltec_commissioning_science_152258_rtc_timestream.nc
ndet = 272  nsamp = 25039
Sample rate =  122.0703125
Finished reading in the file
##########################################
Gain Cut Fraction =  0.17647058823529413
Offset Cut Fraction =  0.16911764705882354
RMS Cut Fraction =  0.16911764705882354
Fraction of Detectors cut by CM cuts =  0.29411764705882354
##########################################
Running Spike Finder
Number of TODs with spike counts greater than 10.0 times the median =  7
Fraction of TODs =  0.025735294117647058
Spike Finder finished
Running Despiker
Time to despike =  1.2858595848083496
Fraction of Detectors cut in despiking =  0.08088235294117647
Fraction of Detectors with an incidence >10.0 seconds =  0.4632352941176471
Running jump detector
starting jump iter 1 of 1
have filtered data, now searching for jumps
Median number of jumps =  0.0
Fraction of Detectors Cut From Jumps =  0.04044117647058824
Computing PSDs
Fitting PSDs
Fraction of Detectors cut in PSD analysis=  0.05514705882352941
29.27 Hz: 11 occurrences
46.88 Hz: 1 occurrences
32.55 Hz: 1 occurrences
Total Fraction of Detectors cut =  0.6727941176470589
Replacing Data for 272 Detectors
Reading in the file
Reading in network 11 from file:  /work/toltec/commissioning2025-test/2025-C1-COM-05/jgolec/MACS0717.5+3745/reduced_TODs/redu01/152258/raw/toltec_commissioning_science_152258_rtc_timestream.nc
ndet = 363  nsamp = 25039
Sample rate =  122.0703125
Finished reading in the file
##########################################
Gain Cut Fraction =  0.20110192837465565
Offset Cut Fraction =  0.25895316804407714
RMS Cut Fraction =  0.25895316804407714
Fraction of Detectors cut by CM cuts =  0.3608815426997245
##########################################
Running Spike Finder
Number of TODs with spike counts greater than 10.0 times the median =  43
Fraction of TODs =  0.1184573002754821
Spike Finder finished
Running Despiker
Time to despike =  1.31132173538208
Fraction of Detectors cut in despiking =  0.2699724517906336
Fraction of Detectors with an incidence >10.0 seconds =  0.23415977961432508
Running jump detector
starting jump iter 1 of 1
have filtered data, now searching for jumps
Median number of jumps =  0.0
Fraction of Detectors Cut From Jumps =  0.14049586776859505
Computing PSDs
Fitting PSDs
Fraction of Detectors cut in PSD analysis=  0.01652892561983471
57.52 Hz: 104 occurrences
29.27 Hz: 3 occurrences
Total Fraction of Detectors cut =  0.4462809917355372
Replacing Data for 363 Detectors
Reading in the file
Reading in network 12 from file:  /work/toltec/commissioning2025-test/2025-C1-COM-05/jgolec/MACS0717.5+3745/reduced_TODs/redu01/152258/raw/toltec_commissioning_science_152258_rtc_timestream.nc
ndet = 382  nsamp = 25039
Sample rate =  122.0703125
Finished reading in the file
##########################################
Gain Cut Fraction =  0.12303664921465969
Offset Cut Fraction =  0.14659685863874344
RMS Cut Fraction =  0.12827225130890052
Fraction of Detectors cut by CM cuts =  0.2356020942408377
##########################################
Running Spike Finder
Number of TODs with spike counts greater than 10.0 times the median =  104
Fraction of TODs =  0.27225130890052357
Spike Finder finished
Running Despiker
Time to despike =  0.7061939239501953
Fraction of Detectors cut in despiking =  0.20157068062827224
Fraction of Detectors with an incidence >10.0 seconds =  0.16230366492146597
Running jump detector
starting jump iter 1 of 1
have filtered data, now searching for jumps
Median number of jumps =  0.0
Fraction of Detectors Cut From Jumps =  0.20157068062827224
Computing PSDs
Fitting PSDs
Fraction of Detectors cut in PSD analysis=  0.07068062827225131
57.52 Hz: 120 occurrences
8.80 Hz: 8 occurrences
46.88 Hz: 4 occurrences
17.40 Hz: 3 occurrences
46.06 Hz: 2 occurrences
Total Fraction of Detectors cut =  0.47643979057591623
Replacing Data for 382 Detectors
Reading in the file
Reading in network 0 from file:  /work/toltec/commissioning2025-test/2025-C1-COM-05/jgolec/MACS0717.5+3745/reduced_TODs/redu01/152260/raw/toltec_commissioning_science_152260_rtc_timestream.nc
ndet = 479  nsamp = 25039
Sample rate =  122.0703125
Finished reading in the file
##########################################
Gain Cut Fraction =  0.0709812108559499
Offset Cut Fraction =  0.21085594989561587
RMS Cut Fraction =  0.22755741127348644
Fraction of Detectors cut by CM cuts =  0.267223382045929
##########################################
Running Spike Finder
Number of TODs with spike counts greater than 10.0 times the median =  96
Fraction of TODs =  0.20041753653444677
Spike Finder finished
Running Despiker
Time to despike =  0.4592893123626709
Fraction of Detectors cut in despiking =  0.081419624217119
Fraction of Detectors with an incidence >10.0 seconds =  0.016701461377870562
Running jump detector
starting jump iter 1 of 1
have filtered data, now searching for jumps
Median number of jumps =  0.0
Fraction of Detectors Cut From Jumps =  0.006263048016701462
Computing PSDs
Fitting PSDs
Fraction of Detectors cut in PSD analysis=  0.08350730688935282
30.09 Hz: 195 occurrences
58.34 Hz: 178 occurrences
29.27 Hz: 145 occurrences
37.46 Hz: 4 occurrences
32.55 Hz: 4 occurrences
Total Fraction of Detectors cut =  0.34029227557411273
Replacing Data for 479 Detectors
Reading in the file
Reading in network 1 from file:  /work/toltec/commissioning2025-test/2025-C1-COM-05/jgolec/MACS0717.5+3745/reduced_TODs/redu01/152260/raw/toltec_commissioning_science_152260_rtc_timestream.nc
ndet = 362  nsamp = 25039
Sample rate =  122.0703125
Finished reading in the file
##########################################
Gain Cut Fraction =  0.09944751381215469
Offset Cut Fraction =  0.12430939226519337
RMS Cut Fraction =  0.17955801104972377
Fraction of Detectors cut by CM cuts =  0.26243093922651933
##########################################
Running Spike Finder
Number of TODs with spike counts greater than 10.0 times the median =  43
Fraction of TODs =  0.11878453038674033
Spike Finder finished
Running Despiker
Time to despike =  0.37450456619262695
Fraction of Detectors cut in despiking =  0.04143646408839779
Fraction of Detectors with an incidence >10.0 seconds =  0.019337016574585635
Running jump detector
starting jump iter 1 of 1
have filtered data, now searching for jumps
Median number of jumps =  0.0
Fraction of Detectors Cut From Jumps =  0.0055248618784530384
Computing PSDs
Fitting PSDs
Fraction of Detectors cut in PSD analysis=  0.06629834254143646
58.75 Hz: 204 occurrences
30.09 Hz: 100 occurrences
29.27 Hz: 3 occurrences
Total Fraction of Detectors cut =  0.3314917127071823
Replacing Data for 362 Detectors
Reading in the file
Reading in network 2 from file:  /work/toltec/commissioning2025-test/2025-C1-COM-05/jgolec/MACS0717.5+3745/reduced_TODs/redu01/152260/raw/toltec_commissioning_science_152260_rtc_timestream.nc
ndet = 418  nsamp = 25039
Sample rate =  122.0703125
Finished reading in the file
##########################################
Gain Cut Fraction =  0.06937799043062201
Offset Cut Fraction =  0.25598086124401914
RMS Cut Fraction =  0.2607655502392344
Fraction of Detectors cut by CM cuts =  0.3062200956937799
##########################################
Running Spike Finder
Number of TODs with spike counts greater than 10.0 times the median =  84
Fraction of TODs =  0.20095693779904306
Spike Finder finished
Running Despiker
Time to despike =  1.2670698165893555
Fraction of Detectors cut in despiking =  0.3277511961722488
Fraction of Detectors with an incidence >10.0 seconds =  0.11004784688995216
Running jump detector
starting jump iter 1 of 1
have filtered data, now searching for jumps
Median number of jumps =  0.0
Fraction of Detectors Cut From Jumps =  0.011961722488038277
Computing PSDs
Fitting PSDs
Fraction of Detectors cut in PSD analysis=  0.0430622009569378
30.09 Hz: 64 occurrences
29.27 Hz: 44 occurrences
Total Fraction of Detectors cut =  0.5119617224880383
Replacing Data for 418 Detectors
Reading in the file
Reading in network 3 from file:  /work/toltec/commissioning2025-test/2025-C1-COM-05/jgolec/MACS0717.5+3745/reduced_TODs/redu01/152260/raw/toltec_commissioning_science_152260_rtc_timestream.nc
ndet = 384  nsamp = 25039
Sample rate =  122.0703125
Finished reading in the file
##########################################
Gain Cut Fraction =  0.057291666666666664
Offset Cut Fraction =  0.203125
RMS Cut Fraction =  0.203125
Fraction of Detectors cut by CM cuts =  0.24479166666666666
##########################################
Running Spike Finder
Number of TODs with spike counts greater than 10.0 times the median =  10
Fraction of TODs =  0.026041666666666668
Spike Finder finished
Running Despiker
Time to despike =  2.129420757293701
Fraction of Detectors cut in despiking =  0.11979166666666667
Fraction of Detectors with an incidence >10.0 seconds =  0.2526041666666667
Running jump detector
starting jump iter 1 of 1
have filtered data, now searching for jumps
Median number of jumps =  0.0
Fraction of Detectors Cut From Jumps =  0.010416666666666666
Computing PSDs
Fitting PSDs
Fraction of Detectors cut in PSD analysis=  0.026041666666666668
30.09 Hz: 115 occurrences
23.54 Hz: 2 occurrences
Total Fraction of Detectors cut =  0.3723958333333333
Replacing Data for 384 Detectors
Reading in the file
Reading in network 4 from file:  /work/toltec/commissioning2025-test/2025-C1-COM-05/jgolec/MACS0717.5+3745/reduced_TODs/redu01/152260/raw/toltec_commissioning_science_152260_rtc_timestream.nc
ndet = 363  nsamp = 25039
Sample rate =  122.0703125
Finished reading in the file
##########################################
Gain Cut Fraction =  0.07162534435261708
Offset Cut Fraction =  0.256198347107438
RMS Cut Fraction =  0.27823691460055094
Fraction of Detectors cut by CM cuts =  0.325068870523416
##########################################
Running Spike Finder
Number of TODs with spike counts greater than 10.0 times the median =  38
Fraction of TODs =  0.1046831955922865
Spike Finder finished
Running Despiker
Time to despike =  1.5979065895080566
Fraction of Detectors cut in despiking =  0.21763085399449036
Fraction of Detectors with an incidence >10.0 seconds =  0.31955922865013775
Running jump detector
starting jump iter 1 of 1
have filtered data, now searching for jumps
Median number of jumps =  0.0
Fraction of Detectors Cut From Jumps =  0.0027548209366391185
Computing PSDs
Fitting PSDs
Fraction of Detectors cut in PSD analysis=  0.06887052341597796
30.09 Hz: 141 occurrences
15.76 Hz: 2 occurrences
37.46 Hz: 1 occurrences
50.97 Hz: 1 occurrences
Total Fraction of Detectors cut =  0.4765840220385675
Replacing Data for 363 Detectors
Reading in the file
Reading in network 5 from file:  /work/toltec/commissioning2025-test/2025-C1-COM-05/jgolec/MACS0717.5+3745/reduced_TODs/redu01/152260/raw/toltec_commissioning_science_152260_rtc_timestream.nc
ndet = 373  nsamp = 25039
Sample rate =  122.0703125
Finished reading in the file
##########################################
Gain Cut Fraction =  0.05361930294906166
Offset Cut Fraction =  0.19302949061662197
RMS Cut Fraction =  0.21179624664879357
Fraction of Detectors cut by CM cuts =  0.24932975871313673
##########################################
Running Spike Finder
Number of TODs with spike counts greater than 10.0 times the median =  82
Fraction of TODs =  0.21983914209115282
Spike Finder finished
Running Despiker
Time to despike =  1.1475529670715332
Fraction of Detectors cut in despiking =  0.3351206434316354
Fraction of Detectors with an incidence >10.0 seconds =  0.11528150134048257
Running jump detector
starting jump iter 1 of 1
have filtered data, now searching for jumps
Median number of jumps =  0.0
Fraction of Detectors Cut From Jumps =  0.005361930294906166
Computing PSDs
Fitting PSDs
Fraction of Detectors cut in PSD analysis=  0.0938337801608579
30.09 Hz: 242 occurrences
15.76 Hz: 6 occurrences
27.22 Hz: 5 occurrences
18.63 Hz: 4 occurrences
50.97 Hz: 2 occurrences
Total Fraction of Detectors cut =  0.49865951742627346
Replacing Data for 373 Detectors
Reading in the file
Reading in network 6 from file:  /work/toltec/commissioning2025-test/2025-C1-COM-05/jgolec/MACS0717.5+3745/reduced_TODs/redu01/152260/raw/toltec_commissioning_science_152260_rtc_timestream.nc
ndet = 0  nsamp = 1
Sample rate =  122.0703125
Finished reading in the file
Reading in the file
Reading in network 7 from file:  /work/toltec/commissioning2025-test/2025-C1-COM-05/jgolec/MACS0717.5+3745/reduced_TODs/redu01/152260/raw/toltec_commissioning_science_152260_rtc_timestream.nc
ndet = 208  nsamp = 25039
Sample rate =  122.0703125
Finished reading in the file
##########################################
Gain Cut Fraction =  0.08653846153846154
Offset Cut Fraction =  0.16346153846153846
RMS Cut Fraction =  0.2403846153846154
Fraction of Detectors cut by CM cuts =  0.28365384615384615
##########################################
Running Spike Finder
Number of TODs with spike counts greater than 10.0 times the median =  2
Fraction of TODs =  0.009615384615384616
Spike Finder finished
Running Despiker
Time to despike =  0.8543343544006348
Fraction of Detectors cut in despiking =  0.2980769230769231
Fraction of Detectors with an incidence >10.0 seconds =  0.12980769230769232
Running jump detector
starting jump iter 1 of 1
have filtered data, now searching for jumps
Median number of jumps =  0.0
Fraction of Detectors Cut From Jumps =  0.0
Computing PSDs
Fitting PSDs
Fraction of Detectors cut in PSD analysis=  0.038461538461538464
Total Fraction of Detectors cut =  0.49038461538461536
Replacing Data for 208 Detectors
Reading in the file
Reading in network 8 from file:  /work/toltec/commissioning2025-test/2025-C1-COM-05/jgolec/MACS0717.5+3745/reduced_TODs/redu01/152260/raw/toltec_commissioning_science_152260_rtc_timestream.nc
ndet = 353  nsamp = 25039
Sample rate =  122.0703125
Finished reading in the file
##########################################
Gain Cut Fraction =  0.09631728045325778
Offset Cut Fraction =  0.21813031161473087
RMS Cut Fraction =  0.24362606232294617
Fraction of Detectors cut by CM cuts =  0.3002832861189802
##########################################
Running Spike Finder
Number of TODs with spike counts greater than 10.0 times the median =  53
Fraction of TODs =  0.1501416430594901
Spike Finder finished
Running Despiker
Time to despike =  0.9804441928863525
Fraction of Detectors cut in despiking =  0.24362606232294617
Fraction of Detectors with an incidence >10.0 seconds =  0.0821529745042493
Running jump detector
starting jump iter 1 of 1
have filtered data, now searching for jumps
Median number of jumps =  0.0
Fraction of Detectors Cut From Jumps =  0.0
Computing PSDs
Fitting PSDs
Fraction of Detectors cut in PSD analysis=  0.0453257790368272
29.27 Hz: 603 occurrences
17.40 Hz: 69 occurrences
10.03 Hz: 3 occurrences
9.21 Hz: 2 occurrences
Total Fraction of Detectors cut =  0.47592067988668557
Replacing Data for 353 Detectors
Reading in the file
Reading in network 9 from file:  /work/toltec/commissioning2025-test/2025-C1-COM-05/jgolec/MACS0717.5+3745/reduced_TODs/redu01/152260/raw/toltec_commissioning_science_152260_rtc_timestream.nc
ndet = 268  nsamp = 25039
Sample rate =  122.0703125
Finished reading in the file
##########################################
Gain Cut Fraction =  0.20522388059701493
Offset Cut Fraction =  0.22761194029850745
RMS Cut Fraction =  0.23507462686567165
Fraction of Detectors cut by CM cuts =  0.34701492537313433
##########################################
Running Spike Finder
Number of TODs with spike counts greater than 10.0 times the median =  17
Fraction of TODs =  0.06343283582089553
Spike Finder finished
Running Despiker
Time to despike =  0.9879834651947021
Fraction of Detectors cut in despiking =  0.17164179104477612
Fraction of Detectors with an incidence >10.0 seconds =  0.1828358208955224
Running jump detector
starting jump iter 1 of 1
have filtered data, now searching for jumps
Median number of jumps =  0.0
Fraction of Detectors Cut From Jumps =  0.014925373134328358
Computing PSDs
Fitting PSDs
Fraction of Detectors cut in PSD analysis=  0.048507462686567165
29.27 Hz: 49 occurrences
30.09 Hz: 3 occurrences
1.43 Hz: 3 occurrences
Total Fraction of Detectors cut =  0.458955223880597
Replacing Data for 268 Detectors
Reading in the file
Reading in network 11 from file:  /work/toltec/commissioning2025-test/2025-C1-COM-05/jgolec/MACS0717.5+3745/reduced_TODs/redu01/152260/raw/toltec_commissioning_science_152260_rtc_timestream.nc
ndet = 362  nsamp = 25039
Sample rate =  122.0703125
Finished reading in the file
##########################################
Gain Cut Fraction =  0.1712707182320442
Offset Cut Fraction =  0.24585635359116023
RMS Cut Fraction =  0.2569060773480663
Fraction of Detectors cut by CM cuts =  0.3397790055248619
##########################################
Running Spike Finder
Number of TODs with spike counts greater than 10.0 times the median =  58
Fraction of TODs =  0.16022099447513813
Spike Finder finished
Running Despiker
Time to despike =  1.2339894771575928
Fraction of Detectors cut in despiking =  0.30662983425414364
Fraction of Detectors with an incidence >10.0 seconds =  0.19889502762430938
Running jump detector
starting jump iter 1 of 1
have filtered data, now searching for jumps
Median number of jumps =  0.0
Fraction of Detectors Cut From Jumps =  0.0856353591160221
Computing PSDs
Fitting PSDs
Fraction of Detectors cut in PSD analysis=  0.04696132596685083
57.52 Hz: 50 occurrences
30.09 Hz: 12 occurrences
1.43 Hz: 9 occurrences
35.00 Hz: 8 occurrences
19.04 Hz: 7 occurrences
Total Fraction of Detectors cut =  0.4419889502762431
Replacing Data for 362 Detectors
Reading in the file
Reading in network 12 from file:  /work/toltec/commissioning2025-test/2025-C1-COM-05/jgolec/MACS0717.5+3745/reduced_TODs/redu01/152260/raw/toltec_commissioning_science_152260_rtc_timestream.nc
ndet = 382  nsamp = 25039
Sample rate =  122.0703125
Finished reading in the file
##########################################
Gain Cut Fraction =  0.09162303664921466
Offset Cut Fraction =  0.18324607329842932
RMS Cut Fraction =  0.17015706806282724
Fraction of Detectors cut by CM cuts =  0.23298429319371727
##########################################
Running Spike Finder
Number of TODs with spike counts greater than 10.0 times the median =  184
Fraction of TODs =  0.4816753926701571
Spike Finder finished
Running Despiker
Time to despike =  0.7118813991546631
Fraction of Detectors cut in despiking =  0.20418848167539266
Fraction of Detectors with an incidence >10.0 seconds =  0.1544502617801047
Running jump detector
starting jump iter 1 of 1
have filtered data, now searching for jumps
Median number of jumps =  0.0
Fraction of Detectors Cut From Jumps =  0.12041884816753927
Computing PSDs
Fitting PSDs
Fraction of Detectors cut in PSD analysis=  0.10471204188481675
57.52 Hz: 54 occurrences
35.00 Hz: 12 occurrences
1.43 Hz: 2 occurrences
Total Fraction of Detectors cut =  0.612565445026178
Replacing Data for 382 Detectors
Reading in the file
Reading in network 0 from file:  /work/toltec/commissioning2025-test/2025-C1-COM-05/jgolec/MACS0717.5+3745/reduced_TODs/redu01/152262/raw/toltec_commissioning_science_152262_rtc_timestream.nc
ndet = 479  nsamp = 25039
Sample rate =  122.0703125
Finished reading in the file
##########################################
Gain Cut Fraction =  0.06263048016701461
Offset Cut Fraction =  0.20668058455114824
RMS Cut Fraction =  0.22129436325678498
Fraction of Detectors cut by CM cuts =  0.267223382045929
##########################################
Running Spike Finder
Number of TODs with spike counts greater than 10.0 times the median =  22
Fraction of TODs =  0.04592901878914405
Spike Finder finished
Running Despiker
Time to despike =  1.2615180015563965
Fraction of Detectors cut in despiking =  0.23799582463465555
Fraction of Detectors with an incidence >10.0 seconds =  0.09394572025052192
Running jump detector
starting jump iter 1 of 1
have filtered data, now searching for jumps
Median number of jumps =  0.0
Fraction of Detectors Cut From Jumps =  0.0020876826722338203
Computing PSDs
Fitting PSDs
Fraction of Detectors cut in PSD analysis=  0.06471816283924843
30.09 Hz: 340 occurrences
58.75 Hz: 288 occurrences
29.27 Hz: 156 occurrences
37.46 Hz: 3 occurrences
Total Fraction of Detectors cut =  0.47390396659707723
Replacing Data for 479 Detectors
Reading in the file
Reading in network 1 from file:  /work/toltec/commissioning2025-test/2025-C1-COM-05/jgolec/MACS0717.5+3745/reduced_TODs/redu01/152262/raw/toltec_commissioning_science_152262_rtc_timestream.nc
ndet = 360  nsamp = 25039
Sample rate =  122.0703125
Finished reading in the file
##########################################
Gain Cut Fraction =  0.08055555555555556
Offset Cut Fraction =  0.2388888888888889
RMS Cut Fraction =  0.24722222222222223
Fraction of Detectors cut by CM cuts =  0.2916666666666667
##########################################
Running Spike Finder
Number of TODs with spike counts greater than 10.0 times the median =  13
Fraction of TODs =  0.03611111111111111
Spike Finder finished
Running Despiker
Time to despike =  1.4818520545959473
Fraction of Detectors cut in despiking =  0.2111111111111111
Fraction of Detectors with an incidence >10.0 seconds =  0.17777777777777778
Running jump detector
starting jump iter 1 of 1
have filtered data, now searching for jumps
Median number of jumps =  0.0
Fraction of Detectors Cut From Jumps =  0.030555555555555555
Computing PSDs
Fitting PSDs
Fraction of Detectors cut in PSD analysis=  0.09166666666666666
58.75 Hz: 164 occurrences
30.09 Hz: 106 occurrences
23.54 Hz: 3 occurrences
Total Fraction of Detectors cut =  0.40555555555555556
Replacing Data for 360 Detectors
Reading in the file
Reading in network 2 from file:  /work/toltec/commissioning2025-test/2025-C1-COM-05/jgolec/MACS0717.5+3745/reduced_TODs/redu01/152262/raw/toltec_commissioning_science_152262_rtc_timestream.nc
ndet = 420  nsamp = 25039
Sample rate =  122.0703125
Finished reading in the file
##########################################
Gain Cut Fraction =  0.09523809523809523
Offset Cut Fraction =  0.20952380952380953
RMS Cut Fraction =  0.22380952380952382
Fraction of Detectors cut by CM cuts =  0.2857142857142857
##########################################
Running Spike Finder
Number of TODs with spike counts greater than 10.0 times the median =  10
Fraction of TODs =  0.023809523809523808
Spike Finder finished
Running Despiker
Time to despike =  2.029452085494995
Fraction of Detectors cut in despiking =  0.3380952380952381
Fraction of Detectors with an incidence >10.0 seconds =  0.4357142857142857
Running jump detector
starting jump iter 1 of 1
have filtered data, now searching for jumps
Median number of jumps =  0.0
Fraction of Detectors Cut From Jumps =  0.21666666666666667
Computing PSDs
Fitting PSDs
Fraction of Detectors cut in PSD analysis=  0.08571428571428572
30.09 Hz: 78 occurrences
29.27 Hz: 23 occurrences
Total Fraction of Detectors cut =  0.6095238095238096
Replacing Data for 420 Detectors
Reading in the file
Reading in network 3 from file:  /work/toltec/commissioning2025-test/2025-C1-COM-05/jgolec/MACS0717.5+3745/reduced_TODs/redu01/152262/raw/toltec_commissioning_science_152262_rtc_timestream.nc
ndet = 386  nsamp = 25039
Sample rate =  122.0703125
Finished reading in the file
##########################################
Gain Cut Fraction =  0.05699481865284974
Offset Cut Fraction =  0.11398963730569948
RMS Cut Fraction =  0.11139896373056994
Fraction of Detectors cut by CM cuts =  0.16580310880829016
##########################################
Running Spike Finder
Number of TODs with spike counts greater than 10.0 times the median =  0
Fraction of TODs =  0.0
Spike Finder finished
Running Despiker
Time to despike =  2.5271530151367188
Fraction of Detectors cut in despiking =  0.0
Fraction of Detectors with an incidence >10.0 seconds =  0.7124352331606217
Running jump detector
starting jump iter 1 of 1
have filtered data, now searching for jumps
Median number of jumps =  0.0
Fraction of Detectors Cut From Jumps =  0.14507772020725387
Computing PSDs
Fitting PSDs
Fraction of Detectors cut in PSD analysis=  0.08031088082901554
30.09 Hz: 93 occurrences
29.27 Hz: 46 occurrences
23.54 Hz: 1 occurrences
Total Fraction of Detectors cut =  0.8031088082901554
Replacing Data for 386 Detectors
Reading in the file
Reading in network 4 from file:  /work/toltec/commissioning2025-test/2025-C1-COM-05/jgolec/MACS0717.5+3745/reduced_TODs/redu01/152262/raw/toltec_commissioning_science_152262_rtc_timestream.nc
ndet = 362  nsamp = 25039
Sample rate =  122.0703125
Finished reading in the file
##########################################
Gain Cut Fraction =  0.10773480662983426
Offset Cut Fraction =  0.23756906077348067
RMS Cut Fraction =  0.27348066298342544
Fraction of Detectors cut by CM cuts =  0.35359116022099446
##########################################
Running Spike Finder
Number of TODs with spike counts greater than 10.0 times the median =  51
Fraction of TODs =  0.1408839779005525
Spike Finder finished
Running Despiker
Time to despike =  1.9842913150787354
Fraction of Detectors cut in despiking =  0.19889502762430938
Fraction of Detectors with an incidence >10.0 seconds =  0.46685082872928174
Running jump detector
starting jump iter 1 of 1
have filtered data, now searching for jumps
Median number of jumps =  0.0
Fraction of Detectors Cut From Jumps =  0.10220994475138122
Computing PSDs
Fitting PSDs
Fraction of Detectors cut in PSD analysis=  0.07734806629834254
30.09 Hz: 178 occurrences
51.38 Hz: 2 occurrences
37.46 Hz: 1 occurrences
Total Fraction of Detectors cut =  0.6160220994475138
Replacing Data for 362 Detectors
Reading in the file
Reading in network 5 from file:  /work/toltec/commissioning2025-test/2025-C1-COM-05/jgolec/MACS0717.5+3745/reduced_TODs/redu01/152262/raw/toltec_commissioning_science_152262_rtc_timestream.nc
ndet = 371  nsamp = 25039
Sample rate =  122.0703125
Finished reading in the file
##########################################
Gain Cut Fraction =  0.0862533692722372
Offset Cut Fraction =  0.1967654986522911
RMS Cut Fraction =  0.215633423180593
Fraction of Detectors cut by CM cuts =  0.25067385444743934
##########################################
Running Spike Finder
Number of TODs with spike counts greater than 10.0 times the median =  7
Fraction of TODs =  0.018867924528301886
Spike Finder finished
Running Despiker
Time to despike =  1.432785987854004
Fraction of Detectors cut in despiking =  0.10512129380053908
Fraction of Detectors with an incidence >10.0 seconds =  0.04043126684636118
Running jump detector
starting jump iter 1 of 1
have filtered data, now searching for jumps
Median number of jumps =  0.0
Fraction of Detectors Cut From Jumps =  0.005390835579514825
Computing PSDs
Fitting PSDs
Fraction of Detectors cut in PSD analysis=  0.05390835579514825
30.09 Hz: 367 occurrences
15.76 Hz: 7 occurrences
27.22 Hz: 4 occurrences
46.88 Hz: 4 occurrences
34.59 Hz: 3 occurrences
Total Fraction of Detectors cut =  0.31536388140161725
Replacing Data for 371 Detectors
Reading in the file
Reading in network 6 from file:  /work/toltec/commissioning2025-test/2025-C1-COM-05/jgolec/MACS0717.5+3745/reduced_TODs/redu01/152262/raw/toltec_commissioning_science_152262_rtc_timestream.nc
ndet = 0  nsamp = 1
Sample rate =  122.0703125
Finished reading in the file
Reading in the file
Reading in network 7 from file:  /work/toltec/commissioning2025-test/2025-C1-COM-05/jgolec/MACS0717.5+3745/reduced_TODs/redu01/152262/raw/toltec_commissioning_science_152262_rtc_timestream.nc
ndet = 210  nsamp = 25039
Sample rate =  122.0703125
Finished reading in the file
##########################################
Gain Cut Fraction =  0.07142857142857142
Offset Cut Fraction =  0.1380952380952381
RMS Cut Fraction =  0.21904761904761905
Fraction of Detectors cut by CM cuts =  0.2571428571428571
##########################################
Running Spike Finder
Number of TODs with spike counts greater than 10.0 times the median =  4
Fraction of TODs =  0.01904761904761905
Spike Finder finished
Running Despiker
Time to despike =  0.8383064270019531
Fraction of Detectors cut in despiking =  0.3238095238095238
Fraction of Detectors with an incidence >10.0 seconds =  0.06190476190476191
Running jump detector
starting jump iter 1 of 1
have filtered data, now searching for jumps
Median number of jumps =  0.0
Fraction of Detectors Cut From Jumps =  0.014285714285714285
Computing PSDs
Fitting PSDs
Fraction of Detectors cut in PSD analysis=  0.05714285714285714
29.27 Hz: 4 occurrences
Total Fraction of Detectors cut =  0.4857142857142857
Replacing Data for 210 Detectors
Reading in the file
Reading in network 8 from file:  /work/toltec/commissioning2025-test/2025-C1-COM-05/jgolec/MACS0717.5+3745/reduced_TODs/redu01/152262/raw/toltec_commissioning_science_152262_rtc_timestream.nc
ndet = 361  nsamp = 25039
Sample rate =  122.0703125
Finished reading in the file
##########################################
Gain Cut Fraction =  0.055401662049861494
Offset Cut Fraction =  0.16620498614958448
RMS Cut Fraction =  0.19667590027700832
Fraction of Detectors cut by CM cuts =  0.23545706371191136
##########################################
Running Spike Finder
Number of TODs with spike counts greater than 10.0 times the median =  34
Fraction of TODs =  0.09418282548476455
Spike Finder finished
Running Despiker
Time to despike =  1.5582258701324463
Fraction of Detectors cut in despiking =  0.3157894736842105
Fraction of Detectors with an incidence >10.0 seconds =  0.27977839335180055
Running jump detector
starting jump iter 1 of 1
have filtered data, now searching for jumps
Median number of jumps =  0.0
Fraction of Detectors Cut From Jumps =  0.3545706371191136
Computing PSDs
Fitting PSDs
Fraction of Detectors cut in PSD analysis=  0.06925207756232687
29.27 Hz: 622 occurrences
17.40 Hz: 54 occurrences
35.00 Hz: 48 occurrences
46.88 Hz: 19 occurrences
52.61 Hz: 18 occurrences
Total Fraction of Detectors cut =  0.5678670360110804
Replacing Data for 361 Detectors
Reading in the file
Reading in network 9 from file:  /work/toltec/commissioning2025-test/2025-C1-COM-05/jgolec/MACS0717.5+3745/reduced_TODs/redu01/152262/raw/toltec_commissioning_science_152262_rtc_timestream.nc
ndet = 269  nsamp = 25039
Sample rate =  122.0703125
Finished reading in the file
##########################################
Gain Cut Fraction =  0.17472118959107807
Offset Cut Fraction =  0.19330855018587362
RMS Cut Fraction =  0.1895910780669145
Fraction of Detectors cut by CM cuts =  0.3048327137546468
##########################################
Running Spike Finder
Number of TODs with spike counts greater than 10.0 times the median =  6
Fraction of TODs =  0.022304832713754646
Spike Finder finished
Running Despiker
Time to despike =  1.4622113704681396
Fraction of Detectors cut in despiking =  0.18587360594795538
Fraction of Detectors with an incidence >10.0 seconds =  0.48698884758364314
Running jump detector
starting jump iter 1 of 1
have filtered data, now searching for jumps
Median number of jumps =  0.0
Fraction of Detectors Cut From Jumps =  0.15613382899628253
Computing PSDs
Fitting PSDs
Fraction of Detectors cut in PSD analysis=  0.08921933085501858
29.27 Hz: 1 occurrences
14.53 Hz: 1 occurrences
Total Fraction of Detectors cut =  0.6914498141263941
Replacing Data for 269 Detectors
Reading in the file
Reading in network 11 from file:  /work/toltec/commissioning2025-test/2025-C1-COM-05/jgolec/MACS0717.5+3745/reduced_TODs/redu01/152262/raw/toltec_commissioning_science_152262_rtc_timestream.nc
ndet = 362  nsamp = 25039
Sample rate =  122.0703125
Finished reading in the file
##########################################
Gain Cut Fraction =  0.09116022099447514
Offset Cut Fraction =  0.23756906077348067
RMS Cut Fraction =  0.24585635359116023
Fraction of Detectors cut by CM cuts =  0.24861878453038674
##########################################
Running Spike Finder
Number of TODs with spike counts greater than 10.0 times the median =  45
Fraction of TODs =  0.12430939226519337
Spike Finder finished
Running Despiker
Time to despike =  1.0375370979309082
Fraction of Detectors cut in despiking =  0.20718232044198895
Fraction of Detectors with an incidence >10.0 seconds =  0.10497237569060773
Running jump detector
starting jump iter 1 of 1
have filtered data, now searching for jumps
Median number of jumps =  0.0
Fraction of Detectors Cut From Jumps =  0.31215469613259667
Computing PSDs
Fitting PSDs
Fraction of Detectors cut in PSD analysis=  0.058011049723756904
57.52 Hz: 49 occurrences
1.43 Hz: 6 occurrences
32.55 Hz: 5 occurrences
29.27 Hz: 3 occurrences
30.09 Hz: 1 occurrences
Total Fraction of Detectors cut =  0.43922651933701656
Replacing Data for 362 Detectors
Reading in the file
Reading in network 12 from file:  /work/toltec/commissioning2025-test/2025-C1-COM-05/jgolec/MACS0717.5+3745/reduced_TODs/redu01/152262/raw/toltec_commissioning_science_152262_rtc_timestream.nc
ndet = 382  nsamp = 25039
Sample rate =  122.0703125
Finished reading in the file
##########################################
Gain Cut Fraction =  0.04712041884816754
Offset Cut Fraction =  0.10471204188481675
RMS Cut Fraction =  0.12041884816753927
Fraction of Detectors cut by CM cuts =  0.13350785340314136
##########################################
Running Spike Finder
Number of TODs with spike counts greater than 10.0 times the median =  97
Fraction of TODs =  0.25392670157068065
Spike Finder finished
Running Despiker
Time to despike =  0.7948260307312012
Fraction of Detectors cut in despiking =  0.14397905759162305
Fraction of Detectors with an incidence >10.0 seconds =  0.08376963350785341
Running jump detector
starting jump iter 1 of 1
have filtered data, now searching for jumps
Median number of jumps =  0.0
Fraction of Detectors Cut From Jumps =  0.3743455497382199
Computing PSDs
Fitting PSDs
Fraction of Detectors cut in PSD analysis=  0.06544502617801047
57.52 Hz: 102 occurrences
37.46 Hz: 46 occurrences
42.37 Hz: 13 occurrences
9.62 Hz: 6 occurrences
7.98 Hz: 3 occurrences
Total Fraction of Detectors cut =  0.612565445026178
Replacing Data for 382 Detectors
Reading in the file
Reading in network 0 from file:  /work/toltec/commissioning2025-test/2025-C1-COM-05/jgolec/MACS0717.5+3745/reduced_TODs/redu01/152264/raw/toltec_commissioning_science_152264_rtc_timestream.nc
ndet = 477  nsamp = 25039
Sample rate =  122.0703125
Finished reading in the file
##########################################
Gain Cut Fraction =  0.06079664570230608
Offset Cut Fraction =  0.18238993710691823
RMS Cut Fraction =  0.2180293501048218
Fraction of Detectors cut by CM cuts =  0.2641509433962264
##########################################
Running Spike Finder
Number of TODs with spike counts greater than 10.0 times the median =  16
Fraction of TODs =  0.033542976939203356
Spike Finder finished
Running Despiker
Time to despike =  1.5633563995361328
Fraction of Detectors cut in despiking =  0.05450733752620545
Fraction of Detectors with an incidence >10.0 seconds =  0.4758909853249476
Running jump detector
starting jump iter 1 of 1
have filtered data, now searching for jumps
Median number of jumps =  0.0
Fraction of Detectors Cut From Jumps =  0.0
Computing PSDs
Fitting PSDs
Fraction of Detectors cut in PSD analysis=  0.07337526205450734
30.09 Hz: 559 occurrences
58.34 Hz: 107 occurrences
29.27 Hz: 99 occurrences
42.37 Hz: 11 occurrences
15.76 Hz: 5 occurrences
Total Fraction of Detectors cut =  0.6436058700209644
Replacing Data for 477 Detectors
Reading in the file
Reading in network 1 from file:  /work/toltec/commissioning2025-test/2025-C1-COM-05/jgolec/MACS0717.5+3745/reduced_TODs/redu01/152264/raw/toltec_commissioning_science_152264_rtc_timestream.nc
ndet = 361  nsamp = 25039
Sample rate =  122.0703125
Finished reading in the file
##########################################
Gain Cut Fraction =  0.10526315789473684
Offset Cut Fraction =  0.2409972299168975
RMS Cut Fraction =  0.25761772853185594
Fraction of Detectors cut by CM cuts =  0.31024930747922436
##########################################
Running Spike Finder
Number of TODs with spike counts greater than 10.0 times the median =  4
Fraction of TODs =  0.0110803324099723
Spike Finder finished
Running Despiker
Time to despike =  1.5000264644622803
Fraction of Detectors cut in despiking =  0.00554016620498615
Fraction of Detectors with an incidence >10.0 seconds =  0.6842105263157895
Running jump detector
starting jump iter 1 of 1
have filtered data, now searching for jumps
Median number of jumps =  0.0
Fraction of Detectors Cut From Jumps =  0.027700831024930747
Computing PSDs
Fitting PSDs
Fraction of Detectors cut in PSD analysis=  0.11080332409972299
30.09 Hz: 268 occurrences
58.34 Hz: 66 occurrences
23.54 Hz: 3 occurrences
15.76 Hz: 2 occurrences
Total Fraction of Detectors cut =  0.7922437673130194
Replacing Data for 361 Detectors
Reading in the file
Reading in network 2 from file:  /work/toltec/commissioning2025-test/2025-C1-COM-05/jgolec/MACS0717.5+3745/reduced_TODs/redu01/152264/raw/toltec_commissioning_science_152264_rtc_timestream.nc
ndet = 417  nsamp = 25039
Sample rate =  122.0703125
Finished reading in the file
##########################################
Gain Cut Fraction =  0.11510791366906475
Offset Cut Fraction =  0.23501199040767387
RMS Cut Fraction =  0.24700239808153476
Fraction of Detectors cut by CM cuts =  0.328537170263789
##########################################
Running Spike Finder
Number of TODs with spike counts greater than 10.0 times the median =  3
Fraction of TODs =  0.007194244604316547
Spike Finder finished
Running Despiker
Time to despike =  2.013417959213257
Fraction of Detectors cut in despiking =  0.0
Fraction of Detectors with an incidence >10.0 seconds =  0.7194244604316546
Running jump detector
starting jump iter 1 of 1
have filtered data, now searching for jumps
Median number of jumps =  0.0
Fraction of Detectors Cut From Jumps =  0.18225419664268586
Computing PSDs
Fitting PSDs
Fraction of Detectors cut in PSD analysis=  0.08633093525179857
30.09 Hz: 116 occurrences
15.76 Hz: 2 occurrences
Total Fraction of Detectors cut =  0.829736211031175
Replacing Data for 417 Detectors
Reading in the file
Reading in network 3 from file:  /work/toltec/commissioning2025-test/2025-C1-COM-05/jgolec/MACS0717.5+3745/reduced_TODs/redu01/152264/raw/toltec_commissioning_science_152264_rtc_timestream.nc
ndet = 387  nsamp = 25039
Sample rate =  122.0703125
Finished reading in the file
##########################################
Gain Cut Fraction =  0.06459948320413436
Offset Cut Fraction =  0.1834625322997416
RMS Cut Fraction =  0.20671834625322996
Fraction of Detectors cut by CM cuts =  0.25839793281653745
##########################################
Running Spike Finder
Number of TODs with spike counts greater than 10.0 times the median =  0
Fraction of TODs =  0.0
Spike Finder finished
Running Despiker
Time to despike =  2.2021403312683105
Fraction of Detectors cut in despiking =  0.0
Fraction of Detectors with an incidence >10.0 seconds =  0.8863049095607235
Running jump detector
starting jump iter 1 of 1
have filtered data, now searching for jumps
Median number of jumps =  0.0
Fraction of Detectors Cut From Jumps =  0.10852713178294573
Computing PSDs
Fitting PSDs
Fraction of Detectors cut in PSD analysis=  0.07493540051679587
30.09 Hz: 196 occurrences
15.76 Hz: 5 occurrences
29.27 Hz: 3 occurrences
Total Fraction of Detectors cut =  0.9354005167958657
Replacing Data for 387 Detectors
Reading in the file
Reading in network 4 from file:  /work/toltec/commissioning2025-test/2025-C1-COM-05/jgolec/MACS0717.5+3745/reduced_TODs/redu01/152264/raw/toltec_commissioning_science_152264_rtc_timestream.nc
ndet = 363  nsamp = 25039
Sample rate =  122.0703125
Finished reading in the file
##########################################
Gain Cut Fraction =  0.09641873278236915
Offset Cut Fraction =  0.2066115702479339
RMS Cut Fraction =  0.2534435261707989
Fraction of Detectors cut by CM cuts =  0.3140495867768595
##########################################
Running Spike Finder
Number of TODs with spike counts greater than 10.0 times the median =  58
Fraction of TODs =  0.15977961432506887
Spike Finder finished
Running Despiker
Time to despike =  1.9095981121063232
Fraction of Detectors cut in despiking =  0.01928374655647383
Fraction of Detectors with an incidence >10.0 seconds =  0.6253443526170799
Running jump detector
starting jump iter 1 of 1
have filtered data, now searching for jumps
Median number of jumps =  0.0
Fraction of Detectors Cut From Jumps =  0.027548209366391185
Computing PSDs
Fitting PSDs
Fraction of Detectors cut in PSD analysis=  0.10192837465564739
30.09 Hz: 284 occurrences
29.27 Hz: 51 occurrences
37.46 Hz: 4 occurrences
15.76 Hz: 4 occurrences
23.54 Hz: 1 occurrences
Total Fraction of Detectors cut =  0.7548209366391184
Replacing Data for 363 Detectors
Reading in the file
Reading in network 5 from file:  /work/toltec/commissioning2025-test/2025-C1-COM-05/jgolec/MACS0717.5+3745/reduced_TODs/redu01/152264/raw/toltec_commissioning_science_152264_rtc_timestream.nc
ndet = 373  nsamp = 25039
Sample rate =  122.0703125
Finished reading in the file
##########################################
Gain Cut Fraction =  0.06702412868632708
Offset Cut Fraction =  0.1742627345844504
RMS Cut Fraction =  0.2064343163538874
Fraction of Detectors cut by CM cuts =  0.23056300268096513
##########################################
Running Spike Finder
Number of TODs with spike counts greater than 10.0 times the median =  3
Fraction of TODs =  0.00804289544235925
Spike Finder finished
Running Despiker
Time to despike =  1.4507708549499512
Fraction of Detectors cut in despiking =  0.10187667560321716
Fraction of Detectors with an incidence >10.0 seconds =  0.38873994638069703
Running jump detector
starting jump iter 1 of 1
have filtered data, now searching for jumps
Median number of jumps =  0.0
Fraction of Detectors Cut From Jumps =  0.005361930294906166
Computing PSDs
Fitting PSDs
Fraction of Detectors cut in PSD analysis=  0.03753351206434316
30.09 Hz: 564 occurrences
15.76 Hz: 16 occurrences
27.22 Hz: 4 occurrences
32.14 Hz: 3 occurrences
34.59 Hz: 3 occurrences
Total Fraction of Detectors cut =  0.5415549597855228
Replacing Data for 373 Detectors
Reading in the file
Reading in network 6 from file:  /work/toltec/commissioning2025-test/2025-C1-COM-05/jgolec/MACS0717.5+3745/reduced_TODs/redu01/152264/raw/toltec_commissioning_science_152264_rtc_timestream.nc
ndet = 0  nsamp = 1
Sample rate =  122.0703125
Finished reading in the file
Reading in the file
Reading in network 7 from file:  /work/toltec/commissioning2025-test/2025-C1-COM-05/jgolec/MACS0717.5+3745/reduced_TODs/redu01/152264/raw/toltec_commissioning_science_152264_rtc_timestream.nc
ndet = 210  nsamp = 25039
Sample rate =  122.0703125
Finished reading in the file
##########################################
Gain Cut Fraction =  0.06666666666666667
Offset Cut Fraction =  0.10476190476190476
RMS Cut Fraction =  0.16666666666666666
Fraction of Detectors cut by CM cuts =  0.2
##########################################
Running Spike Finder
Number of TODs with spike counts greater than 10.0 times the median =  5
Fraction of TODs =  0.023809523809523808
Spike Finder finished
Running Despiker
Time to despike =  0.7101023197174072
Fraction of Detectors cut in despiking =  0.24761904761904763
Fraction of Detectors with an incidence >10.0 seconds =  0.26666666666666666
Running jump detector
starting jump iter 1 of 1
have filtered data, now searching for jumps
Median number of jumps =  0.0
Fraction of Detectors Cut From Jumps =  0.023809523809523808
Computing PSDs
Fitting PSDs
Fraction of Detectors cut in PSD analysis=  0.05714285714285714
29.27 Hz: 88 occurrences
58.75 Hz: 29 occurrences
46.88 Hz: 2 occurrences
Total Fraction of Detectors cut =  0.44285714285714284
Replacing Data for 210 Detectors
Reading in the file
Reading in network 8 from file:  /work/toltec/commissioning2025-test/2025-C1-COM-05/jgolec/MACS0717.5+3745/reduced_TODs/redu01/152264/raw/toltec_commissioning_science_152264_rtc_timestream.nc
ndet = 361  nsamp = 25039
Sample rate =  122.0703125
Finished reading in the file
##########################################
Gain Cut Fraction =  0.036011080332409975
Offset Cut Fraction =  0.16066481994459833
RMS Cut Fraction =  0.18559556786703602
Fraction of Detectors cut by CM cuts =  0.21329639889196675
##########################################
Running Spike Finder
Number of TODs with spike counts greater than 10.0 times the median =  42
Fraction of TODs =  0.11634349030470914
Spike Finder finished
Running Despiker
Time to despike =  1.3027126789093018
Fraction of Detectors cut in despiking =  0.2188365650969529
Fraction of Detectors with an incidence >10.0 seconds =  0.4626038781163435
Running jump detector
starting jump iter 1 of 1
have filtered data, now searching for jumps
Median number of jumps =  0.0
Fraction of Detectors Cut From Jumps =  0.39335180055401664
Computing PSDs
Fitting PSDs
Fraction of Detectors cut in PSD analysis=  0.07756232686980609
29.27 Hz: 540 occurrences
37.46 Hz: 7 occurrences
58.34 Hz: 1 occurrences
41.55 Hz: 1 occurrences
42.78 Hz: 1 occurrences
Total Fraction of Detectors cut =  0.6897506925207756
Replacing Data for 361 Detectors
Reading in the file
Reading in network 9 from file:  /work/toltec/commissioning2025-test/2025-C1-COM-05/jgolec/MACS0717.5+3745/reduced_TODs/redu01/152264/raw/toltec_commissioning_science_152264_rtc_timestream.nc
ndet = 273  nsamp = 25039
Sample rate =  122.0703125
Finished reading in the file
##########################################
Gain Cut Fraction =  0.1794871794871795
Offset Cut Fraction =  0.2087912087912088
RMS Cut Fraction =  0.2087912087912088
Fraction of Detectors cut by CM cuts =  0.315018315018315
##########################################
Running Spike Finder
Number of TODs with spike counts greater than 10.0 times the median =  7
Fraction of TODs =  0.02564102564102564
Spike Finder finished
Running Despiker
Time to despike =  1.2967948913574219
Fraction of Detectors cut in despiking =  0.0
Fraction of Detectors with an incidence >10.0 seconds =  0.6043956043956044
Running jump detector
starting jump iter 1 of 1
have filtered data, now searching for jumps
Median number of jumps =  0.0
Fraction of Detectors Cut From Jumps =  0.1794871794871795
Computing PSDs
Fitting PSDs
Fraction of Detectors cut in PSD analysis=  0.09157509157509157
29.27 Hz: 141 occurrences
58.75 Hz: 33 occurrences
27.63 Hz: 7 occurrences
1.43 Hz: 4 occurrences
37.05 Hz: 3 occurrences
Total Fraction of Detectors cut =  0.8095238095238095
Replacing Data for 273 Detectors
Reading in the file
Reading in network 11 from file:  /work/toltec/commissioning2025-test/2025-C1-COM-05/jgolec/MACS0717.5+3745/reduced_TODs/redu01/152264/raw/toltec_commissioning_science_152264_rtc_timestream.nc
ndet = 361  nsamp = 25039
Sample rate =  122.0703125
Finished reading in the file
##########################################
Gain Cut Fraction =  0.14127423822714683
Offset Cut Fraction =  0.2548476454293629
RMS Cut Fraction =  0.25761772853185594
Fraction of Detectors cut by CM cuts =  0.29362880886426596
##########################################
Running Spike Finder
Number of TODs with spike counts greater than 10.0 times the median =  97
Fraction of TODs =  0.26869806094182824
Spike Finder finished
Running Despiker
Time to despike =  0.8198599815368652
Fraction of Detectors cut in despiking =  0.26038781163434904
Fraction of Detectors with an incidence >10.0 seconds =  0.2077562326869806
Running jump detector
starting jump iter 1 of 1
have filtered data, now searching for jumps
Median number of jumps =  0.0
Fraction of Detectors Cut From Jumps =  0.2188365650969529
Computing PSDs
Fitting PSDs
Fraction of Detectors cut in PSD analysis=  0.0664819944598338
57.52 Hz: 133 occurrences
29.27 Hz: 10 occurrences
37.46 Hz: 7 occurrences
36.64 Hz: 5 occurrences
14.12 Hz: 3 occurrences
Total Fraction of Detectors cut =  0.45429362880886426
Replacing Data for 361 Detectors
Reading in the file
Reading in network 12 from file:  /work/toltec/commissioning2025-test/2025-C1-COM-05/jgolec/MACS0717.5+3745/reduced_TODs/redu01/152264/raw/toltec_commissioning_science_152264_rtc_timestream.nc
ndet = 383  nsamp = 25039
Sample rate =  122.0703125
Finished reading in the file
##########################################
Gain Cut Fraction =  0.04177545691906005
Offset Cut Fraction =  0.1671018276762402
RMS Cut Fraction =  0.1801566579634465
Fraction of Detectors cut by CM cuts =  0.18798955613577023
##########################################
Running Spike Finder
Number of TODs with spike counts greater than 10.0 times the median =  100
Fraction of TODs =  0.26109660574412535
Spike Finder finished
Running Despiker
Time to despike =  0.6995246410369873
Fraction of Detectors cut in despiking =  0.2558746736292428
Fraction of Detectors with an incidence >10.0 seconds =  0.18276762402088773
Running jump detector
starting jump iter 1 of 1
have filtered data, now searching for jumps
Median number of jumps =  0.0
Fraction of Detectors Cut From Jumps =  0.360313315926893
Computing PSDs
Fitting PSDs
Fraction of Detectors cut in PSD analysis=  0.06788511749347259
35.00 Hz: 44 occurrences
46.88 Hz: 27 occurrences
57.52 Hz: 19 occurrences
46.06 Hz: 9 occurrences
41.14 Hz: 6 occurrences
Total Fraction of Detectors cut =  0.5822454308093995
Replacing Data for 383 Detectors
Reading in the file
Reading in network 0 from file:  /work/toltec/commissioning2025-test/2025-C1-COM-05/jgolec/MACS0717.5+3745/reduced_TODs/redu01/152478/raw/toltec_commissioning_science_152478_rtc_timestream.nc
ndet = 475  nsamp = 25039
Sample rate =  122.0703125
Finished reading in the file
##########################################
Gain Cut Fraction =  0.1368421052631579
Offset Cut Fraction =  0.12631578947368421
RMS Cut Fraction =  0.15578947368421053
Fraction of Detectors cut by CM cuts =  0.25473684210526315
##########################################
Running Spike Finder
Number of TODs with spike counts greater than 10.0 times the median =  35
Fraction of TODs =  0.07368421052631578
Spike Finder finished
Running Despiker
Time to despike =  1.3056073188781738
Fraction of Detectors cut in despiking =  0.38105263157894737
Fraction of Detectors with an incidence >10.0 seconds =  0.37473684210526315
Running jump detector
starting jump iter 1 of 1
have filtered data, now searching for jumps
Median number of jumps =  0.0
Fraction of Detectors Cut From Jumps =  0.25473684210526315
Computing PSDs
Fitting PSDs
Fraction of Detectors cut in PSD analysis=  0.09263157894736843
30.50 Hz: 317 occurrences
58.75 Hz: 134 occurrences
29.27 Hz: 93 occurrences
Total Fraction of Detectors cut =  0.6610526315789473
Replacing Data for 475 Detectors
Reading in the file
Reading in network 1 from file:  /work/toltec/commissioning2025-test/2025-C1-COM-05/jgolec/MACS0717.5+3745/reduced_TODs/redu01/152478/raw/toltec_commissioning_science_152478_rtc_timestream.nc
ndet = 356  nsamp = 25039
Sample rate =  122.0703125
Finished reading in the file
##########################################
Gain Cut Fraction =  0.12359550561797752
Offset Cut Fraction =  0.21629213483146068
RMS Cut Fraction =  0.21910112359550563
Fraction of Detectors cut by CM cuts =  0.3202247191011236
##########################################
Running Spike Finder
Number of TODs with spike counts greater than 10.0 times the median =  49
Fraction of TODs =  0.13764044943820225
Spike Finder finished
Running Despiker
Time to despike =  0.8143675327301025
Fraction of Detectors cut in despiking =  0.21910112359550563
Fraction of Detectors with an incidence >10.0 seconds =  0.1404494382022472
Running jump detector
starting jump iter 1 of 1
have filtered data, now searching for jumps
Median number of jumps =  0.0
Fraction of Detectors Cut From Jumps =  0.016853932584269662
Computing PSDs
Fitting PSDs
Fraction of Detectors cut in PSD analysis=  0.0702247191011236
30.50 Hz: 244 occurrences
58.34 Hz: 97 occurrences
Total Fraction of Detectors cut =  0.4044943820224719
Replacing Data for 356 Detectors
Reading in the file
Reading in network 2 from file:  /work/toltec/commissioning2025-test/2025-C1-COM-05/jgolec/MACS0717.5+3745/reduced_TODs/redu01/152478/raw/toltec_commissioning_science_152478_rtc_timestream.nc
ndet = 413  nsamp = 25039
Sample rate =  122.0703125
Finished reading in the file
##########################################
Gain Cut Fraction =  0.06537530266343826
Offset Cut Fraction =  0.22760290556900725
RMS Cut Fraction =  0.2566585956416465
Fraction of Detectors cut by CM cuts =  0.30024213075060535
##########################################
Running Spike Finder
Number of TODs with spike counts greater than 10.0 times the median =  28
Fraction of TODs =  0.06779661016949153
Spike Finder finished
Running Despiker
Time to despike =  1.2512426376342773
Fraction of Detectors cut in despiking =  0.29782082324455206
Fraction of Detectors with an incidence >10.0 seconds =  0.26634382566585957
Running jump detector
starting jump iter 1 of 1
have filtered data, now searching for jumps
Median number of jumps =  0.0
Fraction of Detectors Cut From Jumps =  0.1549636803874092
Computing PSDs
Fitting PSDs
Fraction of Detectors cut in PSD analysis=  0.08958837772397095
30.50 Hz: 160 occurrences
29.27 Hz: 120 occurrences
Total Fraction of Detectors cut =  0.5786924939467313
Replacing Data for 413 Detectors
Reading in the file
Reading in network 3 from file:  /work/toltec/commissioning2025-test/2025-C1-COM-05/jgolec/MACS0717.5+3745/reduced_TODs/redu01/152478/raw/toltec_commissioning_science_152478_rtc_timestream.nc
ndet = 385  nsamp = 25039
Sample rate =  122.0703125
Finished reading in the file
##########################################
Gain Cut Fraction =  0.13766233766233765
Offset Cut Fraction =  0.14285714285714285
RMS Cut Fraction =  0.14545454545454545
Fraction of Detectors cut by CM cuts =  0.2597402597402597
##########################################
Running Spike Finder
Number of TODs with spike counts greater than 10.0 times the median =  13
Fraction of TODs =  0.033766233766233764
Spike Finder finished
Running Despiker
Time to despike =  1.438542127609253
Fraction of Detectors cut in despiking =  0.2623376623376623
Fraction of Detectors with an incidence >10.0 seconds =  0.11948051948051948
Running jump detector
starting jump iter 1 of 1
have filtered data, now searching for jumps
Median number of jumps =  0.0
Fraction of Detectors Cut From Jumps =  0.01038961038961039
Computing PSDs
Fitting PSDs
Fraction of Detectors cut in PSD analysis=  0.07532467532467532
30.50 Hz: 394 occurrences
29.27 Hz: 45 occurrences
58.34 Hz: 2 occurrences
Total Fraction of Detectors cut =  0.44935064935064933
Replacing Data for 385 Detectors
Reading in the file
Reading in network 4 from file:  /work/toltec/commissioning2025-test/2025-C1-COM-05/jgolec/MACS0717.5+3745/reduced_TODs/redu01/152478/raw/toltec_commissioning_science_152478_rtc_timestream.nc
ndet = 262  nsamp = 25039
Sample rate =  122.0703125
Finished reading in the file
##########################################
Gain Cut Fraction =  0.1450381679389313
Offset Cut Fraction =  0.21374045801526717
RMS Cut Fraction =  0.24045801526717558
Fraction of Detectors cut by CM cuts =  0.3320610687022901
##########################################
Running Spike Finder
Number of TODs with spike counts greater than 10.0 times the median =  32
Fraction of TODs =  0.12213740458015267
Spike Finder finished
Running Despiker
Time to despike =  0.7752256393432617
Fraction of Detectors cut in despiking =  0.3282442748091603
Fraction of Detectors with an incidence >10.0 seconds =  0.13358778625954199
Running jump detector
starting jump iter 1 of 1
have filtered data, now searching for jumps
Median number of jumps =  0.0
Fraction of Detectors Cut From Jumps =  0.015267175572519083
Computing PSDs
Fitting PSDs
Fraction of Detectors cut in PSD analysis=  0.07633587786259542
30.50 Hz: 335 occurrences
Total Fraction of Detectors cut =  0.5229007633587787
Replacing Data for 262 Detectors
Reading in the file
Reading in network 5 from file:  /work/toltec/commissioning2025-test/2025-C1-COM-05/jgolec/MACS0717.5+3745/reduced_TODs/redu01/152478/raw/toltec_commissioning_science_152478_rtc_timestream.nc
ndet = 363  nsamp = 25039
Sample rate =  122.0703125
Finished reading in the file
##########################################
Gain Cut Fraction =  0.11019283746556474
Offset Cut Fraction =  0.17355371900826447
RMS Cut Fraction =  0.1763085399449036
Fraction of Detectors cut by CM cuts =  0.24517906336088155
##########################################
Running Spike Finder
Number of TODs with spike counts greater than 10.0 times the median =  17
Fraction of TODs =  0.046831955922865015
Spike Finder finished
Running Despiker
Time to despike =  1.7776455879211426
Fraction of Detectors cut in despiking =  0.0
Fraction of Detectors with an incidence >10.0 seconds =  0.5206611570247934
Running jump detector
starting jump iter 1 of 1
have filtered data, now searching for jumps
Median number of jumps =  0.0
Fraction of Detectors Cut From Jumps =  0.06611570247933884
Computing PSDs
Fitting PSDs
Fraction of Detectors cut in PSD analysis=  0.0743801652892562
30.50 Hz: 272 occurrences
Total Fraction of Detectors cut =  0.6198347107438017
Replacing Data for 363 Detectors
Reading in the file
Reading in network 6 from file:  /work/toltec/commissioning2025-test/2025-C1-COM-05/jgolec/MACS0717.5+3745/reduced_TODs/redu01/152478/raw/toltec_commissioning_science_152478_rtc_timestream.nc
ndet = 0  nsamp = 1
Sample rate =  122.0703125
Finished reading in the file
Reading in the file
Reading in network 7 from file:  /work/toltec/commissioning2025-test/2025-C1-COM-05/jgolec/MACS0717.5+3745/reduced_TODs/redu01/152478/raw/toltec_commissioning_science_152478_rtc_timestream.nc
ndet = 200  nsamp = 25039
Sample rate =  122.0703125
Finished reading in the file
##########################################
Gain Cut Fraction =  0.115
Offset Cut Fraction =  0.215
RMS Cut Fraction =  0.205
Fraction of Detectors cut by CM cuts =  0.275
##########################################
Running Spike Finder
Number of TODs with spike counts greater than 10.0 times the median =  0
Fraction of TODs =  0.0
Spike Finder finished
Running Despiker
Time to despike =  1.2360408306121826
Fraction of Detectors cut in despiking =  0.01
Fraction of Detectors with an incidence >10.0 seconds =  0.33
Running jump detector
starting jump iter 1 of 1
have filtered data, now searching for jumps
Median number of jumps =  0.0
Fraction of Detectors Cut From Jumps =  0.045
Computing PSDs
Fitting PSDs
Fraction of Detectors cut in PSD analysis=  0.05
29.27 Hz: 3 occurrences
Total Fraction of Detectors cut =  0.445
Replacing Data for 200 Detectors
Reading in the file
Reading in network 8 from file:  /work/toltec/commissioning2025-test/2025-C1-COM-05/jgolec/MACS0717.5+3745/reduced_TODs/redu01/152478/raw/toltec_commissioning_science_152478_rtc_timestream.nc
ndet = 350  nsamp = 25039
Sample rate =  122.0703125
Finished reading in the file
##########################################
Gain Cut Fraction =  0.14285714285714285
Offset Cut Fraction =  0.2057142857142857
RMS Cut Fraction =  0.23142857142857143
Fraction of Detectors cut by CM cuts =  0.3
##########################################
Running Spike Finder
Number of TODs with spike counts greater than 10.0 times the median =  29
Fraction of TODs =  0.08285714285714285
Spike Finder finished
Running Despiker
Time to despike =  1.0830137729644775
Fraction of Detectors cut in despiking =  0.34
Fraction of Detectors with an incidence >10.0 seconds =  0.05142857142857143
Running jump detector
starting jump iter 1 of 1
have filtered data, now searching for jumps
Median number of jumps =  0.0
Fraction of Detectors Cut From Jumps =  0.025714285714285714
Computing PSDs
Fitting PSDs
Fraction of Detectors cut in PSD analysis=  0.02857142857142857
29.27 Hz: 180 occurrences
17.40 Hz: 4 occurrences
Total Fraction of Detectors cut =  0.5571428571428572
Replacing Data for 350 Detectors
Reading in the file
Reading in network 9 from file:  /work/toltec/commissioning2025-test/2025-C1-COM-05/jgolec/MACS0717.5+3745/reduced_TODs/redu01/152478/raw/toltec_commissioning_science_152478_rtc_timestream.nc
ndet = 248  nsamp = 25039
Sample rate =  122.0703125
Finished reading in the file
##########################################
Gain Cut Fraction =  0.13709677419354838
Offset Cut Fraction =  0.24596774193548387
RMS Cut Fraction =  0.21370967741935484
Fraction of Detectors cut by CM cuts =  0.3185483870967742
##########################################
Running Spike Finder
Number of TODs with spike counts greater than 10.0 times the median =  4
Fraction of TODs =  0.016129032258064516
Spike Finder finished
Running Despiker
Time to despike =  0.9382894039154053
Fraction of Detectors cut in despiking =  0.0
Fraction of Detectors with an incidence >10.0 seconds =  0.7137096774193549
Running jump detector
starting jump iter 1 of 1
have filtered data, now searching for jumps
Median number of jumps =  0.0
Fraction of Detectors Cut From Jumps =  0.3951612903225806
Computing PSDs
Fitting PSDs
Fraction of Detectors cut in PSD analysis=  0.10080645161290322
29.27 Hz: 5 occurrences
Total Fraction of Detectors cut =  0.8870967741935484
Replacing Data for 248 Detectors
Reading in the file
Reading in network 11 from file:  /work/toltec/commissioning2025-test/2025-C1-COM-05/jgolec/MACS0717.5+3745/reduced_TODs/redu01/152478/raw/toltec_commissioning_science_152478_rtc_timestream.nc
ndet = 359  nsamp = 25039
Sample rate =  122.0703125
Finished reading in the file
##########################################
Gain Cut Fraction =  0.23119777158774374
Offset Cut Fraction =  0.2646239554317549
RMS Cut Fraction =  0.26740947075208915
Fraction of Detectors cut by CM cuts =  0.37604456824512533
##########################################
Running Spike Finder
Number of TODs with spike counts greater than 10.0 times the median =  35
Fraction of TODs =  0.09749303621169916
Spike Finder finished
Running Despiker
Time to despike =  1.786696434020996
Fraction of Detectors cut in despiking =  0.20055710306406685
Fraction of Detectors with an incidence >10.0 seconds =  0.21448467966573817
Running jump detector
starting jump iter 1 of 1
have filtered data, now searching for jumps
Median number of jumps =  0.0
Fraction of Detectors Cut From Jumps =  0.06963788300835655
Computing PSDs
Fitting PSDs
Fraction of Detectors cut in PSD analysis=  0.06685236768802229
57.52 Hz: 121 occurrences
29.27 Hz: 3 occurrences
Total Fraction of Detectors cut =  0.38997214484679665
Replacing Data for 359 Detectors
Reading in the file
Reading in network 12 from file:  /work/toltec/commissioning2025-test/2025-C1-COM-05/jgolec/MACS0717.5+3745/reduced_TODs/redu01/152478/raw/toltec_commissioning_science_152478_rtc_timestream.nc
ndet = 337  nsamp = 25039
Sample rate =  122.0703125
Finished reading in the file
##########################################
Gain Cut Fraction =  0.12759643916913946
Offset Cut Fraction =  0.2551928783382789
RMS Cut Fraction =  0.24925816023738873
Fraction of Detectors cut by CM cuts =  0.31750741839762614
##########################################
Running Spike Finder
Number of TODs with spike counts greater than 10.0 times the median =  56
Fraction of TODs =  0.1661721068249258
Spike Finder finished
Running Despiker
Time to despike =  0.9683187007904053
Fraction of Detectors cut in despiking =  0.2878338278931751
Fraction of Detectors with an incidence >10.0 seconds =  0.19584569732937684
Running jump detector
starting jump iter 1 of 1
have filtered data, now searching for jumps
Median number of jumps =  0.0
Fraction of Detectors Cut From Jumps =  0.04747774480712166
Computing PSDs
Fitting PSDs
Fraction of Detectors cut in PSD analysis=  0.06824925816023739
57.52 Hz: 97 occurrences
Total Fraction of Detectors cut =  0.43026706231454004
Replacing Data for 337 Detectors
Reading in the file
Reading in network 0 from file:  /work/toltec/commissioning2025-test/2025-C1-COM-05/jgolec/MACS0717.5+3745/reduced_TODs/redu01/152480/raw/toltec_commissioning_science_152480_rtc_timestream.nc
ndet = 473  nsamp = 25039
Sample rate =  122.0703125
Finished reading in the file
##########################################
Gain Cut Fraction =  0.16701902748414377
Offset Cut Fraction =  0.3276955602536998
RMS Cut Fraction =  0.3488372093023256
Fraction of Detectors cut by CM cuts =  0.49682875264270615
##########################################
Running Spike Finder
Number of TODs with spike counts greater than 10.0 times the median =  52
Fraction of TODs =  0.10993657505285412
Spike Finder finished
Running Despiker
Time to despike =  1.4857697486877441
Fraction of Detectors cut in despiking =  0.29809725158562367
Fraction of Detectors with an incidence >10.0 seconds =  0.2452431289640592
Running jump detector
starting jump iter 1 of 1
have filtered data, now searching for jumps
Median number of jumps =  0.0
Fraction of Detectors Cut From Jumps =  0.12473572938689217
Computing PSDs
Fitting PSDs
Fraction of Detectors cut in PSD analysis=  0.0824524312896406
30.50 Hz: 659 occurrences
29.27 Hz: 61 occurrences
58.34 Hz: 42 occurrences
Total Fraction of Detectors cut =  0.6575052854122622
Replacing Data for 473 Detectors
Reading in the file
Reading in network 1 from file:  /work/toltec/commissioning2025-test/2025-C1-COM-05/jgolec/MACS0717.5+3745/reduced_TODs/redu01/152480/raw/toltec_commissioning_science_152480_rtc_timestream.nc
ndet = 352  nsamp = 25039
Sample rate =  122.0703125
Finished reading in the file
##########################################
Gain Cut Fraction =  0.09375
Offset Cut Fraction =  0.20170454545454544
RMS Cut Fraction =  0.21875
Fraction of Detectors cut by CM cuts =  0.29545454545454547
##########################################
Running Spike Finder
Number of TODs with spike counts greater than 10.0 times the median =  108
Fraction of TODs =  0.3068181818181818
Spike Finder finished
Running Despiker
Time to despike =  0.674675464630127
Fraction of Detectors cut in despiking =  0.1534090909090909
Fraction of Detectors with an incidence >10.0 seconds =  0.09375
Running jump detector
starting jump iter 1 of 1
have filtered data, now searching for jumps
Median number of jumps =  0.0
Fraction of Detectors Cut From Jumps =  0.008522727272727272
Computing PSDs
Fitting PSDs
Fraction of Detectors cut in PSD analysis=  0.05113636363636364
58.75 Hz: 519 occurrences
30.50 Hz: 396 occurrences
35.00 Hz: 16 occurrences
Total Fraction of Detectors cut =  0.4630681818181818
Replacing Data for 352 Detectors
Reading in the file
Reading in network 2 from file:  /work/toltec/commissioning2025-test/2025-C1-COM-05/jgolec/MACS0717.5+3745/reduced_TODs/redu01/152480/raw/toltec_commissioning_science_152480_rtc_timestream.nc
ndet = 412  nsamp = 25039
Sample rate =  122.0703125
Finished reading in the file
##########################################
Gain Cut Fraction =  0.06553398058252427
Offset Cut Fraction =  0.2111650485436893
RMS Cut Fraction =  0.2645631067961165
Fraction of Detectors cut by CM cuts =  0.3300970873786408
##########################################
Running Spike Finder
Number of TODs with spike counts greater than 10.0 times the median =  88
Fraction of TODs =  0.21359223300970873
Spike Finder finished
Running Despiker
Time to despike =  1.3596408367156982
Fraction of Detectors cut in despiking =  0.35436893203883496
Fraction of Detectors with an incidence >10.0 seconds =  0.24757281553398058
Running jump detector
starting jump iter 1 of 1
have filtered data, now searching for jumps
Median number of jumps =  0.0
Fraction of Detectors Cut From Jumps =  0.055825242718446605
Computing PSDs
Fitting PSDs
Fraction of Detectors cut in PSD analysis=  0.038834951456310676
30.50 Hz: 251 occurrences
Total Fraction of Detectors cut =  0.5121359223300971
Replacing Data for 412 Detectors
Reading in the file
Reading in network 3 from file:  /work/toltec/commissioning2025-test/2025-C1-COM-05/jgolec/MACS0717.5+3745/reduced_TODs/redu01/152480/raw/toltec_commissioning_science_152480_rtc_timestream.nc
ndet = 376  nsamp = 25039
Sample rate =  122.0703125
Finished reading in the file
##########################################
Gain Cut Fraction =  0.05319148936170213
Offset Cut Fraction =  0.2579787234042553
RMS Cut Fraction =  0.28191489361702127
Fraction of Detectors cut by CM cuts =  0.324468085106383
##########################################
Running Spike Finder
Number of TODs with spike counts greater than 10.0 times the median =  21
Fraction of TODs =  0.05585106382978723
Spike Finder finished
Running Despiker
Time to despike =  1.9688324928283691
Fraction of Detectors cut in despiking =  0.09840425531914894
Fraction of Detectors with an incidence >10.0 seconds =  0.4015957446808511
Running jump detector
starting jump iter 1 of 1
have filtered data, now searching for jumps
Median number of jumps =  0.0
Fraction of Detectors Cut From Jumps =  0.047872340425531915
Computing PSDs
Fitting PSDs
Fraction of Detectors cut in PSD analysis=  0.031914893617021274
30.50 Hz: 643 occurrences
29.27 Hz: 46 occurrences
Total Fraction of Detectors cut =  0.5345744680851063
Replacing Data for 376 Detectors
Reading in the file
Reading in network 4 from file:  /work/toltec/commissioning2025-test/2025-C1-COM-05/jgolec/MACS0717.5+3745/reduced_TODs/redu01/152480/raw/toltec_commissioning_science_152480_rtc_timestream.nc
ndet = 254  nsamp = 25039
Sample rate =  122.0703125
Finished reading in the file
##########################################
Gain Cut Fraction =  0.14173228346456693
Offset Cut Fraction =  0.18503937007874016
RMS Cut Fraction =  0.20866141732283464
Fraction of Detectors cut by CM cuts =  0.3188976377952756
##########################################
Running Spike Finder
Number of TODs with spike counts greater than 10.0 times the median =  22
Fraction of TODs =  0.08661417322834646
Spike Finder finished
Running Despiker
Time to despike =  1.0998079776763916
Fraction of Detectors cut in despiking =  0.3543307086614173
Fraction of Detectors with an incidence >10.0 seconds =  0.3661417322834646
Running jump detector
starting jump iter 1 of 1
have filtered data, now searching for jumps
Median number of jumps =  0.0
Fraction of Detectors Cut From Jumps =  0.031496062992125984
Computing PSDs
Fitting PSDs
Fraction of Detectors cut in PSD analysis=  0.023622047244094488
30.50 Hz: 296 occurrences
23.54 Hz: 22 occurrences
Total Fraction of Detectors cut =  0.5748031496062992
Replacing Data for 254 Detectors
Reading in the file
Reading in network 5 from file:  /work/toltec/commissioning2025-test/2025-C1-COM-05/jgolec/MACS0717.5+3745/reduced_TODs/redu01/152480/raw/toltec_commissioning_science_152480_rtc_timestream.nc
ndet = 363  nsamp = 25039
Sample rate =  122.0703125
Finished reading in the file
##########################################
Gain Cut Fraction =  0.11019283746556474
Offset Cut Fraction =  0.3415977961432507
RMS Cut Fraction =  0.33884297520661155
Fraction of Detectors cut by CM cuts =  0.44352617079889806
##########################################
Running Spike Finder
Number of TODs with spike counts greater than 10.0 times the median =  9
Fraction of TODs =  0.024793388429752067
Spike Finder finished
Running Despiker
Time to despike =  1.9629557132720947
Fraction of Detectors cut in despiking =  0.024793388429752067
Fraction of Detectors with an incidence >10.0 seconds =  0.4931129476584022
Running jump detector
starting jump iter 1 of 1
have filtered data, now searching for jumps
Median number of jumps =  0.0
Fraction of Detectors Cut From Jumps =  0.06060606060606061
Computing PSDs
Fitting PSDs
Fraction of Detectors cut in PSD analysis=  0.04132231404958678
30.50 Hz: 653 occurrences
Total Fraction of Detectors cut =  0.6584022038567493
Replacing Data for 363 Detectors
Reading in the file
Reading in network 6 from file:  /work/toltec/commissioning2025-test/2025-C1-COM-05/jgolec/MACS0717.5+3745/reduced_TODs/redu01/152480/raw/toltec_commissioning_science_152480_rtc_timestream.nc
ndet = 0  nsamp = 1
Sample rate =  122.0703125
Finished reading in the file
Reading in the file
Reading in network 7 from file:  /work/toltec/commissioning2025-test/2025-C1-COM-05/jgolec/MACS0717.5+3745/reduced_TODs/redu01/152480/raw/toltec_commissioning_science_152480_rtc_timestream.nc
ndet = 199  nsamp = 25039
Sample rate =  122.0703125
Finished reading in the file
##########################################
Gain Cut Fraction =  0.07537688442211055
Offset Cut Fraction =  0.16080402010050251
RMS Cut Fraction =  0.23115577889447236
Fraction of Detectors cut by CM cuts =  0.2613065326633166
##########################################
Running Spike Finder
Number of TODs with spike counts greater than 10.0 times the median =  2
Fraction of TODs =  0.010050251256281407
Spike Finder finished
Running Despiker
Time to despike =  1.4947857856750488
Fraction of Detectors cut in despiking =  0.0
Fraction of Detectors with an incidence >10.0 seconds =  0.5125628140703518
Running jump detector
starting jump iter 1 of 1
have filtered data, now searching for jumps
Median number of jumps =  0.0
Fraction of Detectors Cut From Jumps =  0.010050251256281407
Computing PSDs
Fitting PSDs
Fraction of Detectors cut in PSD analysis=  0.09547738693467336
Total Fraction of Detectors cut =  0.6381909547738693
Replacing Data for 199 Detectors
Reading in the file
Reading in network 8 from file:  /work/toltec/commissioning2025-test/2025-C1-COM-05/jgolec/MACS0717.5+3745/reduced_TODs/redu01/152480/raw/toltec_commissioning_science_152480_rtc_timestream.nc
ndet = 331  nsamp = 25039
Sample rate =  122.0703125
Finished reading in the file
##########################################
Gain Cut Fraction =  0.1782477341389728
Offset Cut Fraction =  0.2084592145015106
RMS Cut Fraction =  0.23867069486404835
Fraction of Detectors cut by CM cuts =  0.32326283987915405
##########################################
Running Spike Finder
Number of TODs with spike counts greater than 10.0 times the median =  36
Fraction of TODs =  0.10876132930513595
Spike Finder finished
Running Despiker
Time to despike =  1.3680055141448975
Fraction of Detectors cut in despiking =  0.36253776435045315
Fraction of Detectors with an incidence >10.0 seconds =  0.09667673716012085
Running jump detector
starting jump iter 1 of 1
have filtered data, now searching for jumps
Median number of jumps =  0.0
Fraction of Detectors Cut From Jumps =  0.00906344410876133
Computing PSDs
Fitting PSDs
Fraction of Detectors cut in PSD analysis=  0.06948640483383686
29.27 Hz: 224 occurrences
Total Fraction of Detectors cut =  0.6042296072507553
Replacing Data for 331 Detectors
Reading in the file
Reading in network 9 from file:  /work/toltec/commissioning2025-test/2025-C1-COM-05/jgolec/MACS0717.5+3745/reduced_TODs/redu01/152480/raw/toltec_commissioning_science_152480_rtc_timestream.nc
ndet = 244  nsamp = 25039
Sample rate =  122.0703125
Finished reading in the file
##########################################
Gain Cut Fraction =  0.2459016393442623
Offset Cut Fraction =  0.2540983606557377
RMS Cut Fraction =  0.24180327868852458
Fraction of Detectors cut by CM cuts =  0.4713114754098361
##########################################
Running Spike Finder
Number of TODs with spike counts greater than 10.0 times the median =  17
Fraction of TODs =  0.06967213114754098
Spike Finder finished
Running Despiker
Time to despike =  1.2140586376190186
Fraction of Detectors cut in despiking =  0.08196721311475409
Fraction of Detectors with an incidence >10.0 seconds =  0.4057377049180328
Running jump detector
starting jump iter 1 of 1
have filtered data, now searching for jumps
Median number of jumps =  0.0
Fraction of Detectors Cut From Jumps =  0.09016393442622951
Computing PSDs
Fitting PSDs
Fraction of Detectors cut in PSD analysis=  0.08196721311475409
28.45 Hz: 25 occurrences
Total Fraction of Detectors cut =  0.6598360655737705
Replacing Data for 244 Detectors
Reading in the file
Reading in network 11 from file:  /work/toltec/commissioning2025-test/2025-C1-COM-05/jgolec/MACS0717.5+3745/reduced_TODs/redu01/152480/raw/toltec_commissioning_science_152480_rtc_timestream.nc
ndet = 355  nsamp = 25039
Sample rate =  122.0703125
Finished reading in the file
##########################################
Gain Cut Fraction =  0.2563380281690141
Offset Cut Fraction =  0.2563380281690141
RMS Cut Fraction =  0.2619718309859155
Fraction of Detectors cut by CM cuts =  0.38873239436619716
##########################################
Running Spike Finder
Number of TODs with spike counts greater than 10.0 times the median =  30
Fraction of TODs =  0.08450704225352113
Spike Finder finished
Running Despiker
Time to despike =  1.9289953708648682
Fraction of Detectors cut in despiking =  0.2535211267605634
Fraction of Detectors with an incidence >10.0 seconds =  0.19718309859154928
Running jump detector
starting jump iter 1 of 1
have filtered data, now searching for jumps
Median number of jumps =  0.0
Fraction of Detectors Cut From Jumps =  0.14084507042253522
Computing PSDs
Fitting PSDs
Fraction of Detectors cut in PSD analysis=  0.07042253521126761
57.52 Hz: 78 occurrences
Total Fraction of Detectors cut =  0.4563380281690141
Replacing Data for 355 Detectors
Reading in the file
Reading in network 12 from file:  /work/toltec/commissioning2025-test/2025-C1-COM-05/jgolec/MACS0717.5+3745/reduced_TODs/redu01/152480/raw/toltec_commissioning_science_152480_rtc_timestream.nc
ndet = 339  nsamp = 25039
Sample rate =  122.0703125
Finished reading in the file
##########################################
Gain Cut Fraction =  0.1504424778761062
Offset Cut Fraction =  0.14454277286135694
RMS Cut Fraction =  0.12684365781710916
Fraction of Detectors cut by CM cuts =  0.23303834808259588
##########################################
Running Spike Finder
Number of TODs with spike counts greater than 10.0 times the median =  61
Fraction of TODs =  0.17994100294985252
Spike Finder finished
Running Despiker
Time to despike =  0.9024486541748047
Fraction of Detectors cut in despiking =  0.1976401179941003
Fraction of Detectors with an incidence >10.0 seconds =  0.13569321533923304
Running jump detector
starting jump iter 1 of 1
have filtered data, now searching for jumps
Median number of jumps =  0.0
Fraction of Detectors Cut From Jumps =  0.12684365781710916
Computing PSDs
Fitting PSDs
Fraction of Detectors cut in PSD analysis=  0.07374631268436578
57.52 Hz: 48 occurrences
41.14 Hz: 23 occurrences
23.54 Hz: 10 occurrences
Total Fraction of Detectors cut =  0.3834808259587021
Replacing Data for 339 Detectors
Reading in the file
Reading in network 0 from file:  /work/toltec/commissioning2025-test/2025-C1-COM-05/jgolec/MACS0717.5+3745/reduced_TODs/redu01/152482/raw/toltec_commissioning_science_152482_rtc_timestream.nc
ndet = 471  nsamp = 25039
Sample rate =  122.0703125
Finished reading in the file
##########################################
Gain Cut Fraction =  0.18895966029723993
Offset Cut Fraction =  0.2611464968152866
RMS Cut Fraction =  0.28450106157112526
Fraction of Detectors cut by CM cuts =  0.37579617834394907
##########################################
Running Spike Finder
Number of TODs with spike counts greater than 10.0 times the median =  213
Fraction of TODs =  0.45222929936305734
Spike Finder finished
Running Despiker
Time to despike =  0.5426149368286133
Fraction of Detectors cut in despiking =  0.10191082802547771
Fraction of Detectors with an incidence >10.0 seconds =  0.0870488322717622
Running jump detector
starting jump iter 1 of 1
have filtered data, now searching for jumps
Median number of jumps =  0.0
Fraction of Detectors Cut From Jumps =  0.029723991507430998
Computing PSDs
Fitting PSDs
Fraction of Detectors cut in PSD analysis=  0.03397027600849257
30.50 Hz: 1407 occurrences
58.75 Hz: 260 occurrences
29.27 Hz: 36 occurrences
8.80 Hz: 2 occurrences
Total Fraction of Detectors cut =  0.6178343949044586
Replacing Data for 471 Detectors
Reading in the file
Reading in network 1 from file:  /work/toltec/commissioning2025-test/2025-C1-COM-05/jgolec/MACS0717.5+3745/reduced_TODs/redu01/152482/raw/toltec_commissioning_science_152482_rtc_timestream.nc
ndet = 354  nsamp = 25039
Sample rate =  122.0703125
Finished reading in the file
##########################################
Gain Cut Fraction =  0.11864406779661017
Offset Cut Fraction =  0.20903954802259886
RMS Cut Fraction =  0.2627118644067797
Fraction of Detectors cut by CM cuts =  0.2937853107344633
##########################################
Running Spike Finder
Number of TODs with spike counts greater than 10.0 times the median =  68
Fraction of TODs =  0.192090395480226
Spike Finder finished
Running Despiker
Time to despike =  0.5760693550109863
Fraction of Detectors cut in despiking =  0.07344632768361582
Fraction of Detectors with an incidence >10.0 seconds =  0.022598870056497175
Running jump detector
starting jump iter 1 of 1
have filtered data, now searching for jumps
Median number of jumps =  0.0
Fraction of Detectors Cut From Jumps =  0.00847457627118644
Computing PSDs
Fitting PSDs
Fraction of Detectors cut in PSD analysis=  0.03389830508474576
30.50 Hz: 669 occurrences
58.75 Hz: 316 occurrences
23.54 Hz: 4 occurrences
Total Fraction of Detectors cut =  0.4067796610169492
Replacing Data for 354 Detectors
Reading in the file
Reading in network 2 from file:  /work/toltec/commissioning2025-test/2025-C1-COM-05/jgolec/MACS0717.5+3745/reduced_TODs/redu01/152482/raw/toltec_commissioning_science_152482_rtc_timestream.nc
ndet = 413  nsamp = 25039
Sample rate =  122.0703125
Finished reading in the file
##########################################
Gain Cut Fraction =  0.08716707021791767
Offset Cut Fraction =  0.2179176755447942
RMS Cut Fraction =  0.2469733656174334
Fraction of Detectors cut by CM cuts =  0.3220338983050847
##########################################
Running Spike Finder
Number of TODs with spike counts greater than 10.0 times the median =  131
Fraction of TODs =  0.3171912832929782
Spike Finder finished
Running Despiker
Time to despike =  1.252279281616211
Fraction of Detectors cut in despiking =  0.24455205811138014
Fraction of Detectors with an incidence >10.0 seconds =  0.13075060532687652
Running jump detector
starting jump iter 1 of 1
have filtered data, now searching for jumps
Median number of jumps =  0.0
Fraction of Detectors Cut From Jumps =  0.09200968523002422
Computing PSDs
Fitting PSDs
Fraction of Detectors cut in PSD analysis=  0.05569007263922518
30.50 Hz: 408 occurrences
29.27 Hz: 7 occurrences
Total Fraction of Detectors cut =  0.4721549636803874
Replacing Data for 413 Detectors
Reading in the file
Reading in network 3 from file:  /work/toltec/commissioning2025-test/2025-C1-COM-05/jgolec/MACS0717.5+3745/reduced_TODs/redu01/152482/raw/toltec_commissioning_science_152482_rtc_timestream.nc
ndet = 383  nsamp = 25039
Sample rate =  122.0703125
Finished reading in the file
##########################################
Gain Cut Fraction =  0.1514360313315927
Offset Cut Fraction =  0.20365535248041775
RMS Cut Fraction =  0.24281984334203655
Fraction of Detectors cut by CM cuts =  0.2924281984334204
##########################################
Running Spike Finder
Number of TODs with spike counts greater than 10.0 times the median =  6
Fraction of TODs =  0.015665796344647518
Spike Finder finished
Running Despiker
Time to despike =  1.669635534286499
Fraction of Detectors cut in despiking =  0.34203655352480417
Fraction of Detectors with an incidence >10.0 seconds =  0.05483028720626632
Running jump detector
starting jump iter 1 of 1
have filtered data, now searching for jumps
Median number of jumps =  0.0
Fraction of Detectors Cut From Jumps =  0.013054830287206266
Computing PSDs
Fitting PSDs
Fraction of Detectors cut in PSD analysis=  0.031331592689295036
30.50 Hz: 858 occurrences
29.27 Hz: 123 occurrences
58.34 Hz: 22 occurrences
23.54 Hz: 1 occurrences
Total Fraction of Detectors cut =  0.5456919060052219
Replacing Data for 383 Detectors
Reading in the file
Reading in network 4 from file:  /work/toltec/commissioning2025-test/2025-C1-COM-05/jgolec/MACS0717.5+3745/reduced_TODs/redu01/152482/raw/toltec_commissioning_science_152482_rtc_timestream.nc
ndet = 257  nsamp = 25039
Sample rate =  122.0703125
Finished reading in the file
##########################################
Gain Cut Fraction =  0.14007782101167315
Offset Cut Fraction =  0.19066147859922178
RMS Cut Fraction =  0.23346303501945526
Fraction of Detectors cut by CM cuts =  0.33852140077821014
##########################################
Running Spike Finder
Number of TODs with spike counts greater than 10.0 times the median =  6
Fraction of TODs =  0.023346303501945526
Spike Finder finished
Running Despiker
Time to despike =  0.8893439769744873
Fraction of Detectors cut in despiking =  0.2723735408560311
Fraction of Detectors with an incidence >10.0 seconds =  0.08560311284046693
Running jump detector
starting jump iter 1 of 1
have filtered data, now searching for jumps
Median number of jumps =  0.0
Fraction of Detectors Cut From Jumps =  0.038910505836575876
Computing PSDs
Fitting PSDs
Fraction of Detectors cut in PSD analysis=  0.10505836575875487
30.50 Hz: 477 occurrences
29.27 Hz: 84 occurrences
23.54 Hz: 2 occurrences
8.80 Hz: 2 occurrences
Total Fraction of Detectors cut =  0.5680933852140078
Replacing Data for 257 Detectors
Reading in the file
Reading in network 5 from file:  /work/toltec/commissioning2025-test/2025-C1-COM-05/jgolec/MACS0717.5+3745/reduced_TODs/redu01/152482/raw/toltec_commissioning_science_152482_rtc_timestream.nc
ndet = 361  nsamp = 25039
Sample rate =  122.0703125
Finished reading in the file
##########################################
Gain Cut Fraction =  0.08587257617728532
Offset Cut Fraction =  0.17174515235457063
RMS Cut Fraction =  0.18559556786703602
Fraction of Detectors cut by CM cuts =  0.23268698060941828
##########################################
Running Spike Finder
Number of TODs with spike counts greater than 10.0 times the median =  8
Fraction of TODs =  0.0221606648199446
Spike Finder finished
Running Despiker
Time to despike =  1.708775281906128
Fraction of Detectors cut in despiking =  0.40166204986149584
Fraction of Detectors with an incidence >10.0 seconds =  0.0997229916897507
Running jump detector
starting jump iter 1 of 1
have filtered data, now searching for jumps
Median number of jumps =  0.0
Fraction of Detectors Cut From Jumps =  0.027700831024930747
Computing PSDs
Fitting PSDs
Fraction of Detectors cut in PSD analysis=  0.0886426592797784
30.50 Hz: 869 occurrences
18.63 Hz: 5 occurrences
46.88 Hz: 4 occurrences
8.80 Hz: 3 occurrences
Total Fraction of Detectors cut =  0.556786703601108
Replacing Data for 361 Detectors
Reading in the file
Reading in network 6 from file:  /work/toltec/commissioning2025-test/2025-C1-COM-05/jgolec/MACS0717.5+3745/reduced_TODs/redu01/152482/raw/toltec_commissioning_science_152482_rtc_timestream.nc
ndet = 0  nsamp = 1
Sample rate =  122.0703125
Finished reading in the file
Reading in the file
Reading in network 7 from file:  /work/toltec/commissioning2025-test/2025-C1-COM-05/jgolec/MACS0717.5+3745/reduced_TODs/redu01/152482/raw/toltec_commissioning_science_152482_rtc_timestream.nc
ndet = 198  nsamp = 25039
Sample rate =  122.0703125
Finished reading in the file
##########################################
Gain Cut Fraction =  0.1111111111111111
Offset Cut Fraction =  0.11616161616161616
RMS Cut Fraction =  0.15656565656565657
Fraction of Detectors cut by CM cuts =  0.22727272727272727
##########################################
Running Spike Finder
Number of TODs with spike counts greater than 10.0 times the median =  0
Fraction of TODs =  0.0
Spike Finder finished
Running Despiker
Time to despike =  1.3114643096923828
Fraction of Detectors cut in despiking =  0.030303030303030304
Fraction of Detectors with an incidence >10.0 seconds =  0.12626262626262627
Running jump detector
starting jump iter 1 of 1
have filtered data, now searching for jumps
Median number of jumps =  0.0
Fraction of Detectors Cut From Jumps =  0.1414141414141414
Computing PSDs
Fitting PSDs
Fraction of Detectors cut in PSD analysis=  0.06565656565656566
Total Fraction of Detectors cut =  0.40404040404040403
Replacing Data for 198 Detectors
Reading in the file
Reading in network 8 from file:  /work/toltec/commissioning2025-test/2025-C1-COM-05/jgolec/MACS0717.5+3745/reduced_TODs/redu01/152482/raw/toltec_commissioning_science_152482_rtc_timestream.nc
ndet = 330  nsamp = 25039
Sample rate =  122.0703125
Finished reading in the file
##########################################
Gain Cut Fraction =  0.15151515151515152
Offset Cut Fraction =  0.18181818181818182
RMS Cut Fraction =  0.2515151515151515
Fraction of Detectors cut by CM cuts =  0.29393939393939394
##########################################
Running Spike Finder
Number of TODs with spike counts greater than 10.0 times the median =  24
Fraction of TODs =  0.07272727272727272
Spike Finder finished
Running Despiker
Time to despike =  1.4490952491760254
Fraction of Detectors cut in despiking =  0.3151515151515151
Fraction of Detectors with an incidence >10.0 seconds =  0.015151515151515152
Running jump detector
starting jump iter 1 of 1
have filtered data, now searching for jumps
Median number of jumps =  0.0
Fraction of Detectors Cut From Jumps =  0.03333333333333333
Computing PSDs
Fitting PSDs
Fraction of Detectors cut in PSD analysis=  0.08181818181818182
29.27 Hz: 500 occurrences
23.54 Hz: 20 occurrences
Total Fraction of Detectors cut =  0.5636363636363636
Replacing Data for 330 Detectors
Reading in the file
Reading in network 9 from file:  /work/toltec/commissioning2025-test/2025-C1-COM-05/jgolec/MACS0717.5+3745/reduced_TODs/redu01/152482/raw/toltec_commissioning_science_152482_rtc_timestream.nc
ndet = 233  nsamp = 25039
Sample rate =  122.0703125
Finished reading in the file
##########################################
Gain Cut Fraction =  0.1630901287553648
Offset Cut Fraction =  0.296137339055794
RMS Cut Fraction =  0.30042918454935624
Fraction of Detectors cut by CM cuts =  0.39914163090128757
##########################################
Running Spike Finder
Number of TODs with spike counts greater than 10.0 times the median =  24
Fraction of TODs =  0.10300429184549356
Spike Finder finished
Running Despiker
Time to despike =  1.075895071029663
Fraction of Detectors cut in despiking =  0.38626609442060084
Fraction of Detectors with an incidence >10.0 seconds =  0.13733905579399142
Running jump detector
starting jump iter 1 of 1
have filtered data, now searching for jumps
Median number of jumps =  0.0
Fraction of Detectors Cut From Jumps =  0.04291845493562232
Computing PSDs
Fitting PSDs
Fraction of Detectors cut in PSD analysis=  0.06437768240343347
29.27 Hz: 50 occurrences
Total Fraction of Detectors cut =  0.6180257510729614
Replacing Data for 233 Detectors
Reading in the file
Reading in network 11 from file:  /work/toltec/commissioning2025-test/2025-C1-COM-05/jgolec/MACS0717.5+3745/reduced_TODs/redu01/152482/raw/toltec_commissioning_science_152482_rtc_timestream.nc
ndet = 354  nsamp = 25039
Sample rate =  122.0703125
Finished reading in the file
##########################################
Gain Cut Fraction =  0.23163841807909605
Offset Cut Fraction =  0.2796610169491525
RMS Cut Fraction =  0.307909604519774
Fraction of Detectors cut by CM cuts =  0.384180790960452
##########################################
Running Spike Finder
Number of TODs with spike counts greater than 10.0 times the median =  43
Fraction of TODs =  0.12146892655367232
Spike Finder finished
Running Despiker
Time to despike =  1.6541838645935059
Fraction of Detectors cut in despiking =  0.23728813559322035
Fraction of Detectors with an incidence >10.0 seconds =  0.17796610169491525
Running jump detector
starting jump iter 1 of 1
have filtered data, now searching for jumps
Median number of jumps =  0.0
Fraction of Detectors Cut From Jumps =  0.1497175141242938
Computing PSDs
Fitting PSDs
Fraction of Detectors cut in PSD analysis=  0.062146892655367235
57.52 Hz: 107 occurrences
35.00 Hz: 11 occurrences
Total Fraction of Detectors cut =  0.4406779661016949
Replacing Data for 354 Detectors
Reading in the file
Reading in network 12 from file:  /work/toltec/commissioning2025-test/2025-C1-COM-05/jgolec/MACS0717.5+3745/reduced_TODs/redu01/152482/raw/toltec_commissioning_science_152482_rtc_timestream.nc
ndet = 337  nsamp = 25039
Sample rate =  122.0703125
Finished reading in the file
##########################################
Gain Cut Fraction =  0.10979228486646884
Offset Cut Fraction =  0.2344213649851632
RMS Cut Fraction =  0.2522255192878338
Fraction of Detectors cut by CM cuts =  0.28486646884273
##########################################
Running Spike Finder
Number of TODs with spike counts greater than 10.0 times the median =  45
Fraction of TODs =  0.13353115727002968
Spike Finder finished
Running Despiker
Time to despike =  0.9360296726226807
Fraction of Detectors cut in despiking =  0.2818991097922849
Fraction of Detectors with an incidence >10.0 seconds =  0.2195845697329377
Running jump detector
starting jump iter 1 of 1
have filtered data, now searching for jumps
Median number of jumps =  0.0
Fraction of Detectors Cut From Jumps =  0.2878338278931751
Computing PSDs
Fitting PSDs
Fraction of Detectors cut in PSD analysis=  0.05934718100890208
57.52 Hz: 140 occurrences
35.00 Hz: 4 occurrences
Total Fraction of Detectors cut =  0.5192878338278932
Replacing Data for 337 Detectors
Reading in the file
Reading in network 0 from file:  /work/toltec/commissioning2025-test/2025-C1-COM-05/jgolec/MACS0717.5+3745/reduced_TODs/redu01/152495/raw/toltec_commissioning_science_152495_rtc_timestream.nc
ndet = 469  nsamp = 25039
Sample rate =  122.0703125
Finished reading in the file
##########################################
Gain Cut Fraction =  0.1300639658848614
Offset Cut Fraction =  0.21748400852878466
RMS Cut Fraction =  0.2579957356076759
Fraction of Detectors cut by CM cuts =  0.37100213219616207
##########################################
Running Spike Finder
Number of TODs with spike counts greater than 10.0 times the median =  153
Fraction of TODs =  0.326226012793177
Spike Finder finished
Running Despiker
Time to despike =  0.542100191116333
Fraction of Detectors cut in despiking =  0.15778251599147122
Fraction of Detectors with an incidence >10.0 seconds =  0.11940298507462686
Running jump detector
starting jump iter 1 of 1
have filtered data, now searching for jumps
Median number of jumps =  0.0
Fraction of Detectors Cut From Jumps =  0.06823027718550106
Computing PSDs
Fitting PSDs
Fraction of Detectors cut in PSD analysis=  0.042643923240938165
30.50 Hz: 1113 occurrences
58.34 Hz: 225 occurrences
29.27 Hz: 222 occurrences
Total Fraction of Detectors cut =  0.4669509594882729
Replacing Data for 469 Detectors
Reading in the file
Reading in network 1 from file:  /work/toltec/commissioning2025-test/2025-C1-COM-05/jgolec/MACS0717.5+3745/reduced_TODs/redu01/152495/raw/toltec_commissioning_science_152495_rtc_timestream.nc
ndet = 347  nsamp = 25039
Sample rate =  122.0703125
Finished reading in the file
##########################################
Gain Cut Fraction =  0.1440922190201729
Offset Cut Fraction =  0.11239193083573487
RMS Cut Fraction =  0.2507204610951009
Fraction of Detectors cut by CM cuts =  0.35446685878962536
##########################################
Running Spike Finder
Number of TODs with spike counts greater than 10.0 times the median =  155
Fraction of TODs =  0.44668587896253603
Spike Finder finished
Running Despiker
Time to despike =  0.3448359966278076
Fraction of Detectors cut in despiking =  0.06340057636887608
Fraction of Detectors with an incidence >10.0 seconds =  0.04610951008645533
Running jump detector
starting jump iter 1 of 1
have filtered data, now searching for jumps
Median number of jumps =  0.0
Fraction of Detectors Cut From Jumps =  0.011527377521613832
Computing PSDs
Fitting PSDs
Fraction of Detectors cut in PSD analysis=  0.04610951008645533
30.50 Hz: 499 occurrences
58.75 Hz: 466 occurrences
Total Fraction of Detectors cut =  0.6253602305475504
Replacing Data for 347 Detectors
Reading in the file
Reading in network 2 from file:  /work/toltec/commissioning2025-test/2025-C1-COM-05/jgolec/MACS0717.5+3745/reduced_TODs/redu01/152495/raw/toltec_commissioning_science_152495_rtc_timestream.nc
ndet = 413  nsamp = 25039
Sample rate =  122.0703125
Finished reading in the file
##########################################
Gain Cut Fraction =  0.1234866828087167
Offset Cut Fraction =  0.24455205811138014
RMS Cut Fraction =  0.24939467312348668
Fraction of Detectors cut by CM cuts =  0.3171912832929782
##########################################
Running Spike Finder
Number of TODs with spike counts greater than 10.0 times the median =  122
Fraction of TODs =  0.29539951573849876
Spike Finder finished
Running Despiker
Time to despike =  0.6870553493499756
Fraction of Detectors cut in despiking =  0.15738498789346247
Fraction of Detectors with an incidence >10.0 seconds =  0.08716707021791767
Running jump detector
starting jump iter 1 of 1
have filtered data, now searching for jumps
Median number of jumps =  0.0
Fraction of Detectors Cut From Jumps =  0.0387409200968523
Computing PSDs
Fitting PSDs
Fraction of Detectors cut in PSD analysis=  0.05569007263922518
30.50 Hz: 405 occurrences
23.54 Hz: 1 occurrences
Total Fraction of Detectors cut =  0.48184019370460046
Replacing Data for 413 Detectors
Reading in the file
Reading in network 3 from file:  /work/toltec/commissioning2025-test/2025-C1-COM-05/jgolec/MACS0717.5+3745/reduced_TODs/redu01/152495/raw/toltec_commissioning_science_152495_rtc_timestream.nc
ndet = 383  nsamp = 25039
Sample rate =  122.0703125
Finished reading in the file
##########################################
Gain Cut Fraction =  0.206266318537859
Offset Cut Fraction =  0.14360313315926893
RMS Cut Fraction =  0.185378590078329
Fraction of Detectors cut by CM cuts =  0.33159268929503916
##########################################
Running Spike Finder
Number of TODs with spike counts greater than 10.0 times the median =  64
Fraction of TODs =  0.1671018276762402
Spike Finder finished
Running Despiker
Time to despike =  1.054408073425293
Fraction of Detectors cut in despiking =  0.2558746736292428
Fraction of Detectors with an incidence >10.0 seconds =  0.05221932114882506
Running jump detector
starting jump iter 1 of 1
have filtered data, now searching for jumps
Median number of jumps =  0.0
Fraction of Detectors Cut From Jumps =  0.0026109660574412533
Computing PSDs
Fitting PSDs
Fraction of Detectors cut in PSD analysis=  0.013054830287206266
30.50 Hz: 783 occurrences
29.27 Hz: 102 occurrences
37.46 Hz: 4 occurrences
23.54 Hz: 2 occurrences
28.04 Hz: 1 occurrences
Total Fraction of Detectors cut =  0.5195822454308094
Replacing Data for 383 Detectors
Reading in the file
Reading in network 4 from file:  /work/toltec/commissioning2025-test/2025-C1-COM-05/jgolec/MACS0717.5+3745/reduced_TODs/redu01/152495/raw/toltec_commissioning_science_152495_rtc_timestream.nc
ndet = 253  nsamp = 25039
Sample rate =  122.0703125
Finished reading in the file
##########################################
Gain Cut Fraction =  0.09486166007905138
Offset Cut Fraction =  0.20553359683794467
RMS Cut Fraction =  0.2490118577075099
Fraction of Detectors cut by CM cuts =  0.2885375494071146
##########################################
Running Spike Finder
Number of TODs with spike counts greater than 10.0 times the median =  39
Fraction of TODs =  0.1541501976284585
Spike Finder finished
Running Despiker
Time to despike =  0.7700901031494141
Fraction of Detectors cut in despiking =  0.3359683794466403
Fraction of Detectors with an incidence >10.0 seconds =  0.07509881422924901
Running jump detector
starting jump iter 1 of 1
have filtered data, now searching for jumps
Median number of jumps =  0.0
Fraction of Detectors Cut From Jumps =  0.0
Computing PSDs
Fitting PSDs
Fraction of Detectors cut in PSD analysis=  0.05138339920948617
30.50 Hz: 480 occurrences
46.88 Hz: 4 occurrences
23.54 Hz: 3 occurrences
Total Fraction of Detectors cut =  0.5454545454545454
Replacing Data for 253 Detectors
Reading in the file
Reading in network 5 from file:  /work/toltec/commissioning2025-test/2025-C1-COM-05/jgolec/MACS0717.5+3745/reduced_TODs/redu01/152495/raw/toltec_commissioning_science_152495_rtc_timestream.nc
ndet = 359  nsamp = 25039
Sample rate =  122.0703125
Finished reading in the file
##########################################
Gain Cut Fraction =  0.10027855153203342
Offset Cut Fraction =  0.17827298050139276
RMS Cut Fraction =  0.20334261838440112
Fraction of Detectors cut by CM cuts =  0.28133704735376047
##########################################
Running Spike Finder
Number of TODs with spike counts greater than 10.0 times the median =  42
Fraction of TODs =  0.116991643454039
Spike Finder finished
Running Despiker
Time to despike =  1.2455940246582031
Fraction of Detectors cut in despiking =  0.415041782729805
Fraction of Detectors with an incidence >10.0 seconds =  0.17548746518105848
Running jump detector
starting jump iter 1 of 1
have filtered data, now searching for jumps
Median number of jumps =  0.0
Fraction of Detectors Cut From Jumps =  0.027855153203342618
Computing PSDs
Fitting PSDs
Fraction of Detectors cut in PSD analysis=  0.06685236768802229
30.50 Hz: 777 occurrences
18.63 Hz: 7 occurrences
37.46 Hz: 4 occurrences
Total Fraction of Detectors cut =  0.5515320334261838
Replacing Data for 359 Detectors
Reading in the file
Reading in network 6 from file:  /work/toltec/commissioning2025-test/2025-C1-COM-05/jgolec/MACS0717.5+3745/reduced_TODs/redu01/152495/raw/toltec_commissioning_science_152495_rtc_timestream.nc
ndet = 0  nsamp = 1
Sample rate =  122.0703125
Finished reading in the file
Reading in the file
Reading in network 7 from file:  /work/toltec/commissioning2025-test/2025-C1-COM-05/jgolec/MACS0717.5+3745/reduced_TODs/redu01/152495/raw/toltec_commissioning_science_152495_rtc_timestream.nc
ndet = 196  nsamp = 25039
Sample rate =  122.0703125
Finished reading in the file
##########################################
Gain Cut Fraction =  0.12244897959183673
Offset Cut Fraction =  0.061224489795918366
RMS Cut Fraction =  0.15306122448979592
Fraction of Detectors cut by CM cuts =  0.23979591836734693
##########################################
Running Spike Finder
Number of TODs with spike counts greater than 10.0 times the median =  0
Fraction of TODs =  0.0
Spike Finder finished
Running Despiker
Time to despike =  0.8802380561828613
Fraction of Detectors cut in despiking =  0.29081632653061223
Fraction of Detectors with an incidence >10.0 seconds =  0.07142857142857142
Running jump detector
starting jump iter 1 of 1
have filtered data, now searching for jumps
Median number of jumps =  0.0
Fraction of Detectors Cut From Jumps =  0.0
Computing PSDs
Fitting PSDs
Fraction of Detectors cut in PSD analysis=  0.03571428571428571
29.27 Hz: 81 occurrences
Total Fraction of Detectors cut =  0.4642857142857143
Replacing Data for 196 Detectors
Reading in the file
Reading in network 8 from file:  /work/toltec/commissioning2025-test/2025-C1-COM-05/jgolec/MACS0717.5+3745/reduced_TODs/redu01/152495/raw/toltec_commissioning_science_152495_rtc_timestream.nc
ndet = 343  nsamp = 25039
Sample rate =  122.0703125
Finished reading in the file
##########################################
Gain Cut Fraction =  0.18075801749271136
Offset Cut Fraction =  0.1924198250728863
RMS Cut Fraction =  0.24198250728862974
Fraction of Detectors cut by CM cuts =  0.29737609329446063
##########################################
Running Spike Finder
Number of TODs with spike counts greater than 10.0 times the median =  135
Fraction of TODs =  0.3935860058309038
Spike Finder finished
Running Despiker
Time to despike =  0.8369097709655762
Fraction of Detectors cut in despiking =  0.24198250728862974
Fraction of Detectors with an incidence >10.0 seconds =  0.0
Running jump detector
starting jump iter 1 of 1
have filtered data, now searching for jumps
Median number of jumps =  0.0
Fraction of Detectors Cut From Jumps =  0.0058309037900874635
Computing PSDs
Fitting PSDs
Fraction of Detectors cut in PSD analysis=  0.08746355685131195
29.27 Hz: 339 occurrences
Total Fraction of Detectors cut =  0.6151603498542274
Replacing Data for 343 Detectors
Reading in the file
Reading in network 9 from file:  /work/toltec/commissioning2025-test/2025-C1-COM-05/jgolec/MACS0717.5+3745/reduced_TODs/redu01/152495/raw/toltec_commissioning_science_152495_rtc_timestream.nc
ndet = 245  nsamp = 25039
Sample rate =  122.0703125
Finished reading in the file
##########################################
Gain Cut Fraction =  0.22857142857142856
Offset Cut Fraction =  0.27755102040816326
RMS Cut Fraction =  0.2612244897959184
Fraction of Detectors cut by CM cuts =  0.4
##########################################
Running Spike Finder
Number of TODs with spike counts greater than 10.0 times the median =  34
Fraction of TODs =  0.13877551020408163
Spike Finder finished
Running Despiker
Time to despike =  0.9293551445007324
Fraction of Detectors cut in despiking =  0.2938775510204082
Fraction of Detectors with an incidence >10.0 seconds =  0.27346938775510204
Running jump detector
starting jump iter 1 of 1
have filtered data, now searching for jumps
Median number of jumps =  0.0
Fraction of Detectors Cut From Jumps =  0.07346938775510205
Computing PSDs
Fitting PSDs
Fraction of Detectors cut in PSD analysis=  0.02857142857142857
29.27 Hz: 25 occurrences
Total Fraction of Detectors cut =  0.5877551020408164
Replacing Data for 245 Detectors
Reading in the file
Reading in network 11 from file:  /work/toltec/commissioning2025-test/2025-C1-COM-05/jgolec/MACS0717.5+3745/reduced_TODs/redu01/152495/raw/toltec_commissioning_science_152495_rtc_timestream.nc
ndet = 353  nsamp = 25039
Sample rate =  122.0703125
Finished reading in the file
##########################################
Gain Cut Fraction =  0.20113314447592068
Offset Cut Fraction =  0.24362606232294617
RMS Cut Fraction =  0.2577903682719547
Fraction of Detectors cut by CM cuts =  0.3597733711048159
##########################################
Running Spike Finder
Number of TODs with spike counts greater than 10.0 times the median =  9
Fraction of TODs =  0.025495750708215296
Spike Finder finished
Running Despiker
Time to despike =  0.9259598255157471
Fraction of Detectors cut in despiking =  0.29461756373937675
Fraction of Detectors with an incidence >10.0 seconds =  0.056657223796033995
Running jump detector
starting jump iter 1 of 1
have filtered data, now searching for jumps
Median number of jumps =  0.0
Fraction of Detectors Cut From Jumps =  0.0
Computing PSDs
Fitting PSDs
Fraction of Detectors cut in PSD analysis=  0.042492917847025496
57.52 Hz: 74 occurrences
35.00 Hz: 4 occurrences
29.27 Hz: 3 occurrences
13.31 Hz: 2 occurrences
Total Fraction of Detectors cut =  0.5325779036827195
Replacing Data for 353 Detectors
Reading in the file
Reading in network 12 from file:  /work/toltec/commissioning2025-test/2025-C1-COM-05/jgolec/MACS0717.5+3745/reduced_TODs/redu01/152495/raw/toltec_commissioning_science_152495_rtc_timestream.nc
ndet = 337  nsamp = 25039
Sample rate =  122.0703125
Finished reading in the file
##########################################
Gain Cut Fraction =  0.10385756676557864
Offset Cut Fraction =  0.20474777448071216
RMS Cut Fraction =  0.19287833827893175
Fraction of Detectors cut by CM cuts =  0.258160237388724
##########################################
Running Spike Finder
Number of TODs with spike counts greater than 10.0 times the median =  37
Fraction of TODs =  0.10979228486646884
Spike Finder finished
Running Despiker
Time to despike =  0.5693297386169434
Fraction of Detectors cut in despiking =  0.26112759643916916
Fraction of Detectors with an incidence >10.0 seconds =  0.13353115727002968
Running jump detector
starting jump iter 1 of 1
have filtered data, now searching for jumps
Median number of jumps =  0.0
Fraction of Detectors Cut From Jumps =  0.06231454005934718
Computing PSDs
Fitting PSDs
Fraction of Detectors cut in PSD analysis=  0.08011869436201781
57.52 Hz: 92 occurrences
35.41 Hz: 25 occurrences
37.46 Hz: 3 occurrences
Total Fraction of Detectors cut =  0.486646884272997
Replacing Data for 337 Detectors
Reading in the file
Reading in network 0 from file:  /work/toltec/commissioning2025-test/2025-C1-COM-05/jgolec/MACS0717.5+3745/reduced_TODs/redu01/152497/raw/toltec_commissioning_science_152497_rtc_timestream.nc
ndet = 464  nsamp = 25039
Sample rate =  122.0703125
Finished reading in the file
##########################################
Gain Cut Fraction =  0.10775862068965517
Offset Cut Fraction =  0.2521551724137931
RMS Cut Fraction =  0.3103448275862069
Fraction of Detectors cut by CM cuts =  0.40301724137931033
##########################################
Running Spike Finder
Number of TODs with spike counts greater than 10.0 times the median =  230
Fraction of TODs =  0.4956896551724138
Spike Finder finished
Running Despiker
Time to despike =  0.5816502571105957
Fraction of Detectors cut in despiking =  0.13577586206896552
Fraction of Detectors with an incidence >10.0 seconds =  0.07974137931034483
Running jump detector
starting jump iter 1 of 1
have filtered data, now searching for jumps
Median number of jumps =  0.0
Fraction of Detectors Cut From Jumps =  0.12284482758620689
Computing PSDs
Fitting PSDs
Fraction of Detectors cut in PSD analysis=  0.06465517241379311
30.50 Hz: 726 occurrences
29.27 Hz: 392 occurrences
58.34 Hz: 279 occurrences
23.54 Hz: 3 occurrences
Total Fraction of Detectors cut =  0.584051724137931
Replacing Data for 464 Detectors
Reading in the file
Reading in network 1 from file:  /work/toltec/commissioning2025-test/2025-C1-COM-05/jgolec/MACS0717.5+3745/reduced_TODs/redu01/152497/raw/toltec_commissioning_science_152497_rtc_timestream.nc
ndet = 348  nsamp = 25039
Sample rate =  122.0703125
Finished reading in the file
##########################################
Gain Cut Fraction =  0.13505747126436782
Offset Cut Fraction =  0.22988505747126436
RMS Cut Fraction =  0.23563218390804597
Fraction of Detectors cut by CM cuts =  0.34195402298850575
##########################################
Running Spike Finder
Number of TODs with spike counts greater than 10.0 times the median =  64
Fraction of TODs =  0.1839080459770115
Spike Finder finished
Running Despiker
Time to despike =  0.1364729404449463
Fraction of Detectors cut in despiking =  0.028735632183908046
Fraction of Detectors with an incidence >10.0 seconds =  0.014367816091954023
Running jump detector
starting jump iter 1 of 1
have filtered data, now searching for jumps
Median number of jumps =  0.0
Fraction of Detectors Cut From Jumps =  0.014367816091954023
Computing PSDs
Fitting PSDs
Fraction of Detectors cut in PSD analysis=  0.15517241379310345
30.50 Hz: 424 occurrences
58.75 Hz: 388 occurrences
Total Fraction of Detectors cut =  0.5258620689655172
Replacing Data for 348 Detectors
Reading in the file
Reading in network 2 from file:  /work/toltec/commissioning2025-test/2025-C1-COM-05/jgolec/MACS0717.5+3745/reduced_TODs/redu01/152497/raw/toltec_commissioning_science_152497_rtc_timestream.nc
ndet = 414  nsamp = 25039
Sample rate =  122.0703125
Finished reading in the file
##########################################
Gain Cut Fraction =  0.10628019323671498
Offset Cut Fraction =  0.18357487922705315
RMS Cut Fraction =  0.1956521739130435
Fraction of Detectors cut by CM cuts =  0.2560386473429952
##########################################
Running Spike Finder
Number of TODs with spike counts greater than 10.0 times the median =  127
Fraction of TODs =  0.30676328502415456
Spike Finder finished
Running Despiker
Time to despike =  0.39378952980041504
Fraction of Detectors cut in despiking =  0.028985507246376812
Fraction of Detectors with an incidence >10.0 seconds =  0.00966183574879227
Running jump detector
starting jump iter 1 of 1
have filtered data, now searching for jumps
Median number of jumps =  0.0
Fraction of Detectors Cut From Jumps =  0.0748792270531401
Computing PSDs
Fitting PSDs
Fraction of Detectors cut in PSD analysis=  0.10869565217391304
30.50 Hz: 416 occurrences
29.27 Hz: 168 occurrences
58.34 Hz: 4 occurrences
Total Fraction of Detectors cut =  0.5458937198067633
Replacing Data for 414 Detectors
Reading in the file
Reading in network 3 from file:  /work/toltec/commissioning2025-test/2025-C1-COM-05/jgolec/MACS0717.5+3745/reduced_TODs/redu01/152497/raw/toltec_commissioning_science_152497_rtc_timestream.nc
ndet = 380  nsamp = 25039
Sample rate =  122.0703125
Finished reading in the file
##########################################
Gain Cut Fraction =  0.1394736842105263
Offset Cut Fraction =  0.1736842105263158
RMS Cut Fraction =  0.1868421052631579
Fraction of Detectors cut by CM cuts =  0.28157894736842104
##########################################
Running Spike Finder
Number of TODs with spike counts greater than 10.0 times the median =  6
Fraction of TODs =  0.015789473684210527
Spike Finder finished
Running Despiker
Time to despike =  0.9142298698425293
Fraction of Detectors cut in despiking =  0.14736842105263157
Fraction of Detectors with an incidence >10.0 seconds =  0.02631578947368421
Running jump detector
starting jump iter 1 of 1
have filtered data, now searching for jumps
Median number of jumps =  0.0
Fraction of Detectors Cut From Jumps =  0.039473684210526314
Computing PSDs
Fitting PSDs
Fraction of Detectors cut in PSD analysis=  0.03684210526315789
30.50 Hz: 722 occurrences
29.27 Hz: 288 occurrences
58.75 Hz: 59 occurrences
32.96 Hz: 2 occurrences
46.88 Hz: 1 occurrences
Total Fraction of Detectors cut =  0.4105263157894737
Replacing Data for 380 Detectors
Reading in the file
Reading in network 4 from file:  /work/toltec/commissioning2025-test/2025-C1-COM-05/jgolec/MACS0717.5+3745/reduced_TODs/redu01/152497/raw/toltec_commissioning_science_152497_rtc_timestream.nc
ndet = 253  nsamp = 25039
Sample rate =  122.0703125
Finished reading in the file
##########################################
Gain Cut Fraction =  0.1225296442687747
Offset Cut Fraction =  0.18181818181818182
RMS Cut Fraction =  0.20948616600790515
Fraction of Detectors cut by CM cuts =  0.2845849802371542
##########################################
Running Spike Finder
Number of TODs with spike counts greater than 10.0 times the median =  14
Fraction of TODs =  0.05533596837944664
Spike Finder finished
Running Despiker
Time to despike =  0.725975751876831
Fraction of Detectors cut in despiking =  0.3201581027667984
Fraction of Detectors with an incidence >10.0 seconds =  0.1067193675889328
Running jump detector
starting jump iter 1 of 1
have filtered data, now searching for jumps
Median number of jumps =  0.0
Fraction of Detectors Cut From Jumps =  0.04743083003952569
Computing PSDs
Fitting PSDs
Fraction of Detectors cut in PSD analysis=  0.07509881422924901
30.50 Hz: 299 occurrences
29.27 Hz: 52 occurrences
Total Fraction of Detectors cut =  0.5335968379446641
Replacing Data for 253 Detectors
Reading in the file
Reading in network 5 from file:  /work/toltec/commissioning2025-test/2025-C1-COM-05/jgolec/MACS0717.5+3745/reduced_TODs/redu01/152497/raw/toltec_commissioning_science_152497_rtc_timestream.nc
ndet = 356  nsamp = 25039
Sample rate =  122.0703125
Finished reading in the file
##########################################
Gain Cut Fraction =  0.08707865168539326
Offset Cut Fraction =  0.1797752808988764
RMS Cut Fraction =  0.19662921348314608
Fraction of Detectors cut by CM cuts =  0.25
##########################################
Running Spike Finder
Number of TODs with spike counts greater than 10.0 times the median =  111
Fraction of TODs =  0.31179775280898875
Spike Finder finished
Running Despiker
Time to despike =  0.9101884365081787
Fraction of Detectors cut in despiking =  0.24157303370786518
Fraction of Detectors with an incidence >10.0 seconds =  0.05337078651685393
Running jump detector
starting jump iter 1 of 1
have filtered data, now searching for jumps
Median number of jumps =  0.0
Fraction of Detectors Cut From Jumps =  0.0449438202247191
Computing PSDs
Fitting PSDs
Fraction of Detectors cut in PSD analysis=  0.042134831460674156
30.50 Hz: 647 occurrences
Total Fraction of Detectors cut =  0.4297752808988764
Replacing Data for 356 Detectors
Reading in the file
Reading in network 6 from file:  /work/toltec/commissioning2025-test/2025-C1-COM-05/jgolec/MACS0717.5+3745/reduced_TODs/redu01/152497/raw/toltec_commissioning_science_152497_rtc_timestream.nc
ndet = 0  nsamp = 1
Sample rate =  122.0703125
Finished reading in the file
Reading in the file
Reading in network 7 from file:  /work/toltec/commissioning2025-test/2025-C1-COM-05/jgolec/MACS0717.5+3745/reduced_TODs/redu01/152497/raw/toltec_commissioning_science_152497_rtc_timestream.nc
ndet = 196  nsamp = 25039
Sample rate =  122.0703125
Finished reading in the file
##########################################
Gain Cut Fraction =  0.09183673469387756
Offset Cut Fraction =  0.12244897959183673
RMS Cut Fraction =  0.15306122448979592
Fraction of Detectors cut by CM cuts =  0.1989795918367347
##########################################
Running Spike Finder
Number of TODs with spike counts greater than 10.0 times the median =  29
Fraction of TODs =  0.14795918367346939
Spike Finder finished
Running Despiker
Time to despike =  0.6414783000946045
Fraction of Detectors cut in despiking =  0.29591836734693877
Fraction of Detectors with an incidence >10.0 seconds =  0.07653061224489796
Running jump detector
starting jump iter 1 of 1
have filtered data, now searching for jumps
Median number of jumps =  0.0
Fraction of Detectors Cut From Jumps =  0.01020408163265306
Computing PSDs
Fitting PSDs
Fraction of Detectors cut in PSD analysis=  0.10204081632653061
Total Fraction of Detectors cut =  0.4030612244897959
Replacing Data for 196 Detectors
Reading in the file
Reading in network 8 from file:  /work/toltec/commissioning2025-test/2025-C1-COM-05/jgolec/MACS0717.5+3745/reduced_TODs/redu01/152497/raw/toltec_commissioning_science_152497_rtc_timestream.nc
ndet = 345  nsamp = 25039
Sample rate =  122.0703125
Finished reading in the file
##########################################
Gain Cut Fraction =  0.1855072463768116
Offset Cut Fraction =  0.22318840579710145
RMS Cut Fraction =  0.24347826086956523
Fraction of Detectors cut by CM cuts =  0.3188405797101449
##########################################
Running Spike Finder
Number of TODs with spike counts greater than 10.0 times the median =  111
Fraction of TODs =  0.3217391304347826
Spike Finder finished
Running Despiker
Time to despike =  0.7035369873046875
Fraction of Detectors cut in despiking =  0.11884057971014493
Fraction of Detectors with an incidence >10.0 seconds =  0.002898550724637681
Running jump detector
starting jump iter 1 of 1
have filtered data, now searching for jumps
Median number of jumps =  0.0
Fraction of Detectors Cut From Jumps =  0.028985507246376812
Computing PSDs
Fitting PSDs
Fraction of Detectors cut in PSD analysis=  0.09855072463768116
29.27 Hz: 221 occurrences
17.40 Hz: 31 occurrences
41.14 Hz: 1 occurrences
58.34 Hz: 1 occurrences
28.04 Hz: 1 occurrences
Total Fraction of Detectors cut =  0.5710144927536231
Replacing Data for 345 Detectors
Reading in the file
Reading in network 9 from file:  /work/toltec/commissioning2025-test/2025-C1-COM-05/jgolec/MACS0717.5+3745/reduced_TODs/redu01/152497/raw/toltec_commissioning_science_152497_rtc_timestream.nc
ndet = 246  nsamp = 25039
Sample rate =  122.0703125
Finished reading in the file
##########################################
Gain Cut Fraction =  0.25609756097560976
Offset Cut Fraction =  0.24390243902439024
RMS Cut Fraction =  0.24796747967479674
Fraction of Detectors cut by CM cuts =  0.4065040650406504
##########################################
Running Spike Finder
Number of TODs with spike counts greater than 10.0 times the median =  23
Fraction of TODs =  0.09349593495934959
Spike Finder finished
Running Despiker
Time to despike =  0.6447067260742188
Fraction of Detectors cut in despiking =  0.1991869918699187
Fraction of Detectors with an incidence >10.0 seconds =  0.2682926829268293
Running jump detector
starting jump iter 1 of 1
have filtered data, now searching for jumps
Median number of jumps =  0.0
Fraction of Detectors Cut From Jumps =  0.12601626016260162
Computing PSDs
Fitting PSDs
Fraction of Detectors cut in PSD analysis=  0.08130081300813008
23.54 Hz: 1 occurrences
Total Fraction of Detectors cut =  0.5284552845528455
Replacing Data for 246 Detectors
Reading in the file
Reading in network 11 from file:  /work/toltec/commissioning2025-test/2025-C1-COM-05/jgolec/MACS0717.5+3745/reduced_TODs/redu01/152497/raw/toltec_commissioning_science_152497_rtc_timestream.nc
ndet = 352  nsamp = 25039
Sample rate =  122.0703125
Finished reading in the file
##########################################
Gain Cut Fraction =  0.17045454545454544
Offset Cut Fraction =  0.22727272727272727
RMS Cut Fraction =  0.2471590909090909
Fraction of Detectors cut by CM cuts =  0.32670454545454547
##########################################
Running Spike Finder
Number of TODs with spike counts greater than 10.0 times the median =  113
Fraction of TODs =  0.3210227272727273
Spike Finder finished
Running Despiker
Time to despike =  0.6789443492889404
Fraction of Detectors cut in despiking =  0.10511363636363637
Fraction of Detectors with an incidence >10.0 seconds =  0.04261363636363636
Running jump detector
starting jump iter 1 of 1
have filtered data, now searching for jumps
Median number of jumps =  0.0
Fraction of Detectors Cut From Jumps =  0.04261363636363636
Computing PSDs
Fitting PSDs
Fraction of Detectors cut in PSD analysis=  0.05113636363636364
57.52 Hz: 171 occurrences
13.71 Hz: 4 occurrences
29.27 Hz: 3 occurrences
14.53 Hz: 2 occurrences
46.88 Hz: 1 occurrences
Total Fraction of Detectors cut =  0.5255681818181818
Replacing Data for 352 Detectors
Reading in the file
Reading in network 12 from file:  /work/toltec/commissioning2025-test/2025-C1-COM-05/jgolec/MACS0717.5+3745/reduced_TODs/redu01/152497/raw/toltec_commissioning_science_152497_rtc_timestream.nc
ndet = 337  nsamp = 25039
Sample rate =  122.0703125
Finished reading in the file
##########################################
Gain Cut Fraction =  0.12759643916913946
Offset Cut Fraction =  0.18100890207715134
RMS Cut Fraction =  0.17804154302670624
Fraction of Detectors cut by CM cuts =  0.2551928783382789
##########################################
Running Spike Finder
Number of TODs with spike counts greater than 10.0 times the median =  51
Fraction of TODs =  0.1513353115727003
Spike Finder finished
Running Despiker
Time to despike =  0.585202693939209
Fraction of Detectors cut in despiking =  0.026706231454005934
Fraction of Detectors with an incidence >10.0 seconds =  0.32344213649851633
Running jump detector
starting jump iter 1 of 1
have filtered data, now searching for jumps
Median number of jumps =  0.0
Fraction of Detectors Cut From Jumps =  0.18694362017804153
Computing PSDs
Fitting PSDs
Fraction of Detectors cut in PSD analysis=  0.09198813056379822
18.63 Hz: 11 occurrences
35.00 Hz: 10 occurrences
57.52 Hz: 3 occurrences
51.79 Hz: 2 occurrences
Total Fraction of Detectors cut =  0.6379821958456974
Replacing Data for 337 Detectors
Reading in the file
Reading in network 0 from file:  /work/toltec/commissioning2025-test/2025-C1-COM-05/jgolec/MACS0717.5+3745/reduced_TODs/redu01/152499/raw/toltec_commissioning_science_152499_rtc_timestream.nc
ndet = 463  nsamp = 25039
Sample rate =  122.0703125
Finished reading in the file
##########################################
Gain Cut Fraction =  0.15766738660907129
Offset Cut Fraction =  0.20302375809935205
RMS Cut Fraction =  0.22462203023758098
Fraction of Detectors cut by CM cuts =  0.3347732181425486
##########################################
Running Spike Finder
Number of TODs with spike counts greater than 10.0 times the median =  187
Fraction of TODs =  0.4038876889848812
Spike Finder finished
Running Despiker
Time to despike =  0.3291292190551758
Fraction of Detectors cut in despiking =  0.056155507559395246
Fraction of Detectors with an incidence >10.0 seconds =  0.032397408207343416
Running jump detector
starting jump iter 1 of 1
have filtered data, now searching for jumps
Median number of jumps =  0.0
Fraction of Detectors Cut From Jumps =  0.01511879049676026
Computing PSDs
Fitting PSDs
Fraction of Detectors cut in PSD analysis=  0.032397408207343416
30.50 Hz: 396 occurrences
58.75 Hz: 359 occurrences
29.27 Hz: 55 occurrences
28.04 Hz: 1 occurrences
Total Fraction of Detectors cut =  0.5485961123110151
Replacing Data for 463 Detectors
Reading in the file
Reading in network 1 from file:  /work/toltec/commissioning2025-test/2025-C1-COM-05/jgolec/MACS0717.5+3745/reduced_TODs/redu01/152499/raw/toltec_commissioning_science_152499_rtc_timestream.nc
ndet = 349  nsamp = 25039
Sample rate =  122.0703125
Finished reading in the file
##########################################
Gain Cut Fraction =  0.1174785100286533
Offset Cut Fraction =  0.2492836676217765
RMS Cut Fraction =  0.2808022922636103
Fraction of Detectors cut by CM cuts =  0.37249283667621774
##########################################
Running Spike Finder
Number of TODs with spike counts greater than 10.0 times the median =  165
Fraction of TODs =  0.47277936962750716
Spike Finder finished
Running Despiker
Time to despike =  0.3411068916320801
Fraction of Detectors cut in despiking =  0.09169054441260745
Fraction of Detectors with an incidence >10.0 seconds =  0.06303724928366762
Running jump detector
starting jump iter 1 of 1
have filtered data, now searching for jumps
Median number of jumps =  0.0
Fraction of Detectors Cut From Jumps =  0.07736389684813753
Computing PSDs
Fitting PSDs
Fraction of Detectors cut in PSD analysis=  0.08022922636103152
58.75 Hz: 361 occurrences
30.50 Hz: 114 occurrences
23.54 Hz: 4 occurrences
Total Fraction of Detectors cut =  0.6275071633237822
Replacing Data for 349 Detectors
Reading in the file
Reading in network 2 from file:  /work/toltec/commissioning2025-test/2025-C1-COM-05/jgolec/MACS0717.5+3745/reduced_TODs/redu01/152499/raw/toltec_commissioning_science_152499_rtc_timestream.nc
ndet = 413  nsamp = 25039
Sample rate =  122.0703125
Finished reading in the file
##########################################
Gain Cut Fraction =  0.1234866828087167
Offset Cut Fraction =  0.19612590799031476
RMS Cut Fraction =  0.19612590799031476
Fraction of Detectors cut by CM cuts =  0.29539951573849876
##########################################
Running Spike Finder
Number of TODs with spike counts greater than 10.0 times the median =  18
Fraction of TODs =  0.043583535108958835
Spike Finder finished
Running Despiker
Time to despike =  0.6119654178619385
Fraction of Detectors cut in despiking =  0.12106537530266344
Fraction of Detectors with an incidence >10.0 seconds =  0.05569007263922518
Running jump detector
starting jump iter 1 of 1
have filtered data, now searching for jumps
Median number of jumps =  0.0
Fraction of Detectors Cut From Jumps =  0.05084745762711865
Computing PSDs
Fitting PSDs
Fraction of Detectors cut in PSD analysis=  0.05811138014527845
30.50 Hz: 139 occurrences
Total Fraction of Detectors cut =  0.3801452784503632
Replacing Data for 413 Detectors
Reading in the file
Reading in network 3 from file:  /work/toltec/commissioning2025-test/2025-C1-COM-05/jgolec/MACS0717.5+3745/reduced_TODs/redu01/152499/raw/toltec_commissioning_science_152499_rtc_timestream.nc
ndet = 383  nsamp = 25039
Sample rate =  122.0703125
Finished reading in the file
##########################################
Gain Cut Fraction =  0.09399477806788512
Offset Cut Fraction =  0.1514360313315927
RMS Cut Fraction =  0.1514360313315927
Fraction of Detectors cut by CM cuts =  0.2245430809399478
##########################################
Running Spike Finder
Number of TODs with spike counts greater than 10.0 times the median =  4
Fraction of TODs =  0.010443864229765013
Spike Finder finished
Running Despiker
Time to despike =  0.943732738494873
Fraction of Detectors cut in despiking =  0.07049608355091384
Fraction of Detectors with an incidence >10.0 seconds =  0.04960835509138381
Running jump detector
starting jump iter 1 of 1
have filtered data, now searching for jumps
Median number of jumps =  0.0
Fraction of Detectors Cut From Jumps =  0.031331592689295036
Computing PSDs
Fitting PSDs
Fraction of Detectors cut in PSD analysis=  0.04177545691906005
30.50 Hz: 303 occurrences
29.27 Hz: 19 occurrences
37.46 Hz: 3 occurrences
42.78 Hz: 2 occurrences
41.55 Hz: 2 occurrences
Total Fraction of Detectors cut =  0.3263707571801567
Replacing Data for 383 Detectors
Reading in the file
Reading in network 4 from file:  /work/toltec/commissioning2025-test/2025-C1-COM-05/jgolec/MACS0717.5+3745/reduced_TODs/redu01/152499/raw/toltec_commissioning_science_152499_rtc_timestream.nc
ndet = 254  nsamp = 25039
Sample rate =  122.0703125
Finished reading in the file
##########################################
Gain Cut Fraction =  0.0984251968503937
Offset Cut Fraction =  0.20078740157480315
RMS Cut Fraction =  0.2204724409448819
Fraction of Detectors cut by CM cuts =  0.2952755905511811
##########################################
Running Spike Finder
Number of TODs with spike counts greater than 10.0 times the median =  16
Fraction of TODs =  0.06299212598425197
Spike Finder finished
Running Despiker
Time to despike =  0.8253118991851807
Fraction of Detectors cut in despiking =  0.22440944881889763
Fraction of Detectors with an incidence >10.0 seconds =  0.1220472440944882
Running jump detector
starting jump iter 1 of 1
have filtered data, now searching for jumps
Median number of jumps =  0.0
Fraction of Detectors Cut From Jumps =  0.051181102362204724
Computing PSDs
Fitting PSDs
Fraction of Detectors cut in PSD analysis=  0.051181102362204724
30.50 Hz: 73 occurrences
46.47 Hz: 2 occurrences
Total Fraction of Detectors cut =  0.39763779527559057
Replacing Data for 254 Detectors
Reading in the file
Reading in network 5 from file:  /work/toltec/commissioning2025-test/2025-C1-COM-05/jgolec/MACS0717.5+3745/reduced_TODs/redu01/152499/raw/toltec_commissioning_science_152499_rtc_timestream.nc
ndet = 361  nsamp = 25039
Sample rate =  122.0703125
Finished reading in the file
##########################################
Gain Cut Fraction =  0.08033240997229917
Offset Cut Fraction =  0.13573407202216067
RMS Cut Fraction =  0.23822714681440443
Fraction of Detectors cut by CM cuts =  0.31024930747922436
##########################################
Running Spike Finder
Number of TODs with spike counts greater than 10.0 times the median =  28
Fraction of TODs =  0.07756232686980609
Spike Finder finished
Running Despiker
Time to despike =  1.1630547046661377
Fraction of Detectors cut in despiking =  0.3296398891966759
Fraction of Detectors with an incidence >10.0 seconds =  0.19390581717451524
Running jump detector
starting jump iter 1 of 1
have filtered data, now searching for jumps
Median number of jumps =  0.0
Fraction of Detectors Cut From Jumps =  0.13573407202216067
Computing PSDs
Fitting PSDs
Fraction of Detectors cut in PSD analysis=  0.019390581717451522
30.50 Hz: 380 occurrences
41.96 Hz: 4 occurrences
37.46 Hz: 3 occurrences
46.88 Hz: 2 occurrences
42.78 Hz: 1 occurrences
Total Fraction of Detectors cut =  0.48753462603878117
Replacing Data for 361 Detectors
Reading in the file
Reading in network 6 from file:  /work/toltec/commissioning2025-test/2025-C1-COM-05/jgolec/MACS0717.5+3745/reduced_TODs/redu01/152499/raw/toltec_commissioning_science_152499_rtc_timestream.nc
ndet = 0  nsamp = 1
Sample rate =  122.0703125
Finished reading in the file
Reading in the file
Reading in network 7 from file:  /work/toltec/commissioning2025-test/2025-C1-COM-05/jgolec/MACS0717.5+3745/reduced_TODs/redu01/152499/raw/toltec_commissioning_science_152499_rtc_timestream.nc
ndet = 195  nsamp = 25039
Sample rate =  122.0703125
Finished reading in the file
##########################################
Gain Cut Fraction =  0.07692307692307693
Offset Cut Fraction =  0.12307692307692308
RMS Cut Fraction =  0.18461538461538463
Fraction of Detectors cut by CM cuts =  0.22564102564102564
##########################################
Running Spike Finder
Number of TODs with spike counts greater than 10.0 times the median =  7
Fraction of TODs =  0.035897435897435895
Spike Finder finished
Running Despiker
Time to despike =  0.6589622497558594
Fraction of Detectors cut in despiking =  0.10256410256410256
Fraction of Detectors with an incidence >10.0 seconds =  0.05641025641025641
Running jump detector
starting jump iter 1 of 1
have filtered data, now searching for jumps
Median number of jumps =  0.0
Fraction of Detectors Cut From Jumps =  0.020512820512820513
Computing PSDs
Fitting PSDs
Fraction of Detectors cut in PSD analysis=  0.08205128205128205
55.88 Hz: 1 occurrences
29.27 Hz: 1 occurrences
Total Fraction of Detectors cut =  0.29743589743589743
Replacing Data for 195 Detectors
Reading in the file
Reading in network 8 from file:  /work/toltec/commissioning2025-test/2025-C1-COM-05/jgolec/MACS0717.5+3745/reduced_TODs/redu01/152499/raw/toltec_commissioning_science_152499_rtc_timestream.nc
ndet = 328  nsamp = 25039
Sample rate =  122.0703125
Finished reading in the file
##########################################
Gain Cut Fraction =  0.13109756097560976
Offset Cut Fraction =  0.06402439024390244
RMS Cut Fraction =  0.17073170731707318
Fraction of Detectors cut by CM cuts =  0.24085365853658536
##########################################
Running Spike Finder
Number of TODs with spike counts greater than 10.0 times the median =  7
Fraction of TODs =  0.021341463414634148
Spike Finder finished
Running Despiker
Time to despike =  0.7069597244262695
Fraction of Detectors cut in despiking =  0.0701219512195122
Fraction of Detectors with an incidence >10.0 seconds =  0.009146341463414634
Running jump detector
starting jump iter 1 of 1
have filtered data, now searching for jumps
Median number of jumps =  0.0
Fraction of Detectors Cut From Jumps =  0.1524390243902439
Computing PSDs
Fitting PSDs
Fraction of Detectors cut in PSD analysis=  0.057926829268292686
29.27 Hz: 215 occurrences
23.54 Hz: 1 occurrences
Total Fraction of Detectors cut =  0.42378048780487804
Replacing Data for 328 Detectors
Reading in the file
Reading in network 9 from file:  /work/toltec/commissioning2025-test/2025-C1-COM-05/jgolec/MACS0717.5+3745/reduced_TODs/redu01/152499/raw/toltec_commissioning_science_152499_rtc_timestream.nc
ndet = 241  nsamp = 25039
Sample rate =  122.0703125
Finished reading in the file
##########################################
Gain Cut Fraction =  0.22406639004149378
Offset Cut Fraction =  0.2033195020746888
RMS Cut Fraction =  0.1950207468879668
Fraction of Detectors cut by CM cuts =  0.3983402489626556
##########################################
Running Spike Finder
Number of TODs with spike counts greater than 10.0 times the median =  43
Fraction of TODs =  0.17842323651452283
Spike Finder finished
Running Despiker
Time to despike =  0.7467803955078125
Fraction of Detectors cut in despiking =  0.23651452282157676
Fraction of Detectors with an incidence >10.0 seconds =  0.24896265560165975
Running jump detector
starting jump iter 1 of 1
have filtered data, now searching for jumps
Median number of jumps =  0.0
Fraction of Detectors Cut From Jumps =  0.13278008298755187
Computing PSDs
Fitting PSDs
Fraction of Detectors cut in PSD analysis=  0.029045643153526972
Total Fraction of Detectors cut =  0.6099585062240664
Replacing Data for 241 Detectors
Reading in the file
Reading in network 11 from file:  /work/toltec/commissioning2025-test/2025-C1-COM-05/jgolec/MACS0717.5+3745/reduced_TODs/redu01/152499/raw/toltec_commissioning_science_152499_rtc_timestream.nc
ndet = 351  nsamp = 25039
Sample rate =  122.0703125
Finished reading in the file
##########################################
Gain Cut Fraction =  0.20512820512820512
Offset Cut Fraction =  0.22792022792022792
RMS Cut Fraction =  0.22507122507122507
Fraction of Detectors cut by CM cuts =  0.32763532763532766
##########################################
Running Spike Finder
Number of TODs with spike counts greater than 10.0 times the median =  35
Fraction of TODs =  0.09971509971509972
Spike Finder finished
Running Despiker
Time to despike =  0.7913804054260254
Fraction of Detectors cut in despiking =  0.07407407407407407
Fraction of Detectors with an incidence >10.0 seconds =  0.02849002849002849
Running jump detector
starting jump iter 1 of 1
have filtered data, now searching for jumps
Median number of jumps =  0.0
Fraction of Detectors Cut From Jumps =  0.08262108262108261
Computing PSDs
Fitting PSDs
Fraction of Detectors cut in PSD analysis=  0.05982905982905983
57.52 Hz: 109 occurrences
29.27 Hz: 6 occurrences
23.95 Hz: 2 occurrences
14.12 Hz: 2 occurrences
Total Fraction of Detectors cut =  0.358974358974359
Replacing Data for 351 Detectors
Reading in the file
Reading in network 12 from file:  /work/toltec/commissioning2025-test/2025-C1-COM-05/jgolec/MACS0717.5+3745/reduced_TODs/redu01/152499/raw/toltec_commissioning_science_152499_rtc_timestream.nc
ndet = 337  nsamp = 25039
Sample rate =  122.0703125
Finished reading in the file
##########################################
Gain Cut Fraction =  0.0771513353115727
Offset Cut Fraction =  0.18991097922848665
RMS Cut Fraction =  0.20771513353115728
Fraction of Detectors cut by CM cuts =  0.2314540059347181
##########################################
Running Spike Finder
Number of TODs with spike counts greater than 10.0 times the median =  5
Fraction of TODs =  0.01483679525222552
Spike Finder finished
Running Despiker
Time to despike =  1.9692738056182861
Fraction of Detectors cut in despiking =  0.0
Fraction of Detectors with an incidence >10.0 seconds =  0.7240356083086054
Running jump detector
starting jump iter 1 of 1
have filtered data, now searching for jumps
Median number of jumps =  0.0
Fraction of Detectors Cut From Jumps =  0.142433234421365
Computing PSDs
Fitting PSDs
Fraction of Detectors cut in PSD analysis=  0.06231454005934718
57.52 Hz: 41 occurrences
22.72 Hz: 13 occurrences
23.54 Hz: 10 occurrences
37.46 Hz: 9 occurrences
35.00 Hz: 1 occurrences
Total Fraction of Detectors cut =  0.9109792284866469
Replacing Data for 337 Detectors
Total Time =  25.043983059922855  Hours
